Address,Suburb,State,Postcode,PoolAgeYearsMin,PoolBuiltBefore,LeadScore
2 CECIL ROAD ROSE BAY,ROSE BAY,NSW,2029,40,1986,94.6
7 KARDINIA ROAD MOSMAN,MOSMAN,NSW,2088,40,1986,94.6
6 THE BOULEVARD CHELTENHAM,CHELTENHAM,NSW,2119,40,1986,94.6
15 LITTLE WILLANDRA ROAD CROMER,CROMER,NSW,2099,40,1986,94.6
19 WELHAM STREET BEECROFT,BEECROFT,NSW,2119,40,1986,94.4
13 RANGERS RETREAT ROAD FRENCHS FOREST,FRENCHS FOREST,NSW,2086,40,1986,94.4
49 WRIGHT STREET GLENBROOK,GLENBROOK,NSW,2773,40,1986,94.2
17 ALLIANCE AVENUE REVESBY,REVESBY,NSW,2212,40,1986,94.0
77 QUEEN STREET REVESBY,REVESBY,NSW,2212,40,1986,94.0
34-40 SPENCER STREET ROSE BAY,ROSE BAY,NSW,2029,40,1986,93.3
188B BEECROFT ROAD CHELTENHAM,CHELTENHAM,NSW,2119,40,1986,93.3
87 WENTWORTH ROAD VAUCLUSE,VAUCLUSE,NSW,2030,40,1986,93.1
8 MURRAY ROAD BEECROFT,BEECROFT,NSW,2119,40,1986,92.6
45 GOWLLAND PARADE PANANIA,PANANIA,NSW,2213,40,1986,92.5
877 NEW SOUTH HEAD ROAD ROSE BAY,ROSE BAY,NSW,2029,40,1986,92.5
11 FERNLEIGH AVENUE ROSE BAY,ROSE BAY,NSW,2029,40,1986,92.5
10 CLARENCE PLACE DOUBLE BAY,DOUBLE BAY,NSW,2028,40,1986,92.5
12 STREATFIELD ROAD BELLEVUE HILL,BELLEVUE HILL,NSW,2023,40,1986,92.5
15 MYNAH CLOSE ST CLAIR,ST CLAIR,NSW,2759,40,1986,92.5
9 RUSSELL STREET VAUCLUSE,VAUCLUSE,NSW,2030,40,1986,92.5
14 REIBY DRIVE BAULKHAM HILLS,BAULKHAM HILLS,NSW,2153,40,1986,92.5
89 ARCADIA STREET PENSHURST,PENSHURST,NSW,2222,40,1986,92.2
42-43 NEW BEACH ROAD DARLING POINT,DARLING POINT,NSW,2027,40,1986,92.2
19 FITZWILLIAM ROAD VAUCLUSE,VAUCLUSE,NSW,2030,40,1986,92.2
48 RICKARD AVENUE MOSMAN,MOSMAN,NSW,2088,40,1986,92.2
9 PRINCES PROMENADE SEAFORTH,SEAFORTH,NSW,2092,40,1986,92.2
9 LENNOX STREET MOSMAN,MOSMAN,NSW,2088,40,1986,92.2
26 MORELLA ROAD MOSMAN,MOSMAN,NSW,2088,40,1986,92.2
39 BRADLEYS HEAD ROAD MOSMAN,MOSMAN,NSW,2088,40,1986,92.2
11 KIPPARA ROAD DOVER HEIGHTS,DOVER HEIGHTS,NSW,2030,40,1986,92.2
13 KIPPARA ROAD DOVER HEIGHTS,DOVER HEIGHTS,NSW,2030,40,1986,92.2
86-88 LETHBRIDGE STREET PENRITH,PENRITH,NSW,2750,40,1986,92.2
32 OLIVET STREET GLENBROOK,GLENBROOK,NSW,2773,40,1986,92.2
166 BEECROFT ROAD CHELTENHAM,CHELTENHAM,NSW,2119,40,1986,92.2
16 THE BOULEVARD CHELTENHAM,CHELTENHAM,NSW,2119,40,1986,92.2
3 THE BOULEVARD CHELTENHAM,CHELTENHAM,NSW,2119,40,1986,92.2
28 SUTHERLAND ROAD CHELTENHAM,CHELTENHAM,NSW,2119,40,1986,92.2
138A BEECROFT ROAD BEECROFT,BEECROFT,NSW,2119,40,1986,92.2
37 CHELTENHAM ROAD CHELTENHAM,CHELTENHAM,NSW,2119,40,1986,92.2
32 KALIMNA DRIVE BAULKHAM HILLS,BAULKHAM HILLS,NSW,2153,40,1986,92.2
439 WINDSOR ROAD BAULKHAM HILLS,BAULKHAM HILLS,NSW,2153,40,1986,92.2
78 CASTLEWOOD DRIVE CASTLE HILL,CASTLE HILL,NSW,2154,40,1986,92.2
71 GEORGE MOBBS DRIVE CASTLE HILL,CASTLE HILL,NSW,2154,40,1986,92.2
85 CRANE ROAD CASTLE HILL,CASTLE HILL,NSW,2154,40,1986,92.2
3 BLUE CRANE CLOSE WEST PENNANT HILLS,WEST PENNANT HILLS,NSW,2125,40,1986,92.2
8/174 OLD NORTHERN ROAD CASTLE HILL,CASTLE HILL,NSW,2154,40,1986,92.2
25 BRUSHFORD AVENUE CASTLE HILL,CASTLE HILL,NSW,2154,40,1986,92.2
29 FERGUSON AVENUE CASTLE HILL,CASTLE HILL,NSW,2154,40,1986,92.2
13 CYNTHIA AVENUE CASTLE HILL,CASTLE HILL,NSW,2154,40,1986,92.2
155A OLD NORTHERN ROAD CASTLE HILL,CASTLE HILL,NSW,2154,40,1986,92.2
11 MUNRO STREET BAULKHAM HILLS,BAULKHAM HILLS,NSW,2153,40,1986,92.2
37 MAYBROOK AVENUE CROMER,CROMER,NSW,2099,40,1986,92.2
67 GROVER AVENUE CROMER,CROMER,NSW,2099,40,1986,92.2
39 GROVER AVENUE CROMER,CROMER,NSW,2099,40,1986,92.2
23 MURRAY ROAD BEECROFT,BEECROFT,NSW,2119,40,1986,92.0
198D COPELAND ROAD BEECROFT,BEECROFT,NSW,2119,40,1986,92.0
276-286 MALTON ROAD NORTH EPPING,NORTH EPPING,NSW,2121,40,1986,91.9
11 MURRAY ROAD BEECROFT,BEECROFT,NSW,2119,40,1986,91.9
16 MARTIN STREET EMU PLAINS,EMU PLAINS,NSW,2750,40,1986,91.7
2/26B MARCELLA STREET NORTH EPPING,NORTH EPPING,NSW,2121,40,1986,91.7
6 GERALDINE AVENUE BAULKHAM HILLS,BAULKHAM HILLS,NSW,2153,40,1986,91.7
48 EARL STREET BEACON HILL,BEACON HILL,NSW,2100,40,1986,91.6
3 BRISBANE PLACE CROMER,CROMER,NSW,2099,40,1986,91.6
28 BOWEN AVENUE SOUTH TURRAMURRA,SOUTH TURRAMURRA,NSW,2074,40,1986,91.5
8A PRINCE ALFRED PARADE NEWPORT,NEWPORT,NSW,2106,40,1986,91.5
249B MALTON ROAD NORTH EPPING,NORTH EPPING,NSW,2121,40,1986,91.4
50 HARDY STREET DOVER HEIGHTS,DOVER HEIGHTS,NSW,2030,40,1986,91.3
39 BARLOW STREET CAMBRIDGE PARK,CAMBRIDGE PARK,NSW,2747,40,1986,91.1
41 BELINDA CRESCENT NORTH EPPING,NORTH EPPING,NSW,2121,40,1986,91.1
11 DAPHNE AVENUE CASTLE HILL,CASTLE HILL,NSW,2154,40,1986,91.1
56 WASHINGTON AVENUE CROMER,CROMER,NSW,2099,40,1986,91.1
18 GEELONG ROAD CROMER,CROMER,NSW,2099,40,1986,91.0
40 YODALLA AVENUE EMU PLAINS,EMU PLAINS,NSW,2750,40,1986,90.8
15 GLENFERN CLOSE WEST PENNANT HILLS,WEST PENNANT HILLS,NSW,2125,40,1986,90.8
37 ARNDILL AVENUE BAULKHAM HILLS,BAULKHAM HILLS,NSW,2153,40,1986,90.8
35 HIGHS ROAD WEST PENNANT HILLS,WEST PENNANT HILLS,NSW,2125,40,1986,90.8
64 ROSS CRESCENT BLAXLAND,BLAXLAND,NSW,2774,40,1986,90.8
130 BOUNDARY ROAD NORTH EPPING,NORTH EPPING,NSW,2121,40,1986,90.6
54 CAMBEWARRA AVENUE CASTLE HILL,CASTLE HILL,NSW,2154,40,1986,90.6
18 BRUNETTE DRIVE CASTLE HILL,CASTLE HILL,NSW,2154,40,1986,90.6
37 PIONEER PLACE CASTLE HILL,CASTLE HILL,NSW,2154,40,1986,90.6
5 DYMPNA STREET CROMER,CROMER,NSW,2099,40,1986,90.6
10 PARK AVENUE GORDON,GORDON,NSW,2072,40,1986,90.6
11 PHILIP ROAD MONA VALE,MONA VALE,NSW,2103,40,1986,90.6
9 BLIGHS ROAD CROMER,CROMER,NSW,2099,40,1986,90.5
36 CURTIN CRESCENT MAROUBRA,MAROUBRA,NSW,2035,40,1986,90.4
1/855 NEW SOUTH HEAD ROAD ROSE BAY,ROSE BAY,NSW,2029,40,1986,90.4
143 AIKEN ROAD WEST PENNANT HILLS,WEST PENNANT HILLS,NSW,2125,40,1986,90.4
198 COPELAND ROAD BEECROFT,BEECROFT,NSW,2119,40,1986,90.4
5 SHERWIN AVENUE CASTLE HILL,CASTLE HILL,NSW,2154,40,1986,90.4
9 DAY ROAD CHELTENHAM,CHELTENHAM,NSW,2119,40,1986,90.2
12 GREENVALE PLACE CASTLE HILL,CASTLE HILL,NSW,2154,40,1986,90.2
10 FITZROY ROAD CROMER,CROMER,NSW,2099,40,1986,90.2
53 STANLEY STREET PEAKHURST,PEAKHURST,NSW,2210,40,1986,90.1
83 ELY STREET REVESBY,REVESBY,NSW,2212,40,1986,90.1
19 GLENVIEW AVENUE REVESBY,REVESBY,NSW,2212,40,1986,90.1
24 DICKENSON STREET PANANIA,PANANIA,NSW,2213,40,1986,90.1
1 SYDNEY STREET PANANIA,PANANIA,NSW,2213,40,1986,90.1
220R MALABAR ROAD SOUTH COOGEE,SOUTH COOGEE,NSW,2034,40,1986,90.1
100 VICTORIA STREET ASHFIELD,ASHFIELD,NSW,2131,40,1986,90.1
60-62 ALT STREET ASHFIELD,ASHFIELD,NSW,2131,40,1986,90.1
56 ORPINGTON STREET ASHFIELD,ASHFIELD,NSW,2131,40,1986,90.1
26-28 CLYDE STREET CROYDON PARK,CROYDON PARK,NSW,2133,40,1986,90.1
2A DUMARESQ ROAD ROSE BAY,ROSE BAY,NSW,2029,40,1986,90.1
788 NEW SOUTH HEAD ROAD ROSE BAY,ROSE BAY,NSW,2029,40,1986,90.1
29 DUDLEY ROAD ROSE BAY,ROSE BAY,NSW,2029,40,1986,90.1
839 NEW SOUTH HEAD ROAD ROSE BAY,ROSE BAY,NSW,2029,40,1986,90.1
1/4 DUMARESQ ROAD ROSE BAY,ROSE BAY,NSW,2029,40,1986,90.1
29 NAPIER STREET DOVER HEIGHTS,DOVER HEIGHTS,NSW,2030,40,1986,90.1
46 CRANBROOK ROAD BELLEVUE HILL,BELLEVUE HILL,NSW,2023,40,1986,90.1
17 NEW SOUTH HEAD ROAD VAUCLUSE,VAUCLUSE,NSW,2030,40,1986,90.1
30 LIVERPOOL STREET ROSE BAY,ROSE BAY,NSW,2029,40,1986,90.1
26 KARDINIA ROAD MOSMAN,MOSMAN,NSW,2088,40,1986,90.1
18A BRADLEYS HEAD ROAD MOSMAN,MOSMAN,NSW,2088,40,1986,90.1
35 KARDINIA ROAD MOSMAN,MOSMAN,NSW,2088,40,1986,90.1
8A DAVID STREET MOSMAN,MOSMAN,NSW,2088,40,1986,90.1
13 DAVID STREET MOSMAN,MOSMAN,NSW,2088,40,1986,90.1
7 OLDFIELD COURT ST CLAIR,ST CLAIR,NSW,2759,40,1986,90.1
19 SEAFORTH CRESCENT SEAFORTH,SEAFORTH,NSW,2092,40,1986,90.1
20 MIDDLE HEAD ROAD MOSMAN,MOSMAN,NSW,2088,40,1986,90.1
46 HARDY STREET DOVER HEIGHTS,DOVER HEIGHTS,NSW,2030,40,1986,90.1
15 RAWSON AVENUE PENRITH,PENRITH,NSW,2750,40,1986,90.1
25 LINKSVIEW AVENUE LEONAY,LEONAY,NSW,2750,40,1986,90.1
217A BEECROFT ROAD CHELTENHAM,CHELTENHAM,NSW,2119,40,1986,90.1
2/39 HANOVER AVENUE NORTH EPPING,NORTH EPPING,NSW,2121,40,1986,90.1
10-12 THE BOULEVARD CHELTENHAM,CHELTENHAM,NSW,2119,40,1986,90.1
41 CHELTENHAM ROAD CHELTENHAM,CHELTENHAM,NSW,2119,40,1986,90.1
297 MALTON ROAD NORTH EPPING,NORTH EPPING,NSW,2121,40,1986,90.1
338 MALTON ROAD NORTH EPPING,NORTH EPPING,NSW,2121,40,1986,90.1
2/39A BORONIA AVENUE CHELTENHAM,CHELTENHAM,NSW,2119,40,1986,90.1
12 STONE COTTAGE COURT CASTLE HILL,CASTLE HILL,NSW,2154,40,1986,90.1
34 NARELLE AVENUE CASTLE HILL,CASTLE HILL,NSW,2154,40,1986,90.1
35 DRAYTON AVENUE CASTLE HILL,CASTLE HILL,NSW,2154,40,1986,90.1
13 MELALEUCA CLOSE CASTLE HILL,CASTLE HILL,NSW,2154,40,1986,90.1
36 JAMIESON AVENUE BAULKHAM HILLS,BAULKHAM HILLS,NSW,2153,40,1986,90.1
28 BRUSHFORD AVENUE CASTLE HILL,CASTLE HILL,NSW,2154,40,1986,90.1
47 BRUNETTE DRIVE CASTLE HILL,CASTLE HILL,NSW,2154,40,1986,90.1
14 OXLEY AVENUE CASTLE HILL,CASTLE HILL,NSW,2154,40,1986,90.1
7 HAMBLEDON AVENUE BAULKHAM HILLS,BAULKHAM HILLS,NSW,2153,40,1986,90.1
194A EXCELSIOR AVENUE CASTLE HILL,CASTLE HILL,NSW,2154,40,1986,90.1
8 GIRRALONG AVENUE BAULKHAM HILLS,BAULKHAM HILLS,NSW,2153,40,1986,90.1
458 WINDSOR ROAD BAULKHAM HILLS,BAULKHAM HILLS,NSW,2153,40,1986,90.1
58 HILDA ROAD BAULKHAM HILLS,BAULKHAM HILLS,NSW,2153,40,1986,90.1
2 JERSEY PLACE CROMER,CROMER,NSW,2099,40,1986,90.1
13 DOROTHY STREET CROMER,CROMER,NSW,2099,40,1986,90.1
29 CARRINGTON AVENUE CROMER,CROMER,NSW,2099,40,1986,90.1
75 BARRIE STREET EAST KILLARA,EAST KILLARA,NSW,2071,40,1986,90.1
18 WOODRIDGE AVENUE NORTH EPPING,NORTH EPPING,NSW,2121,40,1986,90.1
118 CRESCENT ROAD NEWPORT,NEWPORT,NSW,2106,40,1986,90.1
42 BULKARA ROAD BELLEVUE HILL,BELLEVUE HILL,NSW,2023,40,1986,89.9
1 COLLINS CRESCENT LAPSTONE,LAPSTONE,NSW,2773,40,1986,89.9
227 MALTON ROAD NORTH EPPING,NORTH EPPING,NSW,2121,40,1986,89.9
212 EXCELSIOR AVENUE CASTLE HILL,CASTLE HILL,NSW,2154,40,1986,89.9
7 PATRICK AVENUE CASTLE HILL,CASTLE HILL,NSW,2154,40,1986,89.9
5 ST JAMES AVENUE BAULKHAM HILLS,BAULKHAM HILLS,NSW,2153,40,1986,89.9
204 SOUTH CREEK ROAD WHEELER HEIGHTS,WHEELER HEIGHTS,NSW,2097,40,1986,89.9
47 THE CRESCENT VAUCLUSE,VAUCLUSE,NSW,2030,40,1986,89.8
204A BEECROFT ROAD CHELTENHAM,CHELTENHAM,NSW,2119,40,1986,89.8
12A MELIA COURT CASTLE HILL,CASTLE HILL,NSW,2154,40,1986,89.8
4 WAREKILA ROAD BEACON HILL,BEACON HILL,NSW,2100,40,1986,89.8
108 ANZAC AVENUE COLLAROY,COLLAROY,NSW,2097,40,1986,89.8
24 GILMORE AVENUE COLLAROY PLATEAU,COLLAROY PLATEAU,NSW,2097,40,1986,89.8
42 PARER STREET MAROUBRA,MAROUBRA,NSW,2035,40,1986,89.7
16 FLORENCE STREET STRATHFIELD,STRATHFIELD,NSW,2135,40,1986,89.7
3 BROOK ROAD GLENBROOK,GLENBROOK,NSW,2773,40,1986,89.7
22 COBRAN ROAD CHELTENHAM,CHELTENHAM,NSW,2119,40,1986,89.7
150A BEECROFT ROAD CHELTENHAM,CHELTENHAM,NSW,2119,40,1986,89.7
38 CAMBEWARRA AVENUE CASTLE HILL,CASTLE HILL,NSW,2154,40,1986,89.7
16 WILLANDRA ROAD BEACON HILL,BEACON HILL,NSW,2100,40,1986,89.7
34 LEICESTER WAY ST CLAIR,ST CLAIR,NSW,2759,40,1986,89.6
44 SPRING STREET BEECROFT,BEECROFT,NSW,2119,35,1991,89.6
1 SWAN PLACE PENNANT HILLS,PENNANT HILLS,NSW,2120,35,1991,89.6
52 WESSON ROAD WEST PENNANT HILLS,WEST PENNANT HILLS,NSW,2125,35,1991,89.6
19 MUNRO STREET BAULKHAM HILLS,BAULKHAM HILLS,NSW,2153,40,1986,89.6
332A OLD NORTHERN ROAD CASTLE HILL,CASTLE HILL,NSW,2154,35,1991,89.6
8 CHALMERS AVENUE BEACON HILL,BEACON HILL,NSW,2100,40,1986,89.6
33 WILLIS AVENUE ST IVES,ST IVES,NSW,2075,35,1991,89.6
14 ESK STREET NORTH WAHROONGA,NORTH WAHROONGA,NSW,2076,35,1991,89.6
7 CLWYDON PLACE WAHROONGA,WAHROONGA,NSW,2076,35,1991,89.6
16 WATER STREET WAHROONGA,WAHROONGA,NSW,2076,35,1991,89.6
53A HERBERT AVENUE NEWPORT,NEWPORT,NSW,2106,35,1991,89.6
159-171 ANZAC PARADE KENSINGTON,KENSINGTON,NSW,2033,40,1986,89.5
7 BAROSSA CLOSE ST CLAIR,ST CLAIR,NSW,2759,40,1986,89.5
12 MASON AVENUE CHELTENHAM,CHELTENHAM,NSW,2119,40,1986,89.5
15 PALACE ROAD BAULKHAM HILLS,BAULKHAM HILLS,NSW,2153,40,1986,89.5
23 FITZROY ROAD CROMER,CROMER,NSW,2099,40,1986,89.5
46 BLIGHS ROAD CROMER,CROMER,NSW,2099,40,1986,89.5
3B HIGGS STREET COOGEE,COOGEE,NSW,2034,40,1986,89.4
12 GILLIVER AVENUE VAUCLUSE,VAUCLUSE,NSW,2030,40,1986,89.4
22 WOODHILL STREET CASTLE HILL,CASTLE HILL,NSW,2154,40,1986,89.4
28 HANOVER AVENUE NORTH EPPING,NORTH EPPING,NSW,2121,40,1986,89.3
39 MARY STREET BEACON HILL,BEACON HILL,NSW,2100,40,1986,89.3
34 GROVER AVENUE CROMER,CROMER,NSW,2099,40,1986,89.3
32 CLEVELAND AVENUE CROMER,CROMER,NSW,2099,40,1986,89.3
23 HAREFIELD CLOSE NORTH EPPING,NORTH EPPING,NSW,2121,40,1986,89.3
42 ILUKA AVENUE ELANORA HEIGHTS,ELANORA HEIGHTS,NSW,2101,40,1986,89.3
591-599R MALABAR ROAD MAROUBRA,MAROUBRA,NSW,2035,40,1986,89.2
218 MALABAR ROAD SOUTH COOGEE,SOUTH COOGEE,NSW,2034,40,1986,89.2
596D NEW SOUTH HEAD ROAD ROSE BAY,ROSE BAY,NSW,2029,40,1986,89.2
35 DRUMALBYN ROAD BELLEVUE HILL,BELLEVUE HILL,NSW,2023,40,1986,89.2
188 EXCELSIOR AVENUE CASTLE HILL,CASTLE HILL,NSW,2154,40,1986,89.2
17 FRANCIS STREET CASTLE HILL,CASTLE HILL,NSW,2154,40,1986,89.2
26 BRUSHFORD AVENUE CASTLE HILL,CASTLE HILL,NSW,2154,40,1986,89.2
344 KISSING POINT ROAD SOUTH TURRAMURRA,SOUTH TURRAMURRA,NSW,2074,40,1986,89.2
6 LEXIA CLOSE MONA VALE,MONA VALE,NSW,2103,40,1986,89.2
100 WALLUMATTA ROAD NEWPORT,NEWPORT,NSW,2106,40,1986,89.2
180 ST GEORGE CRESCENT SANDY POINT,SANDY POINT,NSW,2172,40,1986,89.0
70 BOUNDARY ROAD NORTH EPPING,NORTH EPPING,NSW,2121,40,1986,89.0
8 KEDRON AVENUE BEECROFT,BEECROFT,NSW,2119,40,1986,89.0
2 THE PROMENADE CHELTENHAM,CHELTENHAM,NSW,2119,40,1986,89.0
44 BRUNETTE DRIVE CASTLE HILL,CASTLE HILL,NSW,2154,40,1986,89.0
23 WALSH AVENUE CASTLE HILL,CASTLE HILL,NSW,2154,40,1986,89.0
18 SARAH CRESCENT BAULKHAM HILLS,BAULKHAM HILLS,NSW,2153,40,1986,89.0
8 PETRIZZI PLACE BAULKHAM HILLS,BAULKHAM HILLS,NSW,2153,40,1986,89.0
196 SOUTH CREEK ROAD WHEELER HEIGHTS,WHEELER HEIGHTS,NSW,2097,40,1986,89.0
6-10 DARLING POINT ROAD DARLING POINT,DARLING POINT,NSW,2027,40,1986,88.9
83 FITZWILLIAM ROAD VAUCLUSE,VAUCLUSE,NSW,2030,40,1986,88.9
10 GIRRALONG AVENUE BAULKHAM HILLS,BAULKHAM HILLS,NSW,2153,40,1986,88.9
8 ALLAWAH AVENUE ELANORA HEIGHTS,ELANORA HEIGHTS,NSW,2101,40,1986,88.9
288-290 MALTON ROAD NORTH EPPING,NORTH EPPING,NSW,2121,40,1986,88.8
3 JACOBS CLOSE NORTH EPPING,NORTH EPPING,NSW,2121,40,1986,88.8
9 THE BOULEVARD CHELTENHAM,CHELTENHAM,NSW,2119,40,1986,88.8
75 GEORGE MOBBS DRIVE CASTLE HILL,CASTLE HILL,NSW,2154,40,1986,88.8
21 BANGALLA STREET WARRAWEE,WARRAWEE,NSW,2074,35,1991,88.8
6 NEWTON STREET NORTH EPPING,NORTH EPPING,NSW,2121,40,1986,88.7
42 NORTHCOTT ROAD CROMER,CROMER,NSW,2099,40,1986,88.7
16 TORONTO AVENUE CROMER,CROMER,NSW,2099,40,1986,88.7
45 BARTON CRESCENT NORTH WAHROONGA,NORTH WAHROONGA,NSW,2076,35,1991,88.7
132 IRRUBEL ROAD NEWPORT,NEWPORT,NSW,2106,40,1986,88.7
38 WOLSELEY ROAD POINT PIPER,POINT PIPER,NSW,2027,40,1986,88.6
15 JARRAH PLACE CASTLE HILL,CASTLE HILL,NSW,2154,40,1986,88.6
36 DRAYTON AVENUE CASTLE HILL,CASTLE HILL,NSW,2154,40,1986,88.6
97 WALTERS ROAD BLACKTOWN,BLACKTOWN,NSW,2148,40,1986,88.5
7 CYNTHIA AVENUE CASTLE HILL,CASTLE HILL,NSW,2154,40,1986,88.5
23 CASTLEWOOD DRIVE CASTLE HILL,CASTLE HILL,NSW,2154,40,1986,88.5
21 BRUNETTE DRIVE CASTLE HILL,CASTLE HILL,NSW,2154,40,1986,88.5
42 WABASH AVENUE CROMER,CROMER,NSW,2099,40,1986,88.5
6/15-17 SALT PAN ROAD PEAKHURST,PEAKHURST,NSW,2210,40,1986,88.4
643 ANZAC PARADE MAROUBRA,MAROUBRA,NSW,2035,40,1986,88.4
46 TOWNS ROAD VAUCLUSE,VAUCLUSE,NSW,2030,40,1986,88.4
21 GLADSWOOD GARDENS DOUBLE BAY,DOUBLE BAY,NSW,2028,40,1986,88.4
19 NARELLE STREET NORTH EPPING,NORTH EPPING,NSW,2121,40,1986,88.4
20 GROVER AVENUE CROMER,CROMER,NSW,2099,40,1986,88.4
16 HILLARY STREET WEST PYMBLE,WEST PYMBLE,NSW,2073,40,1986,88.4
12 JERSEY AVENUE MORTDALE,MORTDALE,NSW,2223,40,1986,88.3
SUTTON AVENUE EARLWOOD,EARLWOOD,NSW,2206,40,1986,88.3
95 NEWTON ROAD STRATHFIELD,STRATHFIELD,NSW,2135,40,1986,88.3
86 REDMYRE ROAD STRATHFIELD,STRATHFIELD,NSW,2135,40,1986,88.3
216 ALBERT ROAD STRATHFIELD,STRATHFIELD,NSW,2135,40,1986,88.3
36-38 BERESFORD ROAD STRATHFIELD,STRATHFIELD,NSW,2135,40,1986,88.3
11-13 MANSON ROAD STRATHFIELD,STRATHFIELD,NSW,2135,40,1986,88.3
3A FARRELL AVENUE DARLINGHURST,DARLINGHURST,NSW,2010,40,1986,88.3
525 NEW SOUTH HEAD ROAD DOUBLE BAY,DOUBLE BAY,NSW,2028,40,1986,88.3
500 OLD SOUTH HEAD ROAD ROSE BAY,ROSE BAY,NSW,2029,40,1986,88.3
17-19 BENELONG CRESCENT BELLEVUE HILL,BELLEVUE HILL,NSW,2023,40,1986,88.3
36-38 BENELONG CRESCENT BELLEVUE HILL,BELLEVUE HILL,NSW,2023,40,1986,88.3
17 DRUMALBYN ROAD BELLEVUE HILL,BELLEVUE HILL,NSW,2023,40,1986,88.3
14 LORD HOWE STREET DOVER HEIGHTS,DOVER HEIGHTS,NSW,2030,40,1986,88.3
35 STREATFIELD ROAD BELLEVUE HILL,BELLEVUE HILL,NSW,2023,40,1986,88.3
354-366 CHURCH STREET PARRAMATTA,PARRAMATTA,NSW,2150,40,1986,88.3
15 MARWOOD DRIVE BEECROFT,BEECROFT,NSW,2119,40,1986,88.3
7 MURRAY ROAD BEECROFT,BEECROFT,NSW,2119,40,1986,88.3
112A NORFOLK ROAD NORTH EPPING,NORTH EPPING,NSW,2121,40,1986,88.3
191 BEECROFT ROAD CHELTENHAM,CHELTENHAM,NSW,2119,40,1986,88.3
14 THE BOULEVARD CHELTENHAM,CHELTENHAM,NSW,2119,40,1986,88.3
20 THE CRESCENT BEECROFT,BEECROFT,NSW,2119,40,1986,88.3
29 MURRAY ROAD BEECROFT,BEECROFT,NSW,2119,40,1986,88.3
18 BLACKBUTT AVENUE PENNANT HILLS,PENNANT HILLS,NSW,2120,40,1986,88.3
14 BRUSHFORD AVENUE CASTLE HILL,CASTLE HILL,NSW,2154,40,1986,88.3
14 GREENVALE PLACE CASTLE HILL,CASTLE HILL,NSW,2154,40,1986,88.3
234 EXCELSIOR AVENUE CASTLE HILL,CASTLE HILL,NSW,2154,40,1986,88.3
28 FERGUSON AVENUE CASTLE HILL,CASTLE HILL,NSW,2154,40,1986,88.3
80 CRANE ROAD CASTLE HILL,CASTLE HILL,NSW,2154,40,1986,88.3
6 BRUSHFORD AVENUE CASTLE HILL,CASTLE HILL,NSW,2154,40,1986,88.3
13 BUCKINGHAM ROAD BAULKHAM HILLS,BAULKHAM HILLS,NSW,2153,40,1986,88.3
64A ALFRED ROAD BROOKVALE,BROOKVALE,NSW,2100,40,1986,88.3
20 HILLARY STREET WEST PYMBLE,WEST PYMBLE,NSW,2073,40,1986,88.3
12 PRINCE STREET GLENBROOK,GLENBROOK,NSW,2773,40,1986,88.3
32 ILUKA AVENUE ELANORA HEIGHTS,ELANORA HEIGHTS,NSW,2101,40,1986,88.3
126 CRESCENT ROAD NEWPORT,NEWPORT,NSW,2106,40,1986,88.3
1 WIANAMATTA DRIVE CARTWRIGHT,CARTWRIGHT,NSW,2168,40,1986,88.1
104 ALBERT STREET REVESBY,REVESBY,NSW,2212,40,1986,88.1
10-12 LEXINGTON PLACE MAROUBRA,MAROUBRA,NSW,2035,40,1986,88.1
12 ILUKA ROAD MOSMAN,MOSMAN,NSW,2088,40,1986,88.1
1-19 OXFORD STREET SURRY HILLS,SURRY HILLS,NSW,2010,40,1986,88.1
11 SADLIER AVENUE MILPERRA,MILPERRA,NSW,2214,40,1986,88.1
60 CHELTENHAM ROAD CHELTENHAM,CHELTENHAM,NSW,2119,40,1986,88.1
20 HANOVER AVENUE NORTH EPPING,NORTH EPPING,NSW,2121,40,1986,88.1
46 CHELTENHAM ROAD CHELTENHAM,CHELTENHAM,NSW,2119,35,1991,88.1
21 DAPHNE AVENUE CASTLE HILL,CASTLE HILL,NSW,2154,40,1986,88.1
9 GAIWOOD PLACE CASTLE HILL,CASTLE HILL,NSW,2154,40,1986,88.1
34 PALACE ROAD BAULKHAM HILLS,BAULKHAM HILLS,NSW,2153,40,1986,88.1
631 WARRINGAH ROAD FORESTVILLE,FORESTVILLE,NSW,2087,40,1986,88.1
3 LOXTON PLACE FORESTVILLE,FORESTVILLE,NSW,2087,40,1986,88.1
34 WEDGEWOOD CRESCENT BEACON HILL,BEACON HILL,NSW,2100,40,1986,88.1
GERTRUDE STREET BEACON HILL,BEACON HILL,NSW,2100,40,1986,88.1
23 HOWSE CRESCENT CROMER,CROMER,NSW,2099,40,1986,88.1
24 BANKS AVENUE NORTH TURRAMURRA,NORTH TURRAMURRA,NSW,2074,35,1991,88.1
2 JENKINS STREET MONA VALE,MONA VALE,NSW,2103,40,1986,88.1
42 IRRUBEL ROAD NEWPORT,NEWPORT,NSW,2106,40,1986,88.1
291 HUDSON PARADE CLAREVILLE,CLAREVILLE,NSW,2107,40,1986,88.1
21 WILSON STREET MAROUBRA,MAROUBRA,NSW,2035,40,1986,88.0
39 DOVER ROAD ROSE BAY,ROSE BAY,NSW,2029,40,1986,88.0
46 BEAUMONT STREET ROSE BAY,ROSE BAY,NSW,2029,40,1986,88.0
2 FREDERICK STREET NORTH BONDI,NORTH BONDI,NSW,2026,40,1986,88.0
19 FAIRWEATHER STREET BELLEVUE HILL,BELLEVUE HILL,NSW,2023,40,1986,88.0
55 MANNING ROAD DOUBLE BAY,DOUBLE BAY,NSW,2028,40,1986,88.0
42 HARDY STREET DOVER HEIGHTS,DOVER HEIGHTS,NSW,2030,40,1986,88.0
50 BEAUMONT STREET ROSE BAY,ROSE BAY,NSW,2029,40,1986,88.0
37 YODALLA AVENUE EMU PLAINS,EMU PLAINS,NSW,2750,40,1986,88.0
12 MARION CRESCENT LAPSTONE,LAPSTONE,NSW,2773,40,1986,88.0
8 CURRAWONG CRESCENT LEONAY,LEONAY,NSW,2750,40,1986,88.0
139 NORFOLK ROAD NORTH EPPING,NORTH EPPING,NSW,2121,40,1986,88.0
1 HAREFIELD CLOSE NORTH EPPING,NORTH EPPING,NSW,2121,40,1986,88.0
18A HARPER STREET NORTH EPPING,NORTH EPPING,NSW,2121,40,1986,88.0
14 GIRRALONG AVENUE BAULKHAM HILLS,BAULKHAM HILLS,NSW,2153,40,1986,88.0
5/174 OLD NORTHERN ROAD CASTLE HILL,CASTLE HILL,NSW,2154,40,1986,88.0
85 GEORGE MOBBS DRIVE CASTLE HILL,CASTLE HILL,NSW,2154,40,1986,88.0
82 CRANE ROAD CASTLE HILL,CASTLE HILL,NSW,2154,40,1986,88.0
16 TEMPLETON CRESCENT BAULKHAM HILLS,BAULKHAM HILLS,NSW,2153,40,1986,88.0
21 BOWMAN AVENUE CASTLE HILL,CASTLE HILL,NSW,2154,40,1986,88.0
55 SARAH CRESCENT BAULKHAM HILLS,BAULKHAM HILLS,NSW,2153,40,1986,88.0
56 ROCKLEY AVENUE BAULKHAM HILLS,BAULKHAM HILLS,NSW,2153,40,1986,88.0
40 WELLMAN ROAD FORESTVILLE,FORESTVILLE,NSW,2087,40,1986,88.0
11 MCNAMARA ROAD CROMER,CROMER,NSW,2099,40,1986,88.0
30 WOODWARD STREET CROMER,CROMER,NSW,2099,40,1986,88.0
9 ALAMEDA WAY WARRIEWOOD,WARRIEWOOD,NSW,2102,40,1986,88.0
146-154 OBERON STREET COOGEE,COOGEE,NSW,2034,40,1986,87.9
29 BROUGHTON ROAD STRATHFIELD,STRATHFIELD,NSW,2135,40,1986,87.9
582 WOODVILLE ROAD GUILDFORD,GUILDFORD,NSW,2161,40,1986,87.9
40-42 MONA ROAD DARLING POINT,DARLING POINT,NSW,2027,40,1986,87.9
81 KAMBALA ROAD BELLEVUE HILL,BELLEVUE HILL,NSW,2023,40,1986,87.9
26 SIMPSON STREET BONDI BEACH,BONDI BEACH,NSW,2026,40,1986,87.9
200 EXCELSIOR AVENUE CASTLE HILL,CASTLE HILL,NSW,2154,40,1986,87.9
25 FITZROY ROAD CROMER,CROMER,NSW,2099,40,1986,87.9
15 KINGSFORD AVENUE SOUTH TURRAMURRA,SOUTH TURRAMURRA,NSW,2074,40,1986,87.9
20 ASHBURTON AVENUE SOUTH TURRAMURRA,SOUTH TURRAMURRA,NSW,2074,40,1986,87.9
8 WATER STREET WAHROONGA,WAHROONGA,NSW,2076,35,1991,87.9
115 PEROUSE ROAD RANDWICK,RANDWICK,NSW,2031,40,1986,87.8
24 LEITH ROAD PENNANT HILLS,PENNANT HILLS,NSW,2120,35,1991,87.8
79 WOODBURY ROAD ST IVES,ST IVES,NSW,2075,35,1991,87.8
21-23 JUNCTION ROAD WAHROONGA,WAHROONGA,NSW,2076,35,1991,87.8
2/70 ALBERT STREET REVESBY,REVESBY,NSW,2212,40,1986,87.7
43 MACKENZIE STREET STRATHFIELD,STRATHFIELD,NSW,2135,40,1986,87.7
57 NEWTON ROAD STRATHFIELD,STRATHFIELD,NSW,2135,40,1986,87.7
4 GEORGE STREET MANLY,MANLY,NSW,2095,40,1986,87.7
3 NAMOI STREET NORTH EPPING,NORTH EPPING,NSW,2121,40,1986,87.7
17 HAREFIELD CLOSE NORTH EPPING,NORTH EPPING,NSW,2121,40,1986,87.7
18 LYNE ROAD CHELTENHAM,CHELTENHAM,NSW,2119,40,1986,87.7
5 HOWARD PLACE CASTLE HILL,CASTLE HILL,NSW,2154,40,1986,87.7
20 BALMARINGA AVENUE SOUTH TURRAMURRA,SOUTH TURRAMURRA,NSW,2074,40,1986,87.7
7/403 OLD SOUTH HEAD ROAD NORTH BONDI,NORTH BONDI,NSW,2026,40,1986,87.6
33A FERGUSON AVENUE CASTLE HILL,CASTLE HILL,NSW,2154,40,1986,87.6
11 CASTLEWOOD DRIVE CASTLE HILL,CASTLE HILL,NSW,2154,35,1991,87.6
46 BROUGHTON ROAD STRATHFIELD,STRATHFIELD,NSW,2135,40,1986,87.5
5 BURRAWONG AVENUE MOSMAN,MOSMAN,NSW,2088,40,1986,87.5
6 BAILEY CRESCENT NORTH EPPING,NORTH EPPING,NSW,2121,40,1986,87.5
4 MANUKA CIRCLE CHERRYBROOK,CHERRYBROOK,NSW,2126,35,1991,87.5
11 CEDARWOOD DRIVE CHERRYBROOK,CHERRYBROOK,NSW,2126,35,1991,87.5
5 GUMNUT ROAD CHERRYBROOK,CHERRYBROOK,NSW,2126,35,1991,87.5
4 ST JAMES AVENUE BAULKHAM HILLS,BAULKHAM HILLS,NSW,2153,40,1986,87.5
20 KNIGHT PLACE CASTLE HILL,CASTLE HILL,NSW,2154,40,1986,87.5
44 MACQUARIE STREET CROMER,CROMER,NSW,2099,40,1986,87.5
302A MONA VALE ROAD ST IVES,ST IVES,NSW,2075,35,1991,87.5
37 SHERWOOD STREET REVESBY,REVESBY,NSW,2212,40,1986,87.4
24 TRACEY STREET REVESBY,REVESBY,NSW,2212,40,1986,87.4
46 BERESFORD ROAD STRATHFIELD,STRATHFIELD,NSW,2135,40,1986,87.4
2/53 CROSS STREET DOUBLE BAY,DOUBLE BAY,NSW,2028,40,1986,87.4
2 ELLAMATTA AVENUE MOSMAN,MOSMAN,NSW,2088,40,1986,87.4
4 COBRAN ROAD CHELTENHAM,CHELTENHAM,NSW,2119,40,1986,87.4
2 OAKLANDS AVENUE BEECROFT,BEECROFT,NSW,2119,40,1986,87.4
79A CHURCH STREET CASTLE HILL,CASTLE HILL,NSW,2154,40,1986,87.4
11 PANORAMA CRESCENT FRENCHS FOREST,FRENCHS FOREST,NSW,2086,40,1986,87.4
22 BLIGHS ROAD CROMER,CROMER,NSW,2099,40,1986,87.4
69 TORONTO AVENUE CROMER,CROMER,NSW,2099,40,1986,87.4
15 EDWARD STREET GORDON,GORDON,NSW,2072,40,1986,87.4
4 ORANA ROAD MONA VALE,MONA VALE,NSW,2103,40,1986,87.4
4 HARRISON AVENUE MAROUBRA,MAROUBRA,NSW,2035,40,1986,87.3
49 GLENAYR AVENUE NORTH BONDI,NORTH BONDI,NSW,2026,40,1986,87.3
3 ARTHUR STREET DOVER HEIGHTS,DOVER HEIGHTS,NSW,2030,40,1986,87.3
5 MARTINO CLOSE PRESTONS,PRESTONS,NSW,2170,40,1986,87.2
7 FIRTH AVENUE STRATHFIELD,STRATHFIELD,NSW,2135,40,1986,87.2
1 MOUNT ADELAIDE STREET DARLING POINT,DARLING POINT,NSW,2027,35,1991,87.2
24 WILBERFORCE AVENUE ROSE BAY,ROSE BAY,NSW,2029,40,1986,87.2
551 OLD SOUTH HEAD ROAD ROSE BAY,ROSE BAY,NSW,2029,40,1986,87.2
31 CARLISLE STREET ROSE BAY,ROSE BAY,NSW,2029,40,1986,87.2
23 ORWELL STREET BLACKTOWN,BLACKTOWN,NSW,2148,40,1986,87.2
2 JOHN DYKES AVENUE VAUCLUSE,VAUCLUSE,NSW,2030,40,1986,87.2
81 DOONMORE STREET PENRITH,PENRITH,NSW,2750,40,1986,87.2
89 THE SANCTUARY DRIVE LEONAY,LEONAY,NSW,2750,40,1986,87.2
106 THE SANCTUARY DRIVE LEONAY,LEONAY,NSW,2750,35,1991,87.2
54 CHELTENHAM ROAD CHELTENHAM,CHELTENHAM,NSW,2119,40,1986,87.2
69 BOUNDARY ROAD NORTH EPPING,NORTH EPPING,NSW,2121,40,1986,87.2
138 BOUNDARY ROAD PENNANT HILLS,PENNANT HILLS,NSW,2120,35,1991,87.2
14 CHERRYBROOK ROAD WEST PENNANT HILLS,WEST PENNANT HILLS,NSW,2125,35,1991,87.2
19 JOHN SAVAGE CRESCENT WEST PENNANT HILLS,WEST PENNANT HILLS,NSW,2125,35,1991,87.2
1 CHELSEA ROAD WEST PENNANT HILLS,WEST PENNANT HILLS,NSW,2125,35,1991,87.2
17 CALGA AVENUE NORMANHURST,NORMANHURST,NSW,2076,35,1991,87.2
21 BORONIA AVENUE BEECROFT,BEECROFT,NSW,2119,35,1991,87.2
1 HERITAGE COURT CASTLE HILL,CASTLE HILL,NSW,2154,35,1991,87.2
16 GREENVALE PLACE CASTLE HILL,CASTLE HILL,NSW,2154,35,1991,87.2
16 CASTLEWOOD DRIVE CASTLE HILL,CASTLE HILL,NSW,2154,40,1986,87.2
10 BRISBANE PLACE CROMER,CROMER,NSW,2099,40,1986,87.2
46 WOODBURY ROAD ST IVES,ST IVES,NSW,2075,35,1991,87.2
7 LANCASTER AVENUE ST IVES,ST IVES,NSW,2075,35,1991,87.2
341 MONA VALE ROAD ST IVES,ST IVES,NSW,2075,35,1991,87.2
18 MYRTLE PLACE ST IVES,ST IVES,NSW,2075,35,1991,87.2
28 YARRABUNG ROAD ST IVES,ST IVES,NSW,2075,35,1991,87.2
201A/164 MONA VALE ROAD ST IVES,ST IVES,NSW,2075,35,1991,87.2
4 GIBRAN PLACE ST IVES,ST IVES,NSW,2075,35,1991,87.2
57 ATHENA AVENUE ST IVES,ST IVES,NSW,2075,35,1991,87.2
92 WOODBURY ROAD ST IVES,ST IVES,NSW,2075,35,1991,87.2
9 MARTIN PLACE FAULCONBRIDGE,FAULCONBRIDGE,NSW,2776,35,1991,87.2
18A SIR HENRYS PARADE FAULCONBRIDGE,FAULCONBRIDGE,NSW,2776,35,1991,87.2
40 PLATEAU ROAD SPRINGWOOD,SPRINGWOOD,NSW,2777,35,1991,87.2
29 BANGALLA STREET WARRAWEE,WARRAWEE,NSW,2074,35,1991,87.2
18 FOX VALLEY ROAD WAHROONGA,WAHROONGA,NSW,2076,35,1991,87.2
6 BINNOWEE AVENUE ST IVES,ST IVES,NSW,2075,35,1991,87.2
40 BUNDABAH AVENUE ST IVES,ST IVES,NSW,2075,35,1991,87.2
10 CAMBOURNE AVENUE ST IVES,ST IVES,NSW,2075,35,1991,87.2
4 HAYLE STREET ST IVES,ST IVES,NSW,2075,35,1991,87.2
22 DALY AVENUE NORTH WAHROONGA,NORTH WAHROONGA,NSW,2076,35,1991,87.2
6 ROMNEY ROAD ST IVES CHASE,ST IVES CHASE,NSW,2075,35,1991,87.2
44 BURNS ROAD WAHROONGA,WAHROONGA,NSW,2076,35,1991,87.2
58 LYN PARADE PRESTONS,PRESTONS,NSW,2170,40,1986,87.1
39 LIGURIA STREET MAROUBRA,MAROUBRA,NSW,2035,40,1986,87.1
635-639 ANZAC PARADE MAROUBRA,MAROUBRA,NSW,2035,40,1986,87.1
2 SOUTH STREET MARRICKVILLE,MARRICKVILLE,NSW,2204,40,1986,87.1
25 IVANHOE ROAD CROYDON,CROYDON,NSW,2132,40,1986,87.1
1/71 BORONIA ROAD BELLEVUE HILL,BELLEVUE HILL,NSW,2023,40,1986,87.1
10 KENT ROAD ROSE BAY,ROSE BAY,NSW,2029,40,1986,87.1
162 BENNETT ROAD ST CLAIR,ST CLAIR,NSW,2759,40,1986,87.1
11 SILEX ROAD MOSMAN,MOSMAN,NSW,2088,40,1986,87.1
107 SHADFORTH STREET MOSMAN,MOSMAN,NSW,2088,40,1986,87.1
2 DOUGLAS PARADE DOVER HEIGHTS,DOVER HEIGHTS,NSW,2030,40,1986,87.1
33 EASTCOTE ROAD NORTH EPPING,NORTH EPPING,NSW,2121,40,1986,87.1
9 GREENVALE PLACE CASTLE HILL,CASTLE HILL,NSW,2154,40,1986,87.1
30 BROWNE PLACE BAULKHAM HILLS,BAULKHAM HILLS,NSW,2153,40,1986,87.1
19 BRUNETTE DRIVE CASTLE HILL,CASTLE HILL,NSW,2154,40,1986,87.1
2A GLANMIRE ROAD BAULKHAM HILLS,BAULKHAM HILLS,NSW,2153,40,1986,87.1
90 BANTRY BAY ROAD FRENCHS FOREST,FRENCHS FOREST,NSW,2086,40,1986,87.1
3 NORTHCOTT ROAD CROMER,CROMER,NSW,2099,40,1986,87.1
64 WASHINGTON AVENUE CROMER,CROMER,NSW,2099,40,1986,87.1
69 GROVER AVENUE CROMER,CROMER,NSW,2099,40,1986,87.1
1 TRUMAN AVENUE CROMER,CROMER,NSW,2099,40,1986,87.1
50 MACQUARIE STREET CROMER,CROMER,NSW,2099,40,1986,87.1
58 MACQUARIE STREET CROMER,CROMER,NSW,2099,40,1986,87.1
1 POWELL STREET BLAXLAND,BLAXLAND,NSW,2774,40,1986,87.1
2A KULGOA ROAD BELLEVUE HILL,BELLEVUE HILL,NSW,2023,40,1986,87.0
6D WENTWORTH STREET POINT PIPER,POINT PIPER,NSW,2027,40,1986,87.0
27 LYNBRAE AVENUE BEECROFT,BEECROFT,NSW,2119,40,1986,87.0
36 BOUNDARY ROAD NORTH EPPING,NORTH EPPING,NSW,2121,40,1986,87.0
206 BOUNDARY ROAD CHERRYBROOK,CHERRYBROOK,NSW,2126,35,1991,87.0
12 KILLALOE AVENUE PENNANT HILLS,PENNANT HILLS,NSW,2120,35,1991,87.0
29 HIGHS ROAD WEST PENNANT HILLS,WEST PENNANT HILLS,NSW,2125,35,1991,87.0
18 HORACE STREET ST IVES,ST IVES,NSW,2075,35,1991,87.0
130 COLLINS ROAD ST IVES CHASE,ST IVES CHASE,NSW,2075,35,1991,87.0
1 PARRAMATTA ROAD HABERFIELD,HABERFIELD,NSW,2045,40,1986,86.9
16 CONWAY AVENUE ROSE BAY,ROSE BAY,NSW,2029,40,1986,86.9
37 FULLAM ROAD BLACKTOWN,BLACKTOWN,NSW,2148,40,1986,86.9
10 MYNAH CLOSE ST CLAIR,ST CLAIR,NSW,2759,40,1986,86.9
6 ROMA STREET NORTH EPPING,NORTH EPPING,NSW,2121,40,1986,86.9
21 SARAH CRESCENT BAULKHAM HILLS,BAULKHAM HILLS,NSW,2153,40,1986,86.9
24A BENTLEY AVENUE FORESTVILLE,FORESTVILLE,NSW,2087,40,1986,86.9
3 RICHARD ROAD ST IVES,ST IVES,NSW,2075,35,1991,86.9
35 RAILWAY PARADE WARRIMOO,WARRIMOO,NSW,2774,40,1986,86.9
30 LOCHVILLE STREET WAHROONGA,WAHROONGA,NSW,2076,35,1991,86.9
89 AVOCA STREET RANDWICK,RANDWICK,NSW,2031,40,1986,86.8
121 ALBERT ROAD STRATHFIELD,STRATHFIELD,NSW,2135,40,1986,86.8
4-6 BROUGHTON ROAD STRATHFIELD,STRATHFIELD,NSW,2135,40,1986,86.8
171A OLD NORTHERN ROAD CASTLE HILL,CASTLE HILL,NSW,2154,40,1986,86.8
81 CRANE ROAD CASTLE HILL,CASTLE HILL,NSW,2154,40,1986,86.8
487 WINDSOR ROAD BAULKHAM HILLS,BAULKHAM HILLS,NSW,2153,40,1986,86.8
4 DURHAM STREET NORTH EPPING,NORTH EPPING,NSW,2121,40,1986,86.7
8X CASUARINA DRIVE CHERRYBROOK,CHERRYBROOK,NSW,2126,35,1991,86.7
9 TAYLOR PLACE PENNANT HILLS,PENNANT HILLS,NSW,2120,35,1991,86.7
6 BRUNETTE DRIVE CASTLE HILL,CASTLE HILL,NSW,2154,40,1986,86.7
59 BENAROON AVENUE ST IVES,ST IVES,NSW,2075,35,1991,86.7
1A AYRES ROAD ST IVES,ST IVES,NSW,2075,35,1991,86.7
1 TOWRI CLOSE ST IVES,ST IVES,NSW,2075,35,1991,86.7
47 BEECHWOOD PARADE CHERRYBROOK,CHERRYBROOK,NSW,2126,35,1991,86.7
12 STONECROP ROAD NORTH TURRAMURRA,NORTH TURRAMURRA,NSW,2074,35,1991,86.7
18 BRUCE STREET KINGSFORD,KINGSFORD,NSW,2032,40,1986,86.6
3 MORGAN PLACE STRATHFIELD,STRATHFIELD,NSW,2135,40,1986,86.6
8 MINNA STREET BURWOOD,BURWOOD,NSW,2134,40,1986,86.6
116 HAWTHORNE PARADE HABERFIELD,HABERFIELD,NSW,2045,40,1986,86.6
17 KIRKHAM STREET BEECROFT,BEECROFT,NSW,2119,40,1986,86.6
11 LEWIS COURT CASTLE HILL,CASTLE HILL,NSW,2154,40,1986,86.6
9 NIELLO CLOSE CASTLE HILL,CASTLE HILL,NSW,2154,40,1986,86.6
199 EXCELSIOR AVENUE CASTLE HILL,CASTLE HILL,NSW,2154,40,1986,86.6
38 BEACON HILL ROAD BROOKVALE,BROOKVALE,NSW,2100,40,1986,86.6
74 TORONTO AVENUE CROMER,CROMER,NSW,2099,40,1986,86.6
28 MEMORIAL AVENUE ST IVES,ST IVES,NSW,2075,35,1991,86.6
27 EDEN AVENUE SOUTH TURRAMURRA,SOUTH TURRAMURRA,NSW,2074,40,1986,86.6
140 WOORARRA AVENUE ELANORA HEIGHTS,ELANORA HEIGHTS,NSW,2101,40,1986,86.6
56 WESTBROOK AVENUE WAHROONGA,WAHROONGA,NSW,2076,35,1991,86.6
112 ELIMATTA ROAD MONA VALE,MONA VALE,NSW,2103,40,1986,86.6
63 ELY STREET REVESBY,REVESBY,NSW,2212,40,1986,86.5
1-7 PARNELL STREET STRATHFIELD,STRATHFIELD,NSW,2135,40,1986,86.5
27 DUDLEY ROAD ROSE BAY,ROSE BAY,NSW,2029,40,1986,86.5
60 WENTWORTH ROAD VAUCLUSE,VAUCLUSE,NSW,2030,40,1986,86.5
126 CLONTARF STREET NORTH BALGOWLAH,NORTH BALGOWLAH,NSW,2093,40,1986,86.5
21 SEAFORTH CRESCENT SEAFORTH,SEAFORTH,NSW,2092,40,1986,86.5
47 PRINCE ALBERT STREET MOSMAN,MOSMAN,NSW,2088,40,1986,86.5
129 MILITARY ROAD DOVER HEIGHTS,DOVER HEIGHTS,NSW,2030,40,1986,86.5
339A MALTON ROAD NORTH EPPING,NORTH EPPING,NSW,2121,40,1986,86.5
86 BOUNDARY ROAD NORTH EPPING,NORTH EPPING,NSW,2121,40,1986,86.5
9 HIGHVIEW CLOSE NORTH EPPING,NORTH EPPING,NSW,2121,40,1986,86.5
24 OLD CASTLE HILL ROAD CASTLE HILL,CASTLE HILL,NSW,2154,40,1986,86.5
11 PINE AVENUE BROOKVALE,BROOKVALE,NSW,2100,40,1986,86.5
45 MAYBROOK AVENUE CROMER,CROMER,NSW,2099,40,1986,86.5
76 TORONTO AVENUE CROMER,CROMER,NSW,2099,40,1986,86.5
34 DALY AVENUE NORTH WAHROONGA,NORTH WAHROONGA,NSW,2076,35,1991,86.5
23 VALLEY PARK CRESCENT NORTH TURRAMURRA,NORTH TURRAMURRA,NSW,2074,35,1991,86.5
10 REDNAL STREET MONA VALE,MONA VALE,NSW,2103,40,1986,86.5
23A YANDARLO STREET CROYDON PARK,CROYDON PARK,NSW,2133,40,1986,86.4
27 BEAUMONT STREET ROSE BAY,ROSE BAY,NSW,2029,40,1986,86.4
15 JINDABYNE AVENUE BAULKHAM HILLS,BAULKHAM HILLS,NSW,2153,40,1986,86.4
56 WOODBURY ROAD ST IVES,ST IVES,NSW,2075,35,1991,86.4
18 MERLEY ROAD STRATHFIELD,STRATHFIELD,NSW,2135,40,1986,86.3
28-32 GRANTHAM STREET BURWOOD,BURWOOD,NSW,2134,35,1991,86.3
666A NEW SOUTH HEAD ROAD ROSE BAY,ROSE BAY,NSW,2029,40,1986,86.3
81 PORTLAND STREET DOVER HEIGHTS,DOVER HEIGHTS,NSW,2030,40,1986,86.3
LIVERPOOL STREET DOVER HEIGHTS,DOVER HEIGHTS,NSW,2030,40,1986,86.3
20 RAWSON ROAD ROSE BAY,ROSE BAY,NSW,2029,40,1986,86.3
351 PITTWATER ROAD NORTH MANLY,NORTH MANLY,NSW,2100,40,1986,86.3
42 CASTLE HOWARD ROAD CHELTENHAM,CHELTENHAM,NSW,2119,40,1986,86.3
19 DRAYTON AVENUE CASTLE HILL,CASTLE HILL,NSW,2154,40,1986,86.3
20 EDWARD STREET BAULKHAM HILLS,BAULKHAM HILLS,NSW,2153,40,1986,86.3
74 GRACE AVENUE FRENCHS FOREST,FRENCHS FOREST,NSW,2086,40,1986,86.3
56 CONSUL ROAD NORTH NARRAWEENA,NORTH NARRAWEENA,NSW,,40,1986,86.3
54 GROVER AVENUE CROMER,CROMER,NSW,2099,40,1986,86.3
4 TRUMAN AVENUE CROMER,CROMER,NSW,2099,40,1986,86.3
1 SCOTT PLACE ST IVES,ST IVES,NSW,2075,35,1991,86.3
7 SHANNON STREET ST IVES,ST IVES,NSW,2075,35,1991,86.3
14 RICHARD ROAD ST IVES,ST IVES,NSW,2075,35,1991,86.3
8 GREY HORSE CLOSE SOUTH TURRAMURRA,SOUTH TURRAMURRA,NSW,2074,40,1986,86.3
31-33 INGALARA AVENUE WAHROONGA,WAHROONGA,NSW,2076,35,1991,86.3
20 ELOUERA ROAD AVALON BEACH,AVALON BEACH,NSW,2107,40,1986,86.3
8 GREENBANK STREET HURSTVILLE,HURSTVILLE,NSW,2220,40,1986,86.2
126 BOYCE ROAD MAROUBRA,MAROUBRA,NSW,2035,40,1986,86.2
48 AVOCA STREET RANDWICK,RANDWICK,NSW,2031,40,1986,86.2
1 BEAUCHAMP STREET MARRICKVILLE,MARRICKVILLE,NSW,2204,40,1986,86.2
71 REDMYRE ROAD STRATHFIELD,STRATHFIELD,NSW,2135,40,1986,86.2
42 OXFORD ROAD STRATHFIELD,STRATHFIELD,NSW,2135,40,1986,86.2
13 MIRRABOOKA AVENUE STRATHFIELD,STRATHFIELD,NSW,2135,40,1986,86.2
16 ARTHUR STREET STRATHFIELD,STRATHFIELD,NSW,2135,40,1986,86.2
66 BROUGHTON ROAD STRATHFIELD,STRATHFIELD,NSW,2135,40,1986,86.2
41 BRADY STREET CROYDON,CROYDON,NSW,2132,40,1986,86.2
3 VICTORIA SQUARE ASHFIELD,ASHFIELD,NSW,2131,40,1986,86.2
2/57 DARLING POINT ROAD DARLING POINT,DARLING POINT,NSW,2027,40,1986,86.2
591 OLD SOUTH HEAD ROAD ROSE BAY,ROSE BAY,NSW,2029,40,1986,86.2
163 DOVER ROAD DOVER HEIGHTS,DOVER HEIGHTS,NSW,2030,40,1986,86.2
847 NEW SOUTH HEAD ROAD ROSE BAY,ROSE BAY,NSW,2029,40,1986,86.2
105 VICTORIA ROAD BELLEVUE HILL,BELLEVUE HILL,NSW,2023,40,1986,86.2
54 OLOLA AVENUE VAUCLUSE,VAUCLUSE,NSW,2030,40,1986,86.2
156 VICTORIA ROAD BELLEVUE HILL,BELLEVUE HILL,NSW,2023,40,1986,86.2
18 LORD HOWE STREET DOVER HEIGHTS,DOVER HEIGHTS,NSW,2030,40,1986,86.2
85 MANNING ROAD WOOLLAHRA,WOOLLAHRA,NSW,2025,40,1986,86.2
12 KARDINIA ROAD MOSMAN,MOSMAN,NSW,2088,40,1986,86.2
68 FRENCHS FOREST ROAD SEAFORTH,SEAFORTH,NSW,2092,40,1986,86.2
23 KILLARNEY STREET MOSMAN,MOSMAN,NSW,2088,40,1986,86.2
19 AWABA STREET MOSMAN,MOSMAN,NSW,2088,40,1986,86.2
14 FREDERICK STREET NORTH BONDI,NORTH BONDI,NSW,2026,40,1986,86.2
42 DERBY STREET VAUCLUSE,VAUCLUSE,NSW,2030,40,1986,86.2
8 GREGORY TERRACE LAPSTONE,LAPSTONE,NSW,2773,40,1986,86.2
94 TAMBAROORA CRESCENT MARAYONG,MARAYONG,NSW,2148,40,1986,86.2
33 ADDISON ROAD MANLY,MANLY,NSW,2095,40,1986,86.2
3 GRIGG AVENUE NORTH EPPING,NORTH EPPING,NSW,2121,40,1986,86.2
8 WALKER PLACE NORTH EPPING,NORTH EPPING,NSW,2121,40,1986,86.2
23 GEORGE MOBBS DRIVE CASTLE HILL,CASTLE HILL,NSW,2154,40,1986,86.2
1 KOLONGA PLACE FRENCHS FOREST,FRENCHS FOREST,NSW,2086,40,1986,86.2
33 RANGERS RETREAT ROAD FRENCHS FOREST,FRENCHS FOREST,NSW,2086,40,1986,86.2
36 RANGERS RETREAT ROAD FRENCHS FOREST,FRENCHS FOREST,NSW,2086,40,1986,86.2
9 FITZPATRICK AVENUE WEST FRENCHS FOREST,WEST FRENCHS FOREST,NSW,,40,1986,86.2
13 PANORAMA CRESCENT FRENCHS FOREST,FRENCHS FOREST,NSW,2086,40,1986,86.2
1/35 CARTER ROAD BROOKVALE,BROOKVALE,NSW,2100,40,1986,86.2
16 BEACON AVENUE BEACON HILL,BEACON HILL,NSW,2100,40,1986,86.2
7 BRISBANE PLACE CROMER,CROMER,NSW,2099,40,1986,86.2
2 GIPPS PLACE CROMER,CROMER,NSW,2099,40,1986,86.2
25 BLIGHS ROAD CROMER,CROMER,NSW,2099,40,1986,86.2
112 TORONTO AVENUE CROMER,CROMER,NSW,2099,40,1986,86.2
21 BILKURRA AVENUE BILGOLA PLATEAU,BILGOLA PLATEAU,NSW,2107,40,1986,86.2
54 BARKER ROAD STRATHFIELD,STRATHFIELD,NSW,2135,40,1986,86.1
37 NEWTON ROAD STRATHFIELD,STRATHFIELD,NSW,2135,40,1986,86.1
92 BARKER ROAD STRATHFIELD,STRATHFIELD,NSW,2135,40,1986,86.1
82 ALBYN ROAD STRATHFIELD,STRATHFIELD,NSW,2135,40,1986,86.1
10 COTSWOLD ROAD STRATHFIELD,STRATHFIELD,NSW,2135,40,1986,86.1
6 NEWTON ROAD STRATHFIELD,STRATHFIELD,NSW,2135,40,1986,86.1
29 COTSWOLD ROAD STRATHFIELD,STRATHFIELD,NSW,2135,40,1986,86.1
23 SOUTH STREET STRATHFIELD,STRATHFIELD,NSW,2135,40,1986,86.1
20 FIRTH AVENUE STRATHFIELD,STRATHFIELD,NSW,2135,40,1986,86.1
19 FLORENCE STREET STRATHFIELD,STRATHFIELD,NSW,2135,40,1986,86.1
97 NEWTON ROAD STRATHFIELD,STRATHFIELD,NSW,2135,40,1986,86.1
1A WILSON STREET STRATHFIELD,STRATHFIELD,NSW,2135,40,1986,86.1
7 KARUAH STREET STRATHFIELD,STRATHFIELD,NSW,2135,40,1986,86.1
5 TORRINGTON ROAD STRATHFIELD,STRATHFIELD,NSW,2135,40,1986,86.1
20 ALVISTON STREET STRATHFIELD,STRATHFIELD,NSW,2135,40,1986,86.1
16 JERSEY ROAD STRATHFIELD,STRATHFIELD,NSW,2135,40,1986,86.1
13 SOUTH STREET STRATHFIELD,STRATHFIELD,NSW,2135,40,1986,86.1
393-395 LIVERPOOL ROAD STRATHFIELD,STRATHFIELD,NSW,2135,40,1986,86.1
42 ALBYN ROAD STRATHFIELD,STRATHFIELD,NSW,2135,40,1986,86.1
39 LLANDILO AVENUE STRATHFIELD,STRATHFIELD,NSW,2135,40,1986,86.1
2-4 VICTORIA STREET STRATHFIELD,STRATHFIELD,NSW,2135,40,1986,86.1
71-73 CHURCHILL AVENUE STRATHFIELD,STRATHFIELD,NSW,2135,40,1986,86.1
17 BARKER ROAD STRATHFIELD,STRATHFIELD,NSW,2135,40,1986,86.1
18 BARKER ROAD STRATHFIELD,STRATHFIELD,NSW,2135,40,1986,86.1
2 FIRTH AVENUE STRATHFIELD,STRATHFIELD,NSW,2135,40,1986,86.1
133 HOMEBUSH ROAD STRATHFIELD,STRATHFIELD,NSW,2135,40,1986,86.1
21 FIRTH AVENUE STRATHFIELD,STRATHFIELD,NSW,2135,40,1986,86.1
11 WALLIS AVENUE STRATHFIELD,STRATHFIELD,NSW,2135,40,1986,86.1
89 CHALMERS ROAD STRATHFIELD,STRATHFIELD,NSW,2135,40,1986,86.1
20 AUGUSTA STREET STRATHFIELD,STRATHFIELD,NSW,2135,40,1986,86.1
162 HOMEBUSH ROAD STRATHFIELD,STRATHFIELD,NSW,2135,40,1986,86.1
16 CHAMBERLAIN AVENUE ROSE BAY,ROSE BAY,NSW,2029,40,1986,86.1
62 EDGECLIFFE ESPLANADE SEAFORTH,SEAFORTH,NSW,2092,40,1986,86.1
167 NORFOLK ROAD NORTH EPPING,NORTH EPPING,NSW,2121,40,1986,86.1
132 NORFOLK ROAD NORTH EPPING,NORTH EPPING,NSW,2121,40,1986,86.1
10 LONICERA PLACE CHERRYBROOK,CHERRYBROOK,NSW,2126,35,1991,86.1
83 CHURCH STREET CASTLE HILL,CASTLE HILL,NSW,2154,40,1986,86.1
47 CAMBEWARRA AVENUE CASTLE HILL,CASTLE HILL,NSW,2154,40,1986,86.1
11 ZULFI CLOSE CHERRYBROOK,CHERRYBROOK,NSW,2126,35,1991,86.1
59 TORONTO AVENUE CROMER,CROMER,NSW,2099,40,1986,86.1
11 BINNOWEE AVENUE ST IVES,ST IVES,NSW,2075,35,1991,86.1
7 DOBELL PLACE ST IVES,ST IVES,NSW,2075,35,1991,86.1
11 DERBY STREET ST IVES,ST IVES,NSW,2075,35,1991,86.1
42 ACRON ROAD ST IVES,ST IVES,NSW,2075,35,1991,86.1
25 BARWON AVENUE SOUTH TURRAMURRA,SOUTH TURRAMURRA,NSW,2074,35,1991,86.1
98B QUEEN STREET REVESBY,REVESBY,NSW,2212,40,1986,86.0
46 ROCHESTER STREET STRATHFIELD,STRATHFIELD,NSW,2135,40,1986,86.0
1/2-4 BENNETT AVENUE DARLING POINT,DARLING POINT,NSW,2027,40,1986,86.0
60 WALLIS PARADE NORTH BONDI,NORTH BONDI,NSW,2026,40,1986,86.0
13 FAIRLIGHT ROAD MULGOA,MULGOA,NSW,2745,35,1991,86.0
61 MORUBEN ROAD MOSMAN,MOSMAN,NSW,2088,40,1986,86.0
32 EXPLORERS ROAD GLENBROOK,GLENBROOK,NSW,2773,40,1986,86.0
2 OLD BEECROFT ROAD CHELTENHAM,CHELTENHAM,NSW,2119,40,1986,86.0
24 HILLMONT AVENUE THORNLEIGH,THORNLEIGH,NSW,2120,35,1991,86.0
63 GUMNUT ROAD CHERRYBROOK,CHERRYBROOK,NSW,2126,35,1991,86.0
12 PARKHILL CRESCENT CHERRYBROOK,CHERRYBROOK,NSW,2126,35,1991,86.0
55 HULL ROAD BEECROFT,BEECROFT,NSW,2119,35,1991,86.0
229 EXCELSIOR AVENUE CASTLE HILL,CASTLE HILL,NSW,2154,40,1986,86.0
625 WARRINGAH ROAD FORESTVILLE,FORESTVILLE,NSW,2087,40,1986,86.0
14 HILMER STREET FRENCHS FOREST,FRENCHS FOREST,NSW,2086,40,1986,86.0
9 LANDY PLACE BEACON HILL,BEACON HILL,NSW,2100,40,1986,86.0
156 TORONTO AVENUE CROMER,CROMER,NSW,2099,40,1986,86.0
194 SOUTH CREEK ROAD WHEELER HEIGHTS,WHEELER HEIGHTS,NSW,2097,40,1986,86.0
18 CARISSA AVENUE ST IVES,ST IVES,NSW,2075,35,1991,86.0
50A ALVONA AVENUE ST IVES,ST IVES,NSW,2075,35,1991,86.0
5 WIRRA CLOSE ST IVES,ST IVES,NSW,2075,35,1991,86.0
17 TOROKINA AVENUE ST IVES,ST IVES,NSW,2075,35,1991,86.0
33 WARRIMOO AVENUE ST IVES,ST IVES,NSW,2075,35,1991,86.0
31 CLEVELAND STREET WAHROONGA,WAHROONGA,NSW,2076,35,1991,86.0
30A WATER STREET WAHROONGA,WAHROONGA,NSW,2076,35,1991,86.0
17 SOUTH STREET STRATHFIELD,STRATHFIELD,NSW,2135,40,1986,85.9
2 BEAUMONT STREET ROSE BAY,ROSE BAY,NSW,2029,40,1986,85.9
13-15 BRADLEYS HEAD ROAD MOSMAN,MOSMAN,NSW,2088,40,1986,85.9
100 COPELAND ROAD BEECROFT,BEECROFT,NSW,2119,40,1986,85.9
6 IRMA PLACE FRENCHS FOREST,FRENCHS FOREST,NSW,2086,40,1986,85.9
94 TORONTO AVENUE CROMER,CROMER,NSW,2099,40,1986,85.9
13 LOCK AVENUE PADSTOW,PADSTOW,NSW,2211,40,1986,85.8
37 LIGURIA STREET MAROUBRA,MAROUBRA,NSW,2035,40,1986,85.8
20 BADGERY AVENUE HOMEBUSH,HOMEBUSH,NSW,2140,40,1986,85.8
561 OLD SOUTH HEAD ROAD ROSE BAY,ROSE BAY,NSW,2029,40,1986,85.8
2A BAYVIEW HILL ROAD ROSE BAY,ROSE BAY,NSW,2029,40,1986,85.8
108 LANG ROAD CENTENNIAL PARK,CENTENNIAL PARK,NSW,2021,40,1986,85.8
8 FITZWILLIAM ROAD VAUCLUSE,VAUCLUSE,NSW,2030,40,1986,85.8
6 BEDIVERE STREET BLACKTOWN,BLACKTOWN,NSW,2148,40,1986,85.8
44 ANCHORAGE STREET ST CLAIR,ST CLAIR,NSW,2759,40,1986,85.8
26 MISTRAL AVENUE MOSMAN,MOSMAN,NSW,2088,40,1986,85.8
4 WALKER PLACE NORTH EPPING,NORTH EPPING,NSW,2121,40,1986,85.8
29 POMONA STREET PENNANT HILLS,PENNANT HILLS,NSW,2120,35,1991,85.8
26 DRAYTON AVENUE CASTLE HILL,CASTLE HILL,NSW,2154,40,1986,85.8
42-42A PEARCE STREET BAULKHAM HILLS,BAULKHAM HILLS,NSW,2153,40,1986,85.8
NURSERY PLACE BELROSE,BELROSE,NSW,2085,35,1991,85.8
41 PARNI PLACE FRENCHS FOREST,FRENCHS FOREST,NSW,2086,40,1986,85.8
49 BEACON AVENUE BEACON HILL,BEACON HILL,NSW,2100,40,1986,85.8
12 GARRICK ROAD ST IVES,ST IVES,NSW,2075,35,1991,85.8
5 KENNEDY PLACE ST IVES,ST IVES,NSW,2075,35,1991,85.8
33A WATER STREET WAHROONGA,WAHROONGA,NSW,2076,35,1991,85.8
76 WESTBROOK AVENUE NORTH WAHROONGA,NORTH WAHROONGA,NSW,2076,35,1991,85.8
16 THE CRESCENT AVALON BEACH,AVALON BEACH,NSW,2107,35,1991,85.8
151 HOMEBUSH ROAD STRATHFIELD,STRATHFIELD,NSW,2135,40,1986,85.7
79 CHALMERS ROAD STRATHFIELD,STRATHFIELD,NSW,2135,40,1986,85.7
59 OXFORD ROAD STRATHFIELD,STRATHFIELD,NSW,2135,40,1986,85.7
47 HOMEBUSH ROAD STRATHFIELD,STRATHFIELD,NSW,2135,40,1986,85.7
3/17-19 GOWER STREET SUMMER HILL,SUMMER HILL,NSW,2130,40,1986,85.7
12 AMAROO CRESCENT MOSMAN,MOSMAN,NSW,2088,35,1991,85.7
17 BURFITT PARADE GLENBROOK,GLENBROOK,NSW,2773,40,1986,85.7
293-295 MALTON ROAD NORTH EPPING,NORTH EPPING,NSW,2121,40,1986,85.7
14 BAILEY CRESCENT NORTH EPPING,NORTH EPPING,NSW,2121,40,1986,85.7
35A CEDARWOOD DRIVE CHERRYBROOK,CHERRYBROOK,NSW,2126,35,1991,85.7
164 OLD NORTHERN ROAD BAULKHAM HILLS,BAULKHAM HILLS,NSW,2153,40,1986,85.7
74 CROMER ROAD CROMER,CROMER,NSW,2099,40,1986,85.7
4 BLIGHS ROAD CROMER,CROMER,NSW,2099,40,1986,85.7
89 DE MEYRICK AVENUE LURNEA,LURNEA,NSW,2170,40,1986,85.6
70 ELY STREET REVESBY,REVESBY,NSW,2212,40,1986,85.6
4 NEW ORLEANS CRESCENT MAROUBRA,MAROUBRA,NSW,2035,40,1986,85.6
86 ALBYN ROAD STRATHFIELD,STRATHFIELD,NSW,2135,40,1986,85.6
38 KARDINIA ROAD MOSMAN,MOSMAN,NSW,2088,40,1986,85.6
15 BURKE STREET BLACKTOWN,BLACKTOWN,NSW,2148,40,1986,85.6
4/85 RAGLAN STREET MOSMAN,MOSMAN,NSW,2088,40,1986,85.6
9 MILITARY ROAD DOVER HEIGHTS,DOVER HEIGHTS,NSW,2030,40,1986,85.6
8 HERBERT STREET REGENTVILLE,REGENTVILLE,NSW,2745,40,1986,85.6
1 BELLATA COURT GLENBROOK,GLENBROOK,NSW,2773,40,1986,85.6
3 MANGIRI ROAD BEECROFT,BEECROFT,NSW,2119,35,1991,85.6
27 BELINDA CRESCENT NORTH EPPING,NORTH EPPING,NSW,2121,40,1986,85.6
23 VAUGHAN AVENUE PENNANT HILLS,PENNANT HILLS,NSW,2120,35,1991,85.6
50 RANGERS RETREAT ROAD FRENCHS FOREST,FRENCHS FOREST,NSW,2086,40,1986,85.6
14 RYAN PLACE BEACON HILL,BEACON HILL,NSW,2100,40,1986,85.6
15 HOWSE CRESCENT CROMER,CROMER,NSW,2099,40,1986,85.6
162 FISHER ROAD NORTH CROMER,NORTH CROMER,NSW,,40,1986,85.6
11 PINDURO PLACE CROMER,CROMER,NSW,2099,40,1986,85.6
21 COLLINS ROAD ST IVES,ST IVES,NSW,2075,35,1991,85.6
BOBBIN HEAD ROAD NORTH TURRAMURRA,NORTH TURRAMURRA,NSW,2074,35,1991,85.6
12 MYRA STREET WAHROONGA,WAHROONGA,NSW,2076,35,1991,85.6
81 CARRINGTON ROAD WAHROONGA,WAHROONGA,NSW,2076,35,1991,85.6
130 IRRUBEL ROAD NEWPORT,NEWPORT,NSW,2106,40,1986,85.6
7 FRANCES AVENUE STRATHFIELD SOUTH,STRATHFIELD SOUTH,NSW,2136,40,1986,85.5
25 VICTORY STREET ROSE BAY,ROSE BAY,NSW,2029,40,1986,85.5
CAMDEN VALLEY WAY PRESTONS,PRESTONS,NSW,2170,40,1986,85.4
88 VIOLET STREET REVESBY,REVESBY,NSW,2212,40,1986,85.4
13 BODEN AVENUE STRATHFIELD,STRATHFIELD,NSW,2135,40,1986,85.4
22 BADGERY AVENUE HOMEBUSH,HOMEBUSH,NSW,2140,40,1986,85.4
28 WOODS PARADE FAIRLIGHT,FAIRLIGHT,NSW,2094,40,1986,85.4
21 WARNE STREET PENNANT HILLS,PENNANT HILLS,NSW,2120,35,1991,85.4
92 SUTHERLAND ROAD BEECROFT,BEECROFT,NSW,2119,40,1986,85.4
20 DRAYTON AVENUE CASTLE HILL,CASTLE HILL,NSW,2154,40,1986,85.4
22 SARAH CRESCENT BAULKHAM HILLS,BAULKHAM HILLS,NSW,2153,40,1986,85.4
25 TYALLA AVENUE FRENCHS FOREST,FRENCHS FOREST,NSW,2086,40,1986,85.4
2 KYLIE PLACE FRENCHS FOREST,FRENCHS FOREST,NSW,2086,40,1986,85.4
6 IKARA PLACE ST IVES,ST IVES,NSW,2075,35,1991,85.4
32 MELALEUCA DRIVE ST IVES,ST IVES,NSW,2075,35,1991,85.4
58 HORACE STREET ST IVES,ST IVES,NSW,2075,35,1991,85.4
46 ATHENA AVENUE ST IVES,ST IVES,NSW,2075,35,1991,85.4
10 YORK STREET GLENBROOK,GLENBROOK,NSW,2773,40,1986,85.4
53A BUNDARRA AVENUE WAHROONGA,WAHROONGA,NSW,2076,35,1991,85.4
6 GROSVENOR STREET WAHROONGA,WAHROONGA,NSW,2076,35,1991,85.4
16 NAGLE PLACE NORTH TURRAMURRA,NORTH TURRAMURRA,NSW,2074,35,1991,85.4
151 WARRIEWOOD ROAD WARRIEWOOD,WARRIEWOOD,NSW,2102,40,1986,85.4
155-157 NORTH LIVERPOOL ROAD BONNYRIGG,BONNYRIGG,NSW,2177,40,1986,85.3
67 CARSON STREET PANANIA,PANANIA,NSW,2213,40,1986,85.3
13 SHORTLAND AVENUE STRATHFIELD,STRATHFIELD,NSW,2135,40,1986,85.3
141 CROYDON AVENUE CROYDON PARK,CROYDON PARK,NSW,2133,40,1986,85.3
8 TIVOLI AVENUE ROSE BAY,ROSE BAY,NSW,2029,40,1986,85.3
30 BULKARA ROAD BELLEVUE HILL,BELLEVUE HILL,NSW,2023,40,1986,85.3
19 COOLONG ROAD VAUCLUSE,VAUCLUSE,NSW,2030,40,1986,85.3
366-368 EDGECLIFF ROAD WOOLLAHRA,WOOLLAHRA,NSW,2025,40,1986,85.3
26 SEAFORTH CRESCENT SEAFORTH,SEAFORTH,NSW,2092,40,1986,85.3
10 ABOUKIR STREET DOVER HEIGHTS,DOVER HEIGHTS,NSW,2030,40,1986,85.3
7 IRRIBIN STREET MARAYONG,MARAYONG,NSW,2148,40,1986,85.3
244 MALTON ROAD NORTH EPPING,NORTH EPPING,NSW,2121,40,1986,85.3
6 DERWENT PLACE CASTLE HILL,CASTLE HILL,NSW,2154,40,1986,85.3
222 HARBORD ROAD BROOKVALE,BROOKVALE,NSW,2100,40,1986,85.3
18 MAYBROOK AVENUE CROMER,CROMER,NSW,2099,40,1986,85.3
68 HAY STREET COLLAROY,COLLAROY,NSW,2097,40,1986,85.3
83 TORONTO AVENUE CROMER,CROMER,NSW,2099,40,1986,85.3
27 MERRIWA STREET GORDON,GORDON,NSW,2072,40,1986,85.3
1 HALESMITH ROAD MONA VALE,MONA VALE,NSW,2103,40,1986,85.3
30-32 WAKEFORD ROAD STRATHFIELD,STRATHFIELD,NSW,2135,40,1986,85.2
161C SEAFORTH CRESCENT SEAFORTH,SEAFORTH,NSW,2092,40,1986,85.2
179 WARRINGAH ROAD BEACON HILL,BEACON HILL,NSW,2100,40,1986,85.2
51A BENAROON AVENUE ST IVES,ST IVES,NSW,2075,35,1991,85.2
14 CHISHOLM STREET SOUTH TURRAMURRA,SOUTH TURRAMURRA,NSW,2074,40,1986,85.2
2 ANDERSON AVENUE SOUTH TURRAMURRA,SOUTH TURRAMURRA,NSW,2074,40,1986,85.2
71 CLARENCE STREET CONDELL PARK,CONDELL PARK,NSW,2200,35,1991,85.1
140 STOREY STREET MAROUBRA,MAROUBRA,NSW,2035,35,1991,85.1
114 JOYNTON AVENUE ZETLAND,ZETLAND,NSW,2017,40,1986,85.1
87 ROCHESTER STREET HOMEBUSH,HOMEBUSH,NSW,2140,35,1991,85.1
12 BIRNAM GROVE STRATHFIELD,STRATHFIELD,NSW,2135,40,1986,85.1
49 HOMEBUSH ROAD STRATHFIELD,STRATHFIELD,NSW,2135,40,1986,85.1
2 FRANCIS STREET STRATHFIELD,STRATHFIELD,NSW,2135,40,1986,85.1
57 MACKENZIE STREET STRATHFIELD,STRATHFIELD,NSW,2135,40,1986,85.1
19 KENT ROAD ROSE BAY,ROSE BAY,NSW,2029,40,1986,85.1
68-69 NEW BEACH ROAD DARLING POINT,DARLING POINT,NSW,2027,40,1986,85.1
3 LORIKEET PLACE ST CLAIR,ST CLAIR,NSW,2759,40,1986,85.1
15 WHIPBIRD PLACE ERSKINE PARK,ERSKINE PARK,NSW,2759,35,1991,85.1
7 WYONG ROAD MOSMAN,MOSMAN,NSW,2088,35,1991,85.1
25 RANGERS AVENUE MOSMAN,MOSMAN,NSW,2088,35,1991,85.1
178 FRANCIS GREENWAY DRIVE CHERRYBROOK,CHERRYBROOK,NSW,2126,35,1991,85.1
27 FRANCIS GREENWAY DRIVE CHERRYBROOK,CHERRYBROOK,NSW,2126,35,1991,85.1
1 BELLAMY STREET PENNANT HILLS,PENNANT HILLS,NSW,2120,35,1991,85.1
34 BOUNDARY ROAD PENNANT HILLS,PENNANT HILLS,NSW,2120,35,1991,85.1
51 BOUNDARY ROAD PENNANT HILLS,PENNANT HILLS,NSW,2120,35,1991,85.1
11 KILLALOE AVENUE PENNANT HILLS,PENNANT HILLS,NSW,2120,35,1991,85.1
30 DEAN STREET WEST PENNANT HILLS,WEST PENNANT HILLS,NSW,2125,35,1991,85.1
1 GAVIN PLACE CHERRYBROOK,CHERRYBROOK,NSW,2126,35,1991,85.1
2 CYNTHIA AVENUE CASTLE HILL,CASTLE HILL,NSW,2154,35,1991,85.1
106 CECIL AVENUE CASTLE HILL,CASTLE HILL,NSW,2154,35,1991,85.1
26 AMBLESIDE DRIVE CASTLE HILL,CASTLE HILL,NSW,2154,35,1991,85.1
2 HERITAGE COURT CASTLE HILL,CASTLE HILL,NSW,2154,35,1991,85.1
5 BENEDICTINE PLACE CHERRYBROOK,CHERRYBROOK,NSW,2126,35,1991,85.1
25 MARIAM PLACE CHERRYBROOK,CHERRYBROOK,NSW,2126,35,1991,85.1
7A ROWALLAN AVENUE CASTLE HILL,CASTLE HILL,NSW,2154,35,1991,85.1
16 BOLWARRA CRESCENT CASTLE HILL,CASTLE HILL,NSW,2154,35,1991,85.1
22 PARNI PLACE FRENCHS FOREST,FRENCHS FOREST,NSW,2086,40,1986,85.1
8 WAREKILA ROAD BEACON HILL,BEACON HILL,NSW,2100,40,1986,85.1
22 HOWSE CRESCENT CROMER,CROMER,NSW,2099,40,1986,85.1
233 FISHER ROAD NORTH CROMER,NORTH CROMER,NSW,,40,1986,85.1
5 WOODWARD STREET CROMER,CROMER,NSW,2099,40,1986,85.1
5 BLIGHS ROAD CROMER,CROMER,NSW,2099,35,1991,85.1
45 BLIGHS ROAD CROMER,CROMER,NSW,2099,40,1986,85.1
85 CROMER ROAD CROMER,CROMER,NSW,2099,40,1986,85.1
51 BENAROON AVENUE ST IVES,ST IVES,NSW,2075,35,1991,85.1
15 RICHARD ROAD ST IVES,ST IVES,NSW,2075,35,1991,85.1
45 ALVONA AVENUE ST IVES,ST IVES,NSW,2075,35,1991,85.1
76 YARRABUNG ROAD ST IVES,ST IVES,NSW,2075,35,1991,85.1
42 CAMBOURNE AVENUE ST IVES,ST IVES,NSW,2075,35,1991,85.1
11 CATES PLACE ST IVES,ST IVES,NSW,2075,35,1991,85.1
31 ST GEORGES CRESCENT FAULCONBRIDGE,FAULCONBRIDGE,NSW,2776,35,1991,85.1
5 YANDINA AVENUE WINMALEE,WINMALEE,NSW,2777,35,1991,85.1
12 DENNIS AVENUE WAHROONGA,WAHROONGA,NSW,2076,35,1991,85.1
69 KULGOA ROAD PYMBLE,PYMBLE,NSW,2073,35,1991,85.1
1 CAPE PLACE CHERRYBROOK,CHERRYBROOK,NSW,2126,35,1991,85.1
15 TEDDICK PLACE CHERRYBROOK,CHERRYBROOK,NSW,2126,35,1991,85.1
17 THE GREENWAY DUFFYS FOREST,FOREST,NSW,,35,1991,85.1
10 LAITOKI ROAD TERREY HILLS,TERREY HILLS,NSW,2084,35,1991,85.1
3 HILLPINE PLACE TERREY HILLS,TERREY HILLS,NSW,2084,35,1991,85.1
77 HAMPDEN AVENUE WAHROONGA,WAHROONGA,NSW,2076,35,1991,85.1
7A MIOWERA ROAD NORTH TURRAMURRA,NORTH TURRAMURRA,NSW,2074,35,1991,85.1
283A BOBBIN HEAD ROAD NORTH TURRAMURRA,NORTH TURRAMURRA,NSW,2074,35,1991,85.1
84 IRRUBEL ROAD NEWPORT,NEWPORT,NSW,2106,40,1986,85.1
359 ARDEN STREET SOUTH COOGEE,SOUTH COOGEE,NSW,2034,40,1986,85.0
1/41-43 MARKET STREET RANDWICK,RANDWICK,NSW,2031,40,1986,85.0
96 ALBYN ROAD STRATHFIELD,STRATHFIELD,NSW,2135,40,1986,85.0
530 NEW SOUTH HEAD ROAD DOUBLE BAY,DOUBLE BAY,NSW,2028,40,1986,85.0
27 TOWNS ROAD VAUCLUSE,VAUCLUSE,NSW,2030,40,1986,85.0
263 CONDAMINE STREET MANLY VALE,MANLY VALE,NSW,2093,40,1986,85.0
18 MURRAY ROAD BEECROFT,BEECROFT,NSW,2119,40,1986,85.0
11 BAILEY CRESCENT NORTH EPPING,NORTH EPPING,NSW,2121,40,1986,85.0
3A MASON AVENUE CHELTENHAM,CHELTENHAM,NSW,2119,40,1986,85.0
18 WOODHILL STREET CASTLE HILL,CASTLE HILL,NSW,2154,40,1986,85.0
13 CANDLEBUSH CRESCENT CASTLE HILL,CASTLE HILL,NSW,2154,40,1986,85.0
26 BOGAN AVENUE BAULKHAM HILLS,BAULKHAM HILLS,NSW,2153,40,1986,85.0
15 HENRY STREET BAULKHAM HILLS,BAULKHAM HILLS,NSW,2153,40,1986,85.0
14 MAYBROOK AVENUE CROMER,CROMER,NSW,2099,40,1986,85.0
44 THE CRESCENT DEE WHY,DEE WHY,NSW,2099,40,1986,85.0
21A CHISHOLM STREET SOUTH TURRAMURRA,SOUTH TURRAMURRA,NSW,2074,40,1986,85.0
2 COOLANGATTA AVENUE ELANORA HEIGHTS,ELANORA HEIGHTS,NSW,2101,40,1986,85.0
82 HAY STREET ASHBURY,ASHBURY,NSW,2193,40,1986,84.9
65-67 ROCHESTER STREET HOMEBUSH,HOMEBUSH,NSW,2140,40,1986,84.9
1 LANCASTER ROAD DOVER HEIGHTS,DOVER HEIGHTS,NSW,2030,40,1986,84.9
733 NEW SOUTH HEAD ROAD ROSE BAY,ROSE BAY,NSW,2029,40,1986,84.9
4 PEMBROKE STREET BLACKTOWN,BLACKTOWN,NSW,2148,40,1986,84.9
4/23-25 CRONIN STREET PENRITH,PENRITH,NSW,2750,35,1991,84.9
92 WESTBANK AVENUE EMU PLAINS,EMU PLAINS,NSW,2750,40,1986,84.9
88 THE CRESCENT CHELTENHAM,CHELTENHAM,NSW,2119,40,1986,84.9
5 BELINDA CRESCENT NORTH EPPING,NORTH EPPING,NSW,2121,40,1986,84.9
31 GUMNUT ROAD CHERRYBROOK,CHERRYBROOK,NSW,2126,35,1991,84.9
47 MACQUARIE DRIVE CHERRYBROOK,CHERRYBROOK,NSW,2126,35,1991,84.9
17 KILLALOE AVENUE PENNANT HILLS,PENNANT HILLS,NSW,2120,35,1991,84.9
127 HULL ROAD WEST PENNANT HILLS,WEST PENNANT HILLS,NSW,2125,35,1991,84.9
15 ADEY PLACE CASTLE HILL,CASTLE HILL,NSW,2154,40,1986,84.9
8 CANNAN CLOSE CHERRYBROOK,CHERRYBROOK,NSW,2126,35,1991,84.9
8 WILLIS AVENUE ST IVES,ST IVES,NSW,2075,35,1991,84.9
16 WARRABINA AVENUE ST IVES,ST IVES,NSW,2075,35,1991,84.9
166 KILLEATON STREET ST IVES,ST IVES,NSW,2075,35,1991,84.9
30A KELVIN ROAD ST IVES,ST IVES,NSW,2075,35,1991,84.9
47 CHASELING AVENUE SPRINGWOOD,SPRINGWOOD,NSW,2777,35,1991,84.9
23 TAMAR PLACE NORTH WAHROONGA,NORTH WAHROONGA,NSW,2076,35,1991,84.9
3 TAMAR PLACE NORTH WAHROONGA,NORTH WAHROONGA,NSW,2076,35,1991,84.9
15 SOMERSET AVENUE NORTH TURRAMURRA,NORTH TURRAMURRA,NSW,2074,35,1991,84.9
15 BURNS ROAD WAHROONGA,WAHROONGA,NSW,2076,35,1991,84.9
22 WEIL AVENUE CROYDON PARK,CROYDON PARK,NSW,2133,40,1986,84.8
81 ABBOTSFORD ROAD HOMEBUSH,HOMEBUSH,NSW,2140,40,1986,84.8
40 BRADLEYS HEAD ROAD MOSMAN,MOSMAN,NSW,2088,40,1986,84.8
18 DEWDNEY ROAD EMU PLAINS,EMU PLAINS,NSW,2750,40,1986,84.8
337A MALTON ROAD NORTH EPPING,NORTH EPPING,NSW,2121,40,1986,84.8
14A BAILEY CRESCENT NORTH EPPING,NORTH EPPING,NSW,2121,40,1986,84.8
124 COPELAND ROAD BEECROFT,BEECROFT,NSW,2119,40,1986,84.8
23 GERALDINE AVENUE BAULKHAM HILLS,BAULKHAM HILLS,NSW,2153,40,1986,84.8
15 GARNER AVENUE FRENCHS FOREST,FRENCHS FOREST,NSW,2086,40,1986,84.8
33 BEACON HILL ROAD BEACON HILL,BEACON HILL,NSW,2100,35,1991,84.8
12 MATONG STREET GORDON,GORDON,NSW,2072,40,1986,84.8
1 WANARI ROAD TERREY HILLS,TERREY HILLS,NSW,2084,35,1991,84.8
230-236 LIVERPOOL ROAD ENFIELD,ENFIELD,NSW,2136,40,1986,84.7
853 NEW SOUTH HEAD ROAD ROSE BAY,ROSE BAY,NSW,2029,35,1991,84.7
25 CLONTARF STREET SEAFORTH,SEAFORTH,NSW,2092,40,1986,84.7
2A CORONATION AVENUE MOSMAN,MOSMAN,NSW,2088,40,1986,84.7
62 RIVER ROAD EMU PLAINS,EMU PLAINS,NSW,2750,40,1986,84.7
15 TROY STREET EMU PLAINS,EMU PLAINS,NSW,2750,40,1986,84.7
11 SHORT STREET THORNLEIGH,THORNLEIGH,NSW,2120,35,1991,84.7
73 BELLAMY STREET PENNANT HILLS,PENNANT HILLS,NSW,2120,35,1991,84.7
19 KIRKHAM STREET BEECROFT,BEECROFT,NSW,2119,40,1986,84.7
109 CARDINAL AVENUE WEST PENNANT HILLS,WEST PENNANT HILLS,NSW,2125,35,1991,84.7
2 RANGERS RETREAT ROAD FRENCHS FOREST,FRENCHS FOREST,NSW,2086,40,1986,84.7
94 BEACON HILL ROAD BEACON HILL,BEACON HILL,NSW,2100,40,1986,84.7
3 PINDURO PLACE CROMER,CROMER,NSW,2099,40,1986,84.7
47 NORTHCOTT ROAD CROMER,CROMER,NSW,2099,40,1986,84.7
34 TOROKINA AVENUE ST IVES,ST IVES,NSW,2075,35,1991,84.7
7 BLACKBURN STREET ST IVES,ST IVES,NSW,2075,35,1991,84.7
130 WARRIMOO AVENUE ST IVES CHASE,ST IVES CHASE,NSW,2075,35,1991,84.7
7 CHADDERTON STREET CABRAMATTA,CABRAMATTA,NSW,2166,35,1991,84.6
1/627 NEW SOUTH HEAD ROAD ROSE BAY,ROSE BAY,NSW,2029,40,1986,84.6
14 STAR CRESCENT WEST PENNANT HILLS,WEST PENNANT HILLS,NSW,2125,35,1991,84.6
16 CARY STREET BAULKHAM HILLS,BAULKHAM HILLS,NSW,2153,35,1991,84.6
24 MARSHALL CRESCENT BEACON HILL,BEACON HILL,NSW,2100,40,1986,84.6
13 ST THOMAS STREET BRONTE,BRONTE,NSW,2024,40,1986,84.5
1A BRADLEY STREET RANDWICK,RANDWICK,NSW,2031,40,1986,84.5
19 HAWKHURST STREET MARRICKVILLE,MARRICKVILLE,NSW,2204,40,1986,84.5
25 PEMBERTON STREET STRATHFIELD,STRATHFIELD,NSW,2135,40,1986,84.5
1 VICTORIA SQUARE ASHFIELD,ASHFIELD,NSW,2131,40,1986,84.5
3 CAMBRIDGE AVENUE VAUCLUSE,VAUCLUSE,NSW,2030,40,1986,84.5
82 INNES ROAD MANLY VALE,MANLY VALE,NSW,2093,40,1986,84.5
46 WOOLGOOLGA STREET NORTH BALGOWLAH,NORTH BALGOWLAH,NSW,2093,40,1986,84.5
34 BURRAWONG AVENUE MOSMAN,MOSMAN,NSW,2088,40,1986,84.5
2 JAMISON ROAD KINGSWOOD,KINGSWOOD,NSW,2747,35,1991,84.5
5 MAROOTA WAY BEECROFT,BEECROFT,NSW,2119,35,1991,84.5
177 COPELAND ROAD BEECROFT,BEECROFT,NSW,2119,40,1986,84.5
120 HULL ROAD WEST PENNANT HILLS,WEST PENNANT HILLS,NSW,2125,35,1991,84.5
50 LYNDON WAY BEECROFT,BEECROFT,NSW,2119,35,1991,84.5
14 RYDAL AVENUE CASTLE HILL,CASTLE HILL,NSW,2154,40,1986,84.5
5 GLENFERN CLOSE WEST PENNANT HILLS,WEST PENNANT HILLS,NSW,2125,35,1991,84.5
34 CASTLEWOOD DRIVE CASTLE HILL,CASTLE HILL,NSW,2154,35,1991,84.5
48 RANGERS RETREAT ROAD FRENCHS FOREST,FRENCHS FOREST,NSW,2086,40,1986,84.5
14 GROVER AVENUE CROMER,CROMER,NSW,2099,40,1986,84.5
106 PARKES ROAD COLLAROY PLATEAU,COLLAROY PLATEAU,NSW,2097,40,1986,84.5
9 HUME AVENUE ST IVES,ST IVES,NSW,2075,35,1991,84.5
14 GARRICK ROAD ST IVES,ST IVES,NSW,2075,35,1991,84.5
2 HAWLEY CLOSE ST IVES,ST IVES,NSW,2075,35,1991,84.5
34 KELVIN ROAD ST IVES,ST IVES,NSW,2075,35,1991,84.5
37 PARK ROAD SPRINGWOOD,SPRINGWOOD,NSW,2777,35,1991,84.5
20 DAY ROAD CHELTENHAM,CHELTENHAM,NSW,2119,40,1986,84.5
97 ADA AVENUE SOUTH WAHROONGA,SOUTH WAHROONGA,NSW,,35,1991,84.5
17 BASS PLACE ST IVES,ST IVES,NSW,2075,35,1991,84.5
2 BERRILLEE STREET TURRAMURRA,TURRAMURRA,NSW,2074,35,1991,84.5
47 KENTIA PARADE CHERRYBROOK,CHERRYBROOK,NSW,2126,35,1991,84.5
20 CURAGUL ROAD NORTH TURRAMURRA,NORTH TURRAMURRA,NSW,2074,35,1991,84.5
159 BARRENJOEY ROAD NEWPORT,NEWPORT,NSW,2106,35,1991,84.5
14 WATERSIDE PARADE PEAKHURST HEIGHTS,PEAKHURST HEIGHTS,NSW,2210,40,1986,84.4
42 MAZARIN STREET RIVERWOOD,RIVERWOOD,NSW,2210,40,1986,84.4
129 ARDEN STREET COOGEE,COOGEE,NSW,2034,35,1991,84.4
15 OXFORD ROAD STRATHFIELD,STRATHFIELD,NSW,2135,40,1986,84.4
42 NEWCASTLE STREET ROSE BAY,ROSE BAY,NSW,2029,40,1986,84.4
27 CHAMBERLAIN AVENUE ROSE BAY,ROSE BAY,NSW,2029,40,1986,84.4
73 HARDY STREET DOVER HEIGHTS,DOVER HEIGHTS,NSW,2030,40,1986,84.4
19 WARREN ROAD BELLEVUE HILL,BELLEVUE HILL,NSW,2023,40,1986,84.4
8 PINDARI ROAD DOVER HEIGHTS,DOVER HEIGHTS,NSW,2030,40,1986,84.4
2 MERRILONG STREET CASTLE HILL,CASTLE HILL,NSW,2154,40,1986,84.4
6 RYRIE AVENUE CROMER,CROMER,NSW,2099,40,1986,84.4
7 NORTHCOTT ROAD CROMER,CROMER,NSW,2099,40,1986,84.4
15 MOOLAH ROAD TERREY HILLS,TERREY HILLS,NSW,2084,35,1991,84.4
3 SCULLIN PLACE NORTH WAHROONGA,NORTH WAHROONGA,NSW,2076,35,1991,84.4
68A ELIMATTA ROAD MONA VALE,MONA VALE,NSW,2103,40,1986,84.4
63 YARRAN ROAD OATLEY,OATLEY,NSW,2223,40,1986,84.3
11 MCCALLUM STREET ROSELANDS,ROSELANDS,NSW,2196,40,1986,84.3
96 SHERWOOD STREET REVESBY,REVESBY,NSW,2212,40,1986,84.3
83 MOVERLY ROAD MAROUBRA,MAROUBRA,NSW,2035,40,1986,84.3
51 NEWTON ROAD STRATHFIELD,STRATHFIELD,NSW,2135,40,1986,84.3
18 HILLCREST AVENUE ASHFIELD,ASHFIELD,NSW,2131,40,1986,84.3
617 OLD SOUTH HEAD ROAD ROSE BAY,ROSE BAY,NSW,2029,40,1986,84.3
20 CAPTAIN PIPERS ROAD VAUCLUSE,VAUCLUSE,NSW,2030,40,1986,84.3
407 OLD SOUTH HEAD ROAD NORTH BONDI,NORTH BONDI,NSW,2026,40,1986,84.3
13 COLLINS AVENUE ROSE BAY,ROSE BAY,NSW,2029,40,1986,84.3
9 BEACH AVENUE VAUCLUSE,VAUCLUSE,NSW,2030,40,1986,84.3
20 DEAN STREET WEST PENNANT HILLS,WEST PENNANT HILLS,NSW,2125,35,1991,84.3
6 CAPELLA PLACE NORMANHURST,NORMANHURST,NSW,2076,35,1991,84.3
31 MURRAY ROAD BEECROFT,BEECROFT,NSW,2119,40,1986,84.3
149-151 BEECROFT ROAD BEECROFT,BEECROFT,NSW,2119,40,1986,84.3
181 EXCELSIOR AVENUE CASTLE HILL,CASTLE HILL,NSW,2154,40,1986,84.3
20 WINTERGREEN PLACE WEST PENNANT HILLS,WEST PENNANT HILLS,NSW,2125,35,1991,84.3
58 NORTHCOTT ROAD CROMER,CROMER,NSW,2099,40,1986,84.3
28 FLINDERS AVENUE ST IVES,ST IVES,NSW,2075,35,1991,84.3
15 BASS PLACE ST IVES,ST IVES,NSW,2075,35,1991,84.3
28 COLLINS ROAD ST IVES,ST IVES,NSW,2075,35,1991,84.3
10 TOROKINA AVENUE ST IVES,ST IVES,NSW,2075,35,1991,84.3
28 KELVIN ROAD ST IVES,ST IVES,NSW,2075,35,1991,84.3
2 BANOOL AVENUE ST IVES,ST IVES,NSW,2075,35,1991,84.3
37-37A PRETORIA PARADE HORNSBY,HORNSBY,NSW,2077,35,1991,84.3
10 GWYNELLEN PLACE CHERRYBROOK,CHERRYBROOK,NSW,2126,35,1991,84.3
70 KEDUMBA CRESCENT NORTH TURRAMURRA,NORTH TURRAMURRA,NSW,2074,35,1991,84.3
28 DUXFORD STREET ELIZABETH HILLS,ELIZABETH HILLS,NSW,2171,40,1986,84.2
10 SHORTLAND AVENUE STRATHFIELD,STRATHFIELD,NSW,2135,40,1986,84.2
609 OLD SOUTH HEAD ROAD ROSE BAY,ROSE BAY,NSW,2029,35,1991,84.2
16 RAWSON ROAD ROSE BAY,ROSE BAY,NSW,2029,40,1986,84.2
32 GILBERT STREET DOVER HEIGHTS,DOVER HEIGHTS,NSW,2030,35,1991,84.2
13 EBSWORTH ROAD ROSE BAY,ROSE BAY,NSW,2029,35,1991,84.2
26 CHATEAU CRESCENT ST CLAIR,ST CLAIR,NSW,2759,35,1991,84.2
155 BLAIR STREET NORTH BONDI,NORTH BONDI,NSW,2026,40,1986,84.2
3B DOWNES STREET NORTH EPPING,NORTH EPPING,NSW,2121,40,1986,84.2
2 KIRKWOOD AVENUE NORTH EPPING,NORTH EPPING,NSW,2121,40,1986,84.2
30 MACQUARIE DRIVE CHERRYBROOK,CHERRYBROOK,NSW,2126,35,1991,84.2
4 MAYBUSH PLACE CHERRYBROOK,CHERRYBROOK,NSW,2126,35,1991,84.2
2 THE CLOISTERS CHERRYBROOK,CHERRYBROOK,NSW,2126,35,1991,84.2
8 MAPLE AVENUE PENNANT HILLS,PENNANT HILLS,NSW,2120,35,1991,84.2
61A BEECROFT ROAD BEECROFT,BEECROFT,NSW,2119,35,1991,84.2
44 VICTORIA ROAD PENNANT HILLS,PENNANT HILLS,NSW,2120,35,1991,84.2
21 CASTLE HILL ROAD WEST PENNANT HILLS,WEST PENNANT HILLS,NSW,2125,35,1991,84.2
15 ALLSOPP AVENUE BAULKHAM HILLS,BAULKHAM HILLS,NSW,2153,40,1986,84.2
92 FRANCIS GREENWAY DRIVE CHERRYBROOK,CHERRYBROOK,NSW,2126,35,1991,84.2
5 WINCHCOMBE PLACE CASTLE HILL,CASTLE HILL,NSW,2154,35,1991,84.2
22 WINCHCOMBE PLACE CASTLE HILL,CASTLE HILL,NSW,2154,40,1986,84.2
12 DRESDEN AVENUE BEACON HILL,BEACON HILL,NSW,2100,40,1986,84.2
16 LITTLE WILLANDRA ROAD CROMER,CROMER,NSW,2099,40,1986,84.2
11 GROVER AVENUE CROMER,CROMER,NSW,2099,40,1986,84.2
2 FOVEAUX PLACE CROMER,CROMER,NSW,2099,40,1986,84.2
14 BASS PLACE ST IVES,ST IVES,NSW,2075,35,1991,84.2
39 DOUGLAS STREET ST IVES,ST IVES,NSW,2075,35,1991,84.2
27 WILLIS AVENUE ST IVES,ST IVES,NSW,2075,35,1991,84.2
23 GREVILLEA AVENUE ST IVES,ST IVES,NSW,2075,35,1991,84.2
6 DORSET DRIVE ST IVES,ST IVES,NSW,2075,35,1991,84.2
CAMBOURNE AVENUE ST IVES,ST IVES,NSW,2075,35,1991,84.2
18 ARONIA AVENUE ST IVES,ST IVES,NSW,2075,35,1991,84.2
30 HAYLE STREET ST IVES,ST IVES,NSW,2075,35,1991,84.2
14 ARONIA AVENUE ST IVES,ST IVES,NSW,2075,35,1991,84.2
17 SIR HENRYS PARADE FAULCONBRIDGE,FAULCONBRIDGE,NSW,2776,35,1991,84.2
7 ANTOINETTE CLOSE WARRAWEE,WARRAWEE,NSW,2074,35,1991,84.2
2 MONA VALE ROAD TERREY HILLS,TERREY HILLS,NSW,2084,35,1991,84.2
3A FRASER ROAD COWAN,COWAN,NSW,2081,35,1991,84.2
WYONG STREET OATLEY,OATLEY,NSW,2223,40,1986,84.1
73 ALBERT ROAD STRATHFIELD,STRATHFIELD,NSW,2135,40,1986,84.1
2/38 NEWCASTLE STREET ROSE BAY,ROSE BAY,NSW,2029,40,1986,84.1
13 NANCY STREET NORTH BONDI,NORTH BONDI,NSW,2026,40,1986,84.1
47-49 WOLSELEY ROAD POINT PIPER,POINT PIPER,NSW,2027,40,1986,84.1
115 CLONTARF STREET SEAFORTH,SEAFORTH,NSW,2092,40,1986,84.1
10 DRESDEN AVENUE BEACON HILL,BEACON HILL,NSW,2100,40,1986,84.1
32 DOROTHY STREET CROMER,CROMER,NSW,2099,40,1986,84.1
65 CLEVELAND AVENUE CROMER,CROMER,NSW,2099,40,1986,84.1
26 BADCOE ROAD CROMER,CROMER,NSW,2099,40,1986,84.1
6 VALS COURT ST IVES,ST IVES,NSW,2075,35,1991,84.1
86 GROSE ROAD FAULCONBRIDGE,FAULCONBRIDGE,NSW,2776,35,1991,84.1
3 WOODRIDGE AVENUE NORTH EPPING,NORTH EPPING,NSW,2121,40,1986,84.1
97 BARRENJOEY ROAD MONA VALE,MONA VALE,NSW,2103,40,1986,84.1
11 BAYVIEW ROAD PEAKHURST HEIGHTS,PEAKHURST HEIGHTS,NSW,2210,40,1986,84.0
64 DENNING STREET SOUTH COOGEE,SOUTH COOGEE,NSW,2034,40,1986,84.0
100 JOYNTON AVENUE ZETLAND,ZETLAND,NSW,2017,40,1986,84.0
17A NEWTON ROAD STRATHFIELD,STRATHFIELD,NSW,2135,40,1986,84.0
2 WAKEFORD ROAD STRATHFIELD,STRATHFIELD,NSW,2135,40,1986,84.0
6 SUMMIT PLACE STRATHFIELD,STRATHFIELD,NSW,2135,40,1986,84.0
7 MELVILLE AVENUE STRATHFIELD,STRATHFIELD,NSW,2135,40,1986,84.0
61 CHALMERS ROAD STRATHFIELD,STRATHFIELD,NSW,2135,40,1986,84.0
11 WILSON STREET STRATHFIELD,STRATHFIELD,NSW,2135,40,1986,84.0
6 WILSON STREET STRATHFIELD,STRATHFIELD,NSW,2135,40,1986,84.0
8 BIRNAM GROVE STRATHFIELD,STRATHFIELD,NSW,2135,40,1986,84.0
26 FIRTH AVENUE STRATHFIELD,STRATHFIELD,NSW,2135,40,1986,84.0
9 MYRNA ROAD STRATHFIELD,STRATHFIELD,NSW,2135,40,1986,84.0
58 PEMBERTON STREET STRATHFIELD,STRATHFIELD,NSW,2135,40,1986,84.0
3 MELVILLE AVENUE STRATHFIELD,STRATHFIELD,NSW,2135,40,1986,84.0
10 ADA AVENUE STRATHFIELD,STRATHFIELD,NSW,2135,40,1986,84.0
35 HYDEBRAE STREET STRATHFIELD,STRATHFIELD,NSW,2135,40,1986,84.0
32 HIGHGATE STREET STRATHFIELD,STRATHFIELD,NSW,2135,40,1986,84.0
37 CAVE ROAD STRATHFIELD,STRATHFIELD,NSW,2135,40,1986,84.0
56 WOODWARD AVENUE STRATHFIELD,STRATHFIELD,NSW,2135,40,1986,84.0
19 MYEE AVENUE STRATHFIELD,STRATHFIELD,NSW,2135,40,1986,84.0
37 SOUTH STREET STRATHFIELD,STRATHFIELD,NSW,2135,40,1986,84.0
54 MYRNA ROAD STRATHFIELD,STRATHFIELD,NSW,2135,40,1986,84.0
59 MYRNA ROAD STRATHFIELD,STRATHFIELD,NSW,2135,40,1986,84.0
115 ALBERT ROAD STRATHFIELD,STRATHFIELD,NSW,2135,40,1986,84.0
18 OXFORD ROAD STRATHFIELD,STRATHFIELD,NSW,2135,40,1986,84.0
192 ALBERT ROAD STRATHFIELD,STRATHFIELD,NSW,2135,40,1986,84.0
18 VICTORIA STREET STRATHFIELD,STRATHFIELD,NSW,2135,40,1986,84.0
15 STRATHLORA STREET STRATHFIELD,STRATHFIELD,NSW,2135,40,1986,84.0
38 MYRNA ROAD STRATHFIELD,STRATHFIELD,NSW,2135,40,1986,84.0
3 WAKEFORD ROAD STRATHFIELD,STRATHFIELD,NSW,2135,40,1986,84.0
20 ALBEMARLE AVENUE ROSE BAY,ROSE BAY,NSW,2029,40,1986,84.0
10 REDAN STREET MOSMAN,MOSMAN,NSW,2088,35,1991,84.0
32 SHEPHERDS DRIVE CHERRYBROOK,CHERRYBROOK,NSW,2126,35,1991,84.0
3 STAR CRESCENT WEST PENNANT HILLS,WEST PENNANT HILLS,NSW,2125,35,1991,84.0
7 SHEPHERDS DRIVE CHERRYBROOK,CHERRYBROOK,NSW,2126,35,1991,84.0
CRAWFORD PLACE BEACON HILL,BEACON HILL,NSW,2100,40,1986,84.0
128 ANZAC AVENUE COLLAROY,COLLAROY,NSW,2097,40,1986,84.0
44 WOODBURY ROAD ST IVES,ST IVES,NSW,2075,35,1991,84.0
63 MEMORIAL AVENUE ST IVES,ST IVES,NSW,2075,35,1991,84.0
310 MONA VALE ROAD ST IVES,ST IVES,NSW,2075,35,1991,84.0
5 TOOLANG ROAD ST IVES,ST IVES,NSW,2075,35,1991,84.0
4 SCOTT PLACE ST IVES,ST IVES,NSW,2075,35,1991,84.0
73 CAMBOURNE AVENUE ST IVES,ST IVES,NSW,2075,35,1991,84.0
205 MONA VALE ROAD TERREY HILLS,TERREY HILLS,NSW,2084,35,1991,84.0
3 CURAGUL ROAD NORTH TURRAMURRA,NORTH TURRAMURRA,NSW,2074,35,1991,84.0
41 ELIMATTA ROAD MONA VALE,MONA VALE,NSW,2103,40,1986,84.0
89 DORA STREET HURSTVILLE,HURSTVILLE,NSW,2220,40,1986,83.9
136A NORTH LIVERPOOL ROAD GREEN VALLEY,GREEN VALLEY,NSW,2168,40,1986,83.9
111 ALBERT ROAD STRATHFIELD,STRATHFIELD,NSW,2135,40,1986,83.9
155 HOMEBUSH ROAD STRATHFIELD,STRATHFIELD,NSW,2135,40,1986,83.9
52 EDGECLIFFE ESPLANADE SEAFORTH,SEAFORTH,NSW,2092,40,1986,83.9
55 WYONG ROAD MOSMAN,MOSMAN,NSW,2088,40,1986,83.9
27 COWDERY STREET GLENBROOK,GLENBROOK,NSW,2773,40,1986,83.9
277 MALTON ROAD NORTH EPPING,NORTH EPPING,NSW,2121,40,1986,83.9
53 LOFTUS ROAD PENNANT HILLS,PENNANT HILLS,NSW,2120,35,1991,83.9
16A THE CRESCENT PENNANT HILLS,PENNANT HILLS,NSW,2120,35,1991,83.9
93 WONGALA CRESCENT PENNANT HILLS,PENNANT HILLS,NSW,2120,35,1991,83.9
41 HANNAH STREET BEECROFT,BEECROFT,NSW,2119,40,1986,83.9
15A WELHAM STREET BEECROFT,BEECROFT,NSW,2119,40,1986,83.9
70 CASTLE HOWARD ROAD BEECROFT,BEECROFT,NSW,2119,40,1986,83.9
6 BONNEFIN PLACE CASTLE HILL,CASTLE HILL,NSW,2154,40,1986,83.9
3 EDWARD STREET BAULKHAM HILLS,BAULKHAM HILLS,NSW,2153,40,1986,83.9
3 PALISANDER PLACE CASTLE HILL,CASTLE HILL,NSW,2154,35,1991,83.9
203 MONA VALE ROAD ST IVES,ST IVES,NSW,2075,35,1991,83.9
29 BLACKBURN STREET ST IVES,ST IVES,NSW,2075,35,1991,83.9
12 HILLARY STREET WEST PYMBLE,WEST PYMBLE,NSW,2073,40,1986,83.9
91 ANNAM ROAD BAYVIEW,BAYVIEW,NSW,2104,35,1991,83.9
70 BARKER ROAD STRATHFIELD,STRATHFIELD,NSW,2135,40,1986,83.8
54 PEMBERTON STREET STRATHFIELD,STRATHFIELD,NSW,2135,40,1986,83.8
21 PHILIP STREET STRATHFIELD,STRATHFIELD,NSW,2135,40,1986,83.8
1 HAMILTON STREET ROSE BAY,ROSE BAY,NSW,2029,40,1986,83.8
5 SUTTIE ROAD BELLEVUE HILL,BELLEVUE HILL,NSW,2023,40,1986,83.8
1 ARMSTRONG STREET SEAFORTH,SEAFORTH,NSW,2092,40,1986,83.8
39B BORONIA AVENUE CHELTENHAM,CHELTENHAM,NSW,2119,40,1986,83.8
26 THE BOULEVARD CHELTENHAM,CHELTENHAM,NSW,2119,40,1986,83.8
64 GEORGE MOBBS DRIVE CASTLE HILL,CASTLE HILL,NSW,2154,40,1986,83.8
18 AMBLESIDE DRIVE CASTLE HILL,CASTLE HILL,NSW,2154,40,1986,83.8
17 BOXWOOD PLACE CHERRYBROOK,CHERRYBROOK,NSW,2126,35,1991,83.8
601 WARRINGAH ROAD FRENCHS FOREST,FRENCHS FOREST,NSW,2086,40,1986,83.8
53 MAYBROOK AVENUE CROMER,CROMER,NSW,2099,40,1986,83.8
91 GROVER AVENUE CROMER,CROMER,NSW,2099,40,1986,83.8
27 WABASH AVENUE CROMER,CROMER,NSW,2099,40,1986,83.8
37 BARRIE STREET EAST KILLARA,EAST KILLARA,NSW,2071,40,1986,83.8
6 NARA PLACE ST IVES,ST IVES,NSW,2075,35,1991,83.8
25 WEEROONA AVENUE ELANORA HEIGHTS,ELANORA HEIGHTS,NSW,2101,40,1986,83.8
158 EASTERN ROAD WAHROONGA,WAHROONGA,NSW,2076,35,1991,83.8
4 MOOREFIELD AVENUE KOGARAH,KOGARAH,NSW,2217,40,1986,83.7
47 BELMONT ROAD MOSMAN,MOSMAN,NSW,2088,40,1986,83.7
27 BELLBIRD CRESCENT BLAXLAND,BLAXLAND,NSW,2774,40,1986,83.7
17 BOGAN AVENUE BAULKHAM HILLS,BAULKHAM HILLS,NSW,2153,40,1986,83.7
73 BEACON HILL ROAD BEACON HILL,BEACON HILL,NSW,2100,40,1986,83.7
18 CONSUL ROAD BROOKVALE,BROOKVALE,NSW,2100,40,1986,83.7
85 BEACONSFIELD STREET REVESBY,REVESBY,NSW,2212,40,1986,83.6
4-6 HENDY AVENUE SOUTH COOGEE,SOUTH COOGEE,NSW,2034,40,1986,83.6
60 NICHOLSON STREET STRATHFIELD,STRATHFIELD,NSW,2135,40,1986,83.6
12 CAVE ROAD STRATHFIELD,STRATHFIELD,NSW,2135,40,1986,83.6
22 HYDEBRAE STREET STRATHFIELD,STRATHFIELD,NSW,2135,40,1986,83.6
142 BELLEVUE ROAD BELLEVUE HILL,BELLEVUE HILL,NSW,2023,40,1986,83.6
39 SALISBURY ROAD ROSE BAY,ROSE BAY,NSW,2029,40,1986,83.6
13 INKERMAN STREET MOSMAN,MOSMAN,NSW,2088,40,1986,83.6
30 LYNE ROAD CHELTENHAM,CHELTENHAM,NSW,2119,40,1986,83.6
50 NEW FARM ROAD WEST PENNANT HILLS,WEST PENNANT HILLS,NSW,2125,35,1991,83.6
40 AUSTRAL AVENUE BEECROFT,BEECROFT,NSW,2119,40,1986,83.6
20 COPPERLEAF PLACE CASTLE HILL,CASTLE HILL,NSW,2154,35,1991,83.6
60 FRANCIS STREET CASTLE HILL,CASTLE HILL,NSW,2154,35,1991,83.6
13 ELIZABETH PLACE BROOKVALE,BROOKVALE,NSW,2100,40,1986,83.6
92 BEACON HILL ROAD BEACON HILL,BEACON HILL,NSW,2100,40,1986,83.6
35A WABASH AVENUE CROMER,CROMER,NSW,2099,40,1986,83.6
SOUTH CREEK ROAD WHEELER HEIGHTS,WHEELER HEIGHTS,NSW,2097,40,1986,83.6
7 PENRITH AVENUE WHEELER HEIGHTS,WHEELER HEIGHTS,NSW,2097,40,1986,83.6
11 WARRABINA AVENUE ST IVES,ST IVES,NSW,2075,35,1991,83.6
5 WALLIS PLACE ST IVES,ST IVES,NSW,2075,35,1991,83.6
7 TIARRI AVENUE TERREY HILLS,TERREY HILLS,NSW,2084,35,1991,83.6
9 LUMEAH AVENUE ELANORA HEIGHTS,ELANORA HEIGHTS,NSW,2101,35,1991,83.6
25 ALMA ROAD PADSTOW,PADSTOW,NSW,2211,40,1986,83.5
147 ARDEN STREET COOGEE,COOGEE,NSW,2034,40,1986,83.5
51 COTSWOLD ROAD STRATHFIELD,STRATHFIELD,NSW,2135,40,1986,83.5
13 OXFORD ROAD STRATHFIELD,STRATHFIELD,NSW,2135,40,1986,83.5
145 WENTWORTH ROAD STRATHFIELD,STRATHFIELD,NSW,2135,40,1986,83.5
16 GILBERT STREET DOVER HEIGHTS,DOVER HEIGHTS,NSW,2030,40,1986,83.5
23-27 LIVERPOOL STREET ROSE BAY,ROSE BAY,NSW,2029,40,1986,83.5
4 DEVON STREET NORTH EPPING,NORTH EPPING,NSW,2121,40,1986,83.5
10 WESSON ROAD WEST PENNANT HILLS,WEST PENNANT HILLS,NSW,2125,35,1991,83.5
53 JENNER STREET BAULKHAM HILLS,BAULKHAM HILLS,NSW,2153,40,1986,83.5
1 GILBERT PLACE FRENCHS FOREST,FRENCHS FOREST,NSW,2086,40,1986,83.5
50 BLIGHS ROAD CROMER,CROMER,NSW,2099,40,1986,83.5
18 RICHARD ROAD ST IVES,ST IVES,NSW,2075,35,1991,83.5
14 CAMBOURNE AVENUE ST IVES,ST IVES,NSW,2075,35,1991,83.5
90 BASSETT STREET MONA VALE,MONA VALE,NSW,2103,40,1986,83.5
34 BARGO PLACE PRESTONS,PRESTONS,NSW,2170,35,1991,83.4
1 HOWE AVENUE HORNINGSEA PARK,HORNINGSEA PARK,NSW,2171,40,1986,83.4
48 BARKER ROAD STRATHFIELD,STRATHFIELD,NSW,2135,40,1986,83.4
105 HOMEBUSH ROAD STRATHFIELD,STRATHFIELD,NSW,2135,40,1986,83.4
5 OXFORD ROAD STRATHFIELD,STRATHFIELD,NSW,2135,40,1986,83.4
756-758 NEW SOUTH HEAD ROAD ROSE BAY,ROSE BAY,NSW,2029,35,1991,83.4
21 PARRIWI ROAD MOSMAN,MOSMAN,NSW,2088,40,1986,83.4
310 MALTON ROAD NORTH EPPING,NORTH EPPING,NSW,2121,40,1986,83.4
32 LOFTUS ROAD PENNANT HILLS,PENNANT HILLS,NSW,2120,35,1991,83.4
3 FERNGREEN WAY CASTLE HILL,CASTLE HILL,NSW,2154,35,1991,83.4
19 KALIANNA CRESCENT BEACON HILL,BEACON HILL,NSW,2100,40,1986,83.4
13 MACQUARIE STREET CROMER,CROMER,NSW,2099,40,1986,83.4
14 TORRES PLACE ST IVES,ST IVES,NSW,2075,35,1991,83.4
8 KENTHURST ROAD ST IVES,ST IVES,NSW,2075,35,1991,83.4
57 LYNBARA AVENUE ST IVES,ST IVES,NSW,2075,35,1991,83.4
140-146 PACIFIC HIGHWAY HORNSBY,HORNSBY,NSW,2077,35,1991,83.4
127 LAGOON STREET NARRABEEN,NARRABEEN,NSW,2101,40,1986,83.4
107 BOUNDARY ROAD WAHROONGA,WAHROONGA,NSW,2076,35,1991,83.4
4 ASH PLACE SOUTH COOGEE,SOUTH COOGEE,NSW,2034,40,1986,83.3
22 BAREENA STREET STRATHFIELD,STRATHFIELD,NSW,2135,40,1986,83.3
8 MOUNT STREET STRATHFIELD,STRATHFIELD,NSW,2135,40,1986,83.3
27 MACKENZIE STREET HOMEBUSH,HOMEBUSH,NSW,2140,35,1991,83.3
25 KENT ROAD ROSE BAY,ROSE BAY,NSW,2029,35,1991,83.3
2 BUENA VISTA AVENUE MOSMAN,MOSMAN,NSW,2088,35,1991,83.3
19 ALAN AVENUE SEAFORTH,SEAFORTH,NSW,2092,40,1986,83.3
41 MIDDLE HEAD ROAD MOSMAN,MOSMAN,NSW,2088,35,1991,83.3
4 TRIDA PLACE EMU PLAINS,EMU PLAINS,NSW,2750,35,1991,83.3
14-16 FRANKLIN ROAD CHERRYBROOK,CHERRYBROOK,NSW,2126,35,1991,83.3
64 FRANCIS GREENWAY DRIVE CHERRYBROOK,CHERRYBROOK,NSW,2126,35,1991,83.3
33 MANUKA CIRCLE CHERRYBROOK,CHERRYBROOK,NSW,2126,35,1991,83.3
102 FRANCIS GREENWAY DRIVE CHERRYBROOK,CHERRYBROOK,NSW,2126,35,1991,83.3
20 YANDERRA GROVE CHERRYBROOK,CHERRYBROOK,NSW,2126,35,1991,83.3
36 CEDARWOOD DRIVE CHERRYBROOK,CHERRYBROOK,NSW,2126,35,1991,83.3
30 CASUARINA DRIVE CHERRYBROOK,CHERRYBROOK,NSW,2126,35,1991,83.3
11 LONICERA PLACE CHERRYBROOK,CHERRYBROOK,NSW,2126,35,1991,83.3
2 FAIRBURN AVENUE WEST PENNANT HILLS,WEST PENNANT HILLS,NSW,2125,35,1991,83.3
20 BLACKBUTT AVENUE PENNANT HILLS,PENNANT HILLS,NSW,2120,35,1991,83.3
48 BLACKBUTT AVENUE PENNANT HILLS,PENNANT HILLS,NSW,2120,35,1991,83.3
6 HENRY STREET BAULKHAM HILLS,BAULKHAM HILLS,NSW,2153,35,1991,83.3
6 LUDLOW ROAD CASTLE HILL,CASTLE HILL,NSW,2154,35,1991,83.3
53 GROVER AVENUE CROMER,CROMER,NSW,2099,35,1991,83.3
15 CRANFORD AVENUE ST IVES,ST IVES,NSW,2075,35,1991,83.3
45 COLLINS ROAD ST IVES,ST IVES,NSW,2075,35,1991,83.3
9 TORRES PLACE ST IVES,ST IVES,NSW,2075,35,1991,83.3
10 GREVILLEA AVENUE ST IVES,ST IVES,NSW,2075,35,1991,83.3
55 AYRES ROAD ST IVES,ST IVES,NSW,2075,35,1991,83.3
9 MYRTLE PLACE ST IVES,ST IVES,NSW,2075,35,1991,83.3
318 MONA VALE ROAD ST IVES,ST IVES,NSW,2075,35,1991,83.3
66 AYRES ROAD ST IVES,ST IVES,NSW,2075,35,1991,83.3
25 WILLIS AVENUE ST IVES,ST IVES,NSW,2075,35,1991,83.3
6 JEFFERSON AVENUE ST IVES,ST IVES,NSW,2075,35,1991,83.3
8 ATHENA AVENUE ST IVES,ST IVES,NSW,2075,35,1991,83.3
3 DARLING STREET ST IVES,ST IVES,NSW,2075,35,1991,83.3
157 PACIFIC PARADE DEE WHY,DEE WHY,NSW,2099,35,1991,83.3
10 ORINOCO STREET PYMBLE,PYMBLE,NSW,2073,35,1991,83.3
8 LUTON PLACE ST IVES,ST IVES,NSW,2075,35,1991,83.3
40 COLLINS ROAD ST IVES,ST IVES,NSW,2075,35,1991,83.3
20 MACQUARIE ROAD PYMBLE,PYMBLE,NSW,2073,35,1991,83.3
64 BOBBIN HEAD ROAD TURRAMURRA,TURRAMURRA,NSW,2074,35,1991,83.3
8 FALLON DRIVE DURAL,DURAL,NSW,2158,35,1991,83.3
5 HOYA PLACE CHERRYBROOK,CHERRYBROOK,NSW,2126,35,1991,83.3
18 CAMBOURNE AVENUE ST IVES,ST IVES,NSW,2075,35,1991,83.3
15 KAFFIR CLOSE CHERRYBROOK,CHERRYBROOK,NSW,2126,35,1991,83.3
94 MYOORA ROAD TERREY HILLS,TERREY HILLS,NSW,2084,35,1991,83.3
17 EMERALD STREET NARRABEEN,NARRABEEN,NSW,2101,35,1991,83.3
12 BRENNAN CLOSE ASQUITH,ASQUITH,NSW,2077,35,1991,83.3
16-18 MURIEL STREET HORNSBY,HORNSBY,NSW,2077,35,1991,83.3
54 AMOR STREET HORNSBY,HORNSBY,NSW,2077,35,1991,83.3
9 ROYSTON PARADE ASQUITH,ASQUITH,NSW,2077,35,1991,83.3
17-19 BALMORAL STREET WAITARA,WAITARA,NSW,2077,35,1991,83.3
77 ALEXANDRIA PARADE WAHROONGA,WAHROONGA,NSW,2076,35,1991,83.3
28 YOUNG STREET WAHROONGA,WAHROONGA,NSW,2076,35,1991,83.3
1 HOPKINS PLACE NORTH TURRAMURRA,NORTH TURRAMURRA,NSW,2074,35,1991,83.3
3 SHELBY ROAD ST IVES CHASE,ST IVES CHASE,NSW,2075,35,1991,83.3
260 BOBBIN HEAD ROAD NORTH TURRAMURRA,NORTH TURRAMURRA,NSW,2074,35,1991,83.3
43 DURAL STREET HORNSBY,HORNSBY,NSW,2077,35,1991,83.3
119 PRINCE ALFRED PARADE NEWPORT,NEWPORT,NSW,2106,35,1991,83.3
76 ALMA ROAD PADSTOW,PADSTOW,NSW,2211,40,1986,83.2
5 STEPHEN STREET RANDWICK,RANDWICK,NSW,2031,40,1986,83.2
20 NORTON STREET KINGSFORD,KINGSFORD,NSW,2032,40,1986,83.2
29 SOUTH STREET STRATHFIELD,STRATHFIELD,NSW,2135,40,1986,83.2
88 VICTORIA ROAD BELLEVUE HILL,BELLEVUE HILL,NSW,2023,40,1986,83.2
11 KINGS ROAD VAUCLUSE,VAUCLUSE,NSW,2030,40,1986,83.2
323 EDGECLIFF ROAD WOOLLAHRA,WOOLLAHRA,NSW,2025,40,1986,83.2
181 VICTORIA ROAD BELLEVUE HILL,BELLEVUE HILL,NSW,2023,40,1986,83.2
11 HARDY STREET NORTH BONDI,NORTH BONDI,NSW,2026,40,1986,83.2
10 BAILEY CRESCENT NORTH EPPING,NORTH EPPING,NSW,2121,40,1986,83.2
14 BROKENWOOD PLACE CHERRYBROOK,CHERRYBROOK,NSW,2126,35,1991,83.2
151 COPELAND ROAD BEECROFT,BEECROFT,NSW,2119,40,1986,83.2
45 BRUNETTE DRIVE CASTLE HILL,CASTLE HILL,NSW,2154,40,1986,83.2
1 SALERNO STREET FORESTVILLE,FORESTVILLE,NSW,2087,40,1986,83.2
60 NEWTON ROAD STRATHFIELD,STRATHFIELD,NSW,2135,40,1986,83.1
MITCHELL ROAD STRATHFIELD,STRATHFIELD,NSW,2135,40,1986,83.1
24 MITCHELL ROAD STRATHFIELD,STRATHFIELD,NSW,2135,40,1986,83.1
95 REDMYRE ROAD STRATHFIELD,STRATHFIELD,NSW,2135,40,1986,83.1
310 BURWOOD ROAD BURWOOD,BURWOOD,NSW,2134,40,1986,83.1
64 WOODWARD AVENUE STRATHFIELD,STRATHFIELD,NSW,2135,40,1986,83.1
7 ELWIN STREET STRATHFIELD,STRATHFIELD,NSW,2135,40,1986,83.1
17-23 NEWLAND STREET BONDI JUNCTION,BONDI JUNCTION,NSW,2022,40,1986,83.1
39 LANCASTER ROAD DOVER HEIGHTS,DOVER HEIGHTS,NSW,2030,40,1986,83.1
31 CLYDE STREET NORTH BONDI,NORTH BONDI,NSW,2026,40,1986,83.1
18 LAMBE PLACE CHERRYBROOK,CHERRYBROOK,NSW,2126,35,1991,83.1
8 WILLIS AVENUE PENNANT HILLS,PENNANT HILLS,NSW,2120,35,1991,83.1
201 BOUNDARY ROAD CHERRYBROOK,CHERRYBROOK,NSW,2126,35,1991,83.1
14 BINOMEA PLACE PENNANT HILLS,PENNANT HILLS,NSW,2120,35,1991,83.1
28 AZALEA GROVE PENNANT HILLS,PENNANT HILLS,NSW,2120,35,1991,83.1
8 GREENOAKS AVENUE CHERRYBROOK,CHERRYBROOK,NSW,2126,35,1991,83.1
39 GOODLANDS AVENUE THORNLEIGH,THORNLEIGH,NSW,2120,35,1991,83.1
4 CYNTHIA AVENUE CASTLE HILL,CASTLE HILL,NSW,2154,35,1991,83.1
4 THOMPSON PLACE BAULKHAM HILLS,BAULKHAM HILLS,NSW,2153,35,1991,83.1
54 ROCKLEY AVENUE BAULKHAM HILLS,BAULKHAM HILLS,NSW,2153,35,1991,83.1
3 FITZPATRICK AVENUE EAST FRENCHS FOREST,EAST FRENCHS FOREST,NSW,,40,1986,83.1
2 CARAWA ROAD CROMER,CROMER,NSW,2099,40,1986,83.1
178 SOUTH CREEK ROAD WHEELER HEIGHTS,WHEELER HEIGHTS,NSW,2097,40,1986,83.1
95 LUCINDA AVENUE WAHROONGA,WAHROONGA,NSW,2076,35,1991,83.1
41 BOBBIN HEAD ROAD TURRAMURRA,TURRAMURRA,NSW,2074,35,1991,83.1
17 HIGHLANDS AVENUE WAHROONGA,WAHROONGA,NSW,2076,35,1991,83.1
16 BROWNING ROAD NORTH TURRAMURRA,NORTH TURRAMURRA,NSW,2074,35,1991,83.1
58-60 FLORENCE STREET HORNSBY,HORNSBY,NSW,2077,35,1991,83.1
4 MARINE PARADE MAROUBRA,MAROUBRA,NSW,2035,40,1986,83.0
10 PEMBERTON STREET STRATHFIELD,STRATHFIELD,NSW,2135,35,1991,83.0
41 COTSWOLD ROAD STRATHFIELD,STRATHFIELD,NSW,2135,40,1986,83.0
74-80 BERESFORD ROAD STRATHFIELD,STRATHFIELD,NSW,2135,40,1986,83.0
82-94 DARLINGHURST ROAD POTTS POINT,POTTS POINT,NSW,2011,40,1986,83.0
5 WUNULLA ROAD POINT PIPER,POINT PIPER,NSW,2027,40,1986,83.0
2 WINGADAL PLACE POINT PIPER,POINT PIPER,NSW,2027,40,1986,83.0
69 KASTELAN STREET BLACKTOWN,BLACKTOWN,NSW,2148,35,1991,83.0
8 DERBY STREET VAUCLUSE,VAUCLUSE,NSW,2030,35,1991,83.0
18 ALLARD STREET PENRITH,PENRITH,NSW,2750,35,1991,83.0
231 MALTON ROAD NORTH EPPING,NORTH EPPING,NSW,2121,40,1986,83.0
16 KENBURN AVENUE CHERRYBROOK,CHERRYBROOK,NSW,2126,35,1991,83.0
32 NEW FARM ROAD WEST PENNANT HILLS,WEST PENNANT HILLS,NSW,2125,35,1991,83.0
16 FERNLEIGH CLOSE CHERRYBROOK,CHERRYBROOK,NSW,2126,35,1991,83.0
10 MAPLE AVENUE PENNANT HILLS,PENNANT HILLS,NSW,2120,35,1991,83.0
25 BOWERMAN PLACE CHERRYBROOK,CHERRYBROOK,NSW,2126,35,1991,83.0
18 MYRTLE STREET NORMANHURST,NORMANHURST,NSW,2076,35,1991,83.0
38 GOODLANDS AVENUE THORNLEIGH,THORNLEIGH,NSW,2120,35,1991,83.0
2 KEELENDI ROAD WEST PENNANT HILLS,WEST PENNANT HILLS,NSW,2125,35,1991,83.0
10 BORONIA AVENUE BEECROFT,BEECROFT,NSW,2119,40,1986,83.0
79 GRACE AVENUE FORESTVILLE,FORESTVILLE,NSW,2087,40,1986,83.0
11 BEACON AVENUE BEACON HILL,BEACON HILL,NSW,2100,35,1991,83.0
28 THOMSON AVENUE SPRINGWOOD,SPRINGWOOD,NSW,2777,35,1991,83.0
54 MAXWELL STREET SOUTH TURRAMURRA,SOUTH TURRAMURRA,NSW,2074,40,1986,83.0
18 GLENWOOD CLOSE WAHROONGA,WAHROONGA,NSW,2076,35,1991,83.0
107 PURCHASE ROAD CHERRYBROOK,CHERRYBROOK,NSW,2126,35,1991,83.0
14 BLACKWATTLE PLACE CHERRYBROOK,CHERRYBROOK,NSW,2126,35,1991,83.0
16 BELLTREE CRESCENT CASTLE HILL,CASTLE HILL,NSW,2154,35,1991,83.0
18 JINCHILLA ROAD TERREY HILLS,TERREY HILLS,NSW,2084,35,1991,83.0
3 YALLAMBEE PLACE TERREY HILLS,TERREY HILLS,NSW,2084,35,1991,83.0
57 URANUS ROAD REVESBY,REVESBY,NSW,2212,40,1986,82.9
14 NEWTON ROAD STRATHFIELD,STRATHFIELD,NSW,2135,40,1986,82.9
38 HYDEBRAE STREET STRATHFIELD,STRATHFIELD,NSW,2135,40,1986,82.9
17 CARRINGTON AVENUE STRATHFIELD,STRATHFIELD,NSW,2135,40,1986,82.9
110 HOMEBUSH ROAD STRATHFIELD,STRATHFIELD,NSW,2135,40,1986,82.9
2/22 ALBYN ROAD STRATHFIELD,STRATHFIELD,NSW,2135,40,1986,82.9
135 THE BOULEVARDE STRATHFIELD,STRATHFIELD,NSW,2135,40,1986,82.9
106 BERESFORD ROAD STRATHFIELD,STRATHFIELD,NSW,2135,40,1986,82.9
1 HAY STREET VAUCLUSE,VAUCLUSE,NSW,2030,40,1986,82.9
27 ILUKA ROAD MOSMAN,MOSMAN,NSW,2088,35,1991,82.9
151 SEAFORTH CRESCENT SEAFORTH,SEAFORTH,NSW,2092,40,1986,82.9
40 BEATRICE STREET BALGOWLAH HEIGHTS,BALGOWLAH HEIGHTS,NSW,2093,40,1986,82.9
49 BOWEN AVENUE SOUTH TURRAMURRA,SOUTH TURRAMURRA,NSW,2074,40,1986,82.9
13 ALBION STREET PENNANT HILLS,PENNANT HILLS,NSW,2120,35,1991,82.9
162 VICTORIA ROAD WEST PENNANT HILLS,WEST PENNANT HILLS,NSW,2125,35,1991,82.9
64 CRESTWOOD DRIVE BAULKHAM HILLS,BAULKHAM HILLS,NSW,2153,40,1986,82.9
5 BENDTREE WAY CASTLE HILL,CASTLE HILL,NSW,2154,35,1991,82.9
41 CASTLEWOOD DRIVE CASTLE HILL,CASTLE HILL,NSW,2154,35,1991,82.9
5 GLENHOPE ROAD WEST PENNANT HILLS,WEST PENNANT HILLS,NSW,2125,35,1991,82.9
6 KYLIE PLACE FRENCHS FOREST,FRENCHS FOREST,NSW,2086,40,1986,82.9
19 EARL STREET BEACON HILL,BEACON HILL,NSW,2100,40,1986,82.9
20 TORONTO AVENUE CROMER,CROMER,NSW,2099,40,1986,82.9
57 TORONTO AVENUE CROMER,CROMER,NSW,2099,40,1986,82.9
19 CROMER ROAD CROMER,CROMER,NSW,2099,40,1986,82.9
5 BROOKFIELD PLACE ST IVES,ST IVES,NSW,2075,35,1991,82.9
1 LEVERTON CLOSE ST IVES,ST IVES,NSW,2075,35,1991,82.9
18 GREVILLEA AVENUE ST IVES,ST IVES,NSW,2075,35,1991,82.9
57 KENTHURST ROAD ST IVES,ST IVES,NSW,2075,35,1991,82.9
43 MEMORIAL AVENUE ST IVES,ST IVES,NSW,2075,35,1991,82.9
78 WARRIMOO AVENUE ST IVES,ST IVES,NSW,2075,35,1991,82.9
8 MARIANA CLOSE ST IVES,ST IVES,NSW,2075,35,1991,82.9
5 CRESTA CLOSE ST IVES,ST IVES,NSW,2075,35,1991,82.9
3 LEONORA AVENUE ST IVES,ST IVES,NSW,2075,35,1991,82.9
3 ATHENA AVENUE ST IVES,ST IVES,NSW,2075,35,1991,82.9
38 VALLEY ROAD SPRINGWOOD,SPRINGWOOD,NSW,2777,35,1991,82.9
30 BENAROON AVENUE ST IVES,ST IVES,NSW,2075,35,1991,82.9
2A WATER STREET WAHROONGA,WAHROONGA,NSW,2076,35,1991,82.9
251A BOTANY STREET KINGSFORD,KINGSFORD,NSW,2032,40,1986,82.8
27 MOUNT STREET HURLSTONE PARK,HURLSTONE PARK,NSW,2193,35,1991,82.8
44 HARDY STREET DOVER HEIGHTS,DOVER HEIGHTS,NSW,2030,40,1986,82.8
192 FRANCIS GREENWAY DRIVE CHERRYBROOK,CHERRYBROOK,NSW,2126,35,1991,82.8
15 FREEMAN AVENUE CASTLE HILL,CASTLE HILL,NSW,2154,35,1991,82.8
24 GROVER AVENUE CROMER,CROMER,NSW,2099,40,1986,82.8
2 FITZROY ROAD CROMER,CROMER,NSW,2099,40,1986,82.8
35A KENTHURST ROAD ST IVES,ST IVES,NSW,2075,35,1991,82.8
19 BEAUMONT CRESCENT BAYVIEW,BAYVIEW,NSW,2104,40,1986,82.8
25 ALBYN ROAD STRATHFIELD,STRATHFIELD,NSW,2135,40,1986,82.7
3 AUGUSTA STREET STRATHFIELD,STRATHFIELD,NSW,2135,40,1986,82.7
28 LLANDILO AVENUE STRATHFIELD,STRATHFIELD,NSW,2135,40,1986,82.7
6 EDGAR STREET STRATHFIELD,STRATHFIELD,NSW,2135,40,1986,82.7
262 LIVERPOOL STREET DARLINGHURST,DARLINGHURST,NSW,2010,40,1986,82.7
2B BATTLE BOULEVARD SEAFORTH,SEAFORTH,NSW,2092,40,1986,82.7
11A LORD HOWE STREET DOVER HEIGHTS,DOVER HEIGHTS,NSW,2030,40,1986,82.7
11 BRIDDON CLOSE PENNANT HILLS,PENNANT HILLS,NSW,2120,35,1991,82.7
127 BEECROFT ROAD BEECROFT,BEECROFT,NSW,2119,40,1986,82.7
57 CHELTENHAM ROAD CHELTENHAM,CHELTENHAM,NSW,2119,35,1991,82.7
170A OLD NORTHERN ROAD CASTLE HILL,CASTLE HILL,NSW,2154,40,1986,82.7
6 KIRRILY WAY CASTLE HILL,CASTLE HILL,NSW,2154,35,1991,82.7
6 POPLAR COURT CASTLE HILL,CASTLE HILL,NSW,2154,40,1986,82.7
18 HILMER STREET FRENCHS FOREST,FRENCHS FOREST,NSW,2086,40,1986,82.7
40A CARCOOLA ROAD CROMER,CROMER,NSW,2099,40,1986,82.7
27 WASHINGTON AVENUE CROMER,CROMER,NSW,2099,35,1991,82.7
2 DOBELL PLACE ST IVES,ST IVES,NSW,2075,35,1991,82.7
16 WOODBURY ROAD ST IVES,ST IVES,NSW,2075,35,1991,82.7
72 ALVONA AVENUE ST IVES,ST IVES,NSW,2075,35,1991,82.7
6 ATHENA AVENUE ST IVES,ST IVES,NSW,2075,35,1991,82.7
46 CAMBOURNE AVENUE ST IVES,ST IVES,NSW,2075,35,1991,82.7
31 HORACE STREET ST IVES,ST IVES,NSW,2075,35,1991,82.7
6 SURVEY PLACE ST IVES,ST IVES,NSW,2075,35,1991,82.7
13 SPRING STREET SPRINGWOOD,SPRINGWOOD,NSW,2777,35,1991,82.7
45 BOWEN AVENUE SOUTH TURRAMURRA,SOUTH TURRAMURRA,NSW,2074,40,1986,82.7
7 BRUNEL CLOSE CHERRYBROOK,CHERRYBROOK,NSW,2126,35,1991,82.7
4 ASHLAR STREET ST IVES,ST IVES,NSW,2075,35,1991,82.7
64 SHEPHERDS DRIVE CHERRYBROOK,CHERRYBROOK,NSW,2126,35,1991,82.7
3 PHILLIP ROAD ST IVES CHASE,ST IVES CHASE,NSW,2075,35,1991,82.7
120 CARRINGTON ROAD WAHROONGA,WAHROONGA,NSW,2076,35,1991,82.7
212 BOBBIN HEAD ROAD NORTH TURRAMURRA,NORTH TURRAMURRA,NSW,2074,35,1991,82.7
115 WATERVIEW STREET MONA VALE,MONA VALE,NSW,2103,40,1986,82.7
8 KEMBLE PLACE BILGOLA PLATEAU,BILGOLA PLATEAU,NSW,2107,40,1986,82.7
3 ALLIANCE AVENUE REVESBY,REVESBY,NSW,2212,40,1986,82.6
38 CANONBURY GROVE DULWICH HILL,DULWICH HILL,NSW,2203,40,1986,82.6
18 APPIAN WAY BURWOOD,BURWOOD,NSW,2134,40,1986,82.6
130A WOLSELEY ROAD POINT PIPER,POINT PIPER,NSW,2027,40,1986,82.6
2 COOLONG ROAD VAUCLUSE,VAUCLUSE,NSW,2030,40,1986,82.6
15 HONEYEATER PLACE ERSKINE PARK,ERSKINE PARK,NSW,2759,35,1991,82.6
23 BOWER STREET MANLY,MANLY,NSW,2095,40,1986,82.6
469 PENNANT HILLS ROAD WEST PENNANT HILLS,WEST PENNANT HILLS,NSW,2125,35,1991,82.6
48 BEECROFT ROAD BEECROFT,BEECROFT,NSW,2119,35,1991,82.6
311 MALTON ROAD NORTH EPPING,NORTH EPPING,NSW,2121,40,1986,82.6
4 FRANCIS GREENWAY DRIVE CHERRYBROOK,CHERRYBROOK,NSW,2126,35,1991,82.6
25 FOLEY PLACE CASTLE HILL,CASTLE HILL,NSW,2154,35,1991,82.6
15A FERGUSON AVENUE THORNLEIGH,THORNLEIGH,NSW,2120,35,1991,82.6
7 ANNETTE PLACE BAULKHAM HILLS,BAULKHAM HILLS,NSW,2153,40,1986,82.6
88 COONARA AVENUE WEST PENNANT HILLS,WEST PENNANT HILLS,NSW,2125,35,1991,82.6
80 VETERANS PARADE WHEELER HEIGHTS,WHEELER HEIGHTS,NSW,2097,40,1986,82.6
8 WEDGEWOOD CRESCENT BEACON HILL,BEACON HILL,NSW,2100,40,1986,82.6
179 SOUTH CREEK ROAD CROMER,CROMER,NSW,2099,40,1986,82.6
20 MILDRED AVENUE HORNSBY,HORNSBY,NSW,2077,35,1991,82.6
17 URALBA PLACE NORTH WAHROONGA,NORTH WAHROONGA,NSW,2076,35,1991,82.6
20 BARKER ROAD STRATHFIELD,STRATHFIELD,NSW,2135,40,1986,82.5
11 SOUTH STREET STRATHFIELD,STRATHFIELD,NSW,2135,40,1986,82.5
106 BARKER ROAD STRATHFIELD,STRATHFIELD,NSW,2135,40,1986,82.5
1 HYDEBRAE STREET STRATHFIELD,STRATHFIELD,NSW,2135,40,1986,82.5
4 OLIVET STREET GLENBROOK,GLENBROOK,NSW,2773,40,1986,82.5
8 DURHAM STREET NORTH EPPING,NORTH EPPING,NSW,2121,40,1986,82.5
15 NUNDA CLOSE PENNANT HILLS,PENNANT HILLS,NSW,2120,35,1991,82.5
309-311 PENNANT HILLS ROAD THORNLEIGH,THORNLEIGH,NSW,2120,35,1991,82.5
7A BUNDABAH AVENUE ST IVES,ST IVES,NSW,2075,35,1991,82.5
70 AYRES ROAD ST IVES,ST IVES,NSW,2075,35,1991,82.5
5 OXLEY AVENUE ST IVES,ST IVES,NSW,2075,35,1991,82.5
40 ACRON ROAD ST IVES,ST IVES,NSW,2075,35,1991,82.5
13 GEORGE STREET SPRINGWOOD,SPRINGWOOD,NSW,2777,35,1991,82.5
24 WARATAH ROAD TURRAMURRA,TURRAMURRA,NSW,2074,35,1991,82.5
20 REYNOLDS STREET PYMBLE,PYMBLE,NSW,2073,35,1991,82.5
2 FLOREY AVENUE PYMBLE,PYMBLE,NSW,2073,35,1991,82.5
18 RIDGEWOOD PLACE DURAL,DURAL,NSW,2158,35,1991,82.5
4-6 TEPKO ROAD TERREY HILLS,TERREY HILLS,NSW,2084,35,1991,82.5
8-10 PARK AVENUE WAITARA,WAITARA,NSW,2077,35,1991,82.5
55 MYRA STREET WAHROONGA,WAHROONGA,NSW,2076,35,1991,82.5
22 ALLARA AVENUE NORTH TURRAMURRA,NORTH TURRAMURRA,NSW,2074,35,1991,82.5
29 MCDOUGALL STREET KENSINGTON,KENSINGTON,NSW,2033,40,1986,82.4
693 NEW CANTERBURY ROAD DULWICH HILL,DULWICH HILL,NSW,2203,40,1986,82.4
77 NICHOLSON STREET STRATHFIELD,STRATHFIELD,NSW,2135,40,1986,82.4
49 MACKENZIE STREET STRATHFIELD,STRATHFIELD,NSW,2135,40,1986,82.4
4-6 ITHACA ROAD ELIZABETH BAY,ELIZABETH BAY,NSW,2011,40,1986,82.4
49 MANNING ROAD DOUBLE BAY,DOUBLE BAY,NSW,2028,40,1986,82.4
11 BAYVIEW AVENUE MOSMAN,MOSMAN,NSW,2088,35,1991,82.4
214 BOUNDARY ROAD CHERRYBROOK,CHERRYBROOK,NSW,2126,35,1991,82.4
8 MALAHIDE ROAD PENNANT HILLS,PENNANT HILLS,NSW,2120,35,1991,82.4
102 BOUNDARY ROAD PENNANT HILLS,PENNANT HILLS,NSW,2120,35,1991,82.4
163 HULL ROAD WEST PENNANT HILLS,WEST PENNANT HILLS,NSW,2125,35,1991,82.4
12A AUTUMN LEAF GROVE CHERRYBROOK,CHERRYBROOK,NSW,2126,35,1991,82.4
9 WERONA STREET PENNANT HILLS,PENNANT HILLS,NSW,2120,35,1991,82.4
81 WONGALA CRESCENT BEECROFT,BEECROFT,NSW,2119,35,1991,82.4
61 GOODLANDS AVENUE THORNLEIGH,THORNLEIGH,NSW,2120,35,1991,82.4
46 WESSON ROAD WEST PENNANT HILLS,WEST PENNANT HILLS,NSW,2125,35,1991,82.4
27 THE ESPLANADE THORNLEIGH,THORNLEIGH,NSW,2120,35,1991,82.4
42 CASTLE HILL ROAD WEST PENNANT HILLS,WEST PENNANT HILLS,NSW,2125,35,1991,82.4
5 RUTLAND AVENUE BAULKHAM HILLS,BAULKHAM HILLS,NSW,2153,40,1986,82.4
39 KESWICK AVENUE CASTLE HILL,CASTLE HILL,NSW,2154,35,1991,82.4
5 HERITAGE PARK DRIVE CASTLE HILL,CASTLE HILL,NSW,2154,35,1991,82.4
13 DORIS HIRST PLACE WEST PENNANT HILLS,WEST PENNANT HILLS,NSW,2125,35,1991,82.4
1 DOBSON CRESCENT BAULKHAM HILLS,BAULKHAM HILLS,NSW,2153,40,1986,82.4
16 BADCOE ROAD CROMER,CROMER,NSW,2099,35,1991,82.4
304 MONA VALE ROAD ST IVES,ST IVES,NSW,2075,35,1991,82.4
7 MYRTLE PLACE ST IVES,ST IVES,NSW,2075,35,1991,82.4
69 WOODBURY ROAD ST IVES,ST IVES,NSW,2075,35,1991,82.4
7 THE CLOISTERS ST IVES,IVES,NSW,,35,1991,82.4
15/4-6 PARK AVENUE WAITARA,WAITARA,NSW,2077,35,1991,82.4
24 BAREENA AVENUE WAHROONGA,WAHROONGA,NSW,2076,35,1991,82.4
1 STONECROP ROAD NORTH TURRAMURRA,NORTH TURRAMURRA,NSW,2074,35,1991,82.4
138 WARRIEWOOD ROAD WARRIEWOOD,WARRIEWOOD,NSW,2102,40,1986,82.4
7 DENNING STREET SOUTH COOGEE,SOUTH COOGEE,NSW,2034,35,1991,82.3
209 HOMEBUSH ROAD STRATHFIELD,STRATHFIELD,NSW,2135,40,1986,82.3
153 VICTORIA STREET ASHFIELD,ASHFIELD,NSW,2131,40,1986,82.3
6A TIVOLI AVENUE ROSE BAY,ROSE BAY,NSW,2029,40,1986,82.3
156-162 SPIT ROAD MOSMAN,MOSMAN,NSW,2088,40,1986,82.3
113 NORFOLK ROAD NORTH EPPING,NORTH EPPING,NSW,2121,40,1986,82.3
5 LARCHMONT PLACE WEST PENNANT HILLS,WEST PENNANT HILLS,NSW,2125,40,1986,82.3
1 MIRRA PLACE CROMER,CROMER,NSW,2099,40,1986,82.3
11 MARLIS AVENUE REVESBY,REVESBY,NSW,2212,40,1986,82.2
17-19 SEASIDE PARADE SOUTH COOGEE,SOUTH COOGEE,NSW,2034,40,1986,82.2
70 LEOPOLD STREET ASHBURY,ASHBURY,NSW,2193,40,1986,82.2
25 WILSON STREET STRATHFIELD,STRATHFIELD,NSW,2135,40,1986,82.2
149 HOMEBUSH ROAD STRATHFIELD,STRATHFIELD,NSW,2135,40,1986,82.2
12 SHORTLAND AVENUE STRATHFIELD,STRATHFIELD,NSW,2135,40,1986,82.2
118 BOWER STREET MANLY,MANLY,NSW,2095,35,1991,82.2
10 WARNE STREET PENNANT HILLS,PENNANT HILLS,NSW,2120,35,1991,82.2
6 GRAYLIND AVENUE WEST PENNANT HILLS,WEST PENNANT HILLS,NSW,2125,35,1991,82.2
12 ALINTA CLOSE THORNLEIGH,THORNLEIGH,NSW,2120,35,1991,82.2
248 OLD NORTHERN ROAD CASTLE HILL,CASTLE HILL,NSW,2154,35,1991,82.2
289 MONA VALE ROAD ST IVES,ST IVES,NSW,2075,35,1991,82.2
38 WOODBURY ROAD ST IVES,ST IVES,NSW,2075,35,1991,82.2
50 KENTHURST ROAD ST IVES,ST IVES,NSW,2075,35,1991,82.2
12 THE CLOISTERS ST IVES,IVES,NSW,,35,1991,82.2
14 BRISTOL AVENUE PYMBLE,PYMBLE,NSW,2073,35,1991,82.2
66 GREAT WESTERN HIGHWAY BLAXLAND,BLAXLAND,NSW,2774,40,1986,82.2
3 CLEMATIS CLOSE CHERRYBROOK,CHERRYBROOK,NSW,2126,35,1991,82.2
68 MEMORIAL AVENUE ST IVES,ST IVES,NSW,2075,35,1991,82.2
6 CAMBOURNE AVENUE ST IVES,ST IVES,NSW,2075,35,1991,82.2
21 CHURCHILL AVENUE WAHROONGA,WAHROONGA,NSW,2076,35,1991,82.2
63 KEDUMBA CRESCENT NORTH TURRAMURRA,NORTH TURRAMURRA,NSW,2074,35,1991,82.2
17 WALLACE STREET BEXLEY,BEXLEY,NSW,2207,35,1991,82.1
20 WAKEFORD ROAD STRATHFIELD,STRATHFIELD,NSW,2135,40,1986,82.1
98 SHADFORTH STREET MOSMAN,MOSMAN,NSW,2088,35,1991,82.1
92 CARDINAL AVENUE WEST PENNANT HILLS,WEST PENNANT HILLS,NSW,2125,35,1991,82.1
14 WEARNE AVENUE PENNANT HILLS,PENNANT HILLS,NSW,2120,35,1991,82.1
25 WEARNE AVENUE PENNANT HILLS,PENNANT HILLS,NSW,2120,35,1991,82.1
3 SPRING STREET BEECROFT,BEECROFT,NSW,2119,35,1991,82.1
13 DARCEY ROAD CASTLE HILL,CASTLE HILL,NSW,2154,35,1991,82.1
193 SOUTH CREEK ROAD WHEELER HEIGHTS,WHEELER HEIGHTS,NSW,2097,35,1991,82.1
5 NORTHCOTT ROAD CROMER,CROMER,NSW,2099,35,1991,82.1
22 CROMER ROAD CROMER,CROMER,NSW,2099,40,1986,82.1
68 AYRES ROAD ST IVES,ST IVES,NSW,2075,35,1991,82.1
7 KERRAWAH AVENUE ST IVES,ST IVES,NSW,2075,35,1991,82.1
14 HORACE STREET ST IVES,ST IVES,NSW,2075,35,1991,82.1
11 GARDEN SQUARE FAULCONBRIDGE,FAULCONBRIDGE,NSW,2776,35,1991,82.1
47 MUDIES ROAD ST IVES,ST IVES,NSW,2075,35,1991,82.1
6 BRANDON PLACE ST IVES,ST IVES,NSW,2075,35,1991,82.1
29 COREEN AVENUE TERREY HILLS,TERREY HILLS,NSW,2084,35,1991,82.1
6 DOUGLAS AVENUE WAHROONGA,WAHROONGA,NSW,2076,35,1991,82.1
2A CURAGUL ROAD NORTH TURRAMURRA,NORTH TURRAMURRA,NSW,2074,35,1991,82.1
1-3 VILLIERS STREET KENSINGTON,KENSINGTON,NSW,2033,40,1986,82.0
51 CHALMERS ROAD STRATHFIELD,STRATHFIELD,NSW,2135,40,1986,82.0
36 WILSON STREET STRATHFIELD,STRATHFIELD,NSW,2135,40,1986,82.0
41 SHORTLAND AVENUE STRATHFIELD,STRATHFIELD,NSW,2135,40,1986,82.0
153-167 BAYSWATER ROAD RUSHCUTTERS BAY,RUSHCUTTERS BAY,NSW,2011,40,1986,82.0
11-13 OCEAN AVENUE DOUBLE BAY,DOUBLE BAY,NSW,2028,40,1986,82.0
8 FERNLEIGH GARDENS ROSE BAY,ROSE BAY,NSW,2029,40,1986,82.0
49 PORTLAND STREET DOVER HEIGHTS,DOVER HEIGHTS,NSW,2030,40,1986,82.0
4 WENTWORTH STREET DOVER HEIGHTS,DOVER HEIGHTS,NSW,2030,40,1986,82.0
4 CROSS STREET MOSMAN,MOSMAN,NSW,2088,40,1986,82.0
41 UNDERCLIFF ROAD FRESHWATER,FRESHWATER,NSW,2096,40,1986,82.0
5 DAWES PLACE CHERRYBROOK,CHERRYBROOK,NSW,2126,35,1991,82.0
17 TALLOWWOOD AVENUE CHERRYBROOK,CHERRYBROOK,NSW,2126,35,1991,82.0
14 WOODCREST PLACE CHERRYBROOK,CHERRYBROOK,NSW,2126,35,1991,82.0
23 CHERRYBROOK ROAD WEST PENNANT HILLS,WEST PENNANT HILLS,NSW,2125,35,1991,82.0
14-16 CHAPEL CLOSE CHERRYBROOK,CHERRYBROOK,NSW,2126,35,1991,82.0
6 BRIDDON CLOSE PENNANT HILLS,PENNANT HILLS,NSW,2120,35,1991,82.0
8 TATHRA PLACE CASTLE HILL,CASTLE HILL,NSW,2154,35,1991,82.0
2 PINDURO PLACE CROMER,CROMER,NSW,2099,40,1986,82.0
40 NORTHCOTT ROAD CROMER,CROMER,NSW,2099,40,1986,82.0
15 ARONIA AVENUE ST IVES,ST IVES,NSW,2075,35,1991,82.0
9 HAYLE STREET ST IVES,ST IVES,NSW,2075,35,1991,82.0
36 HAYLE STREET ST IVES,ST IVES,NSW,2075,35,1991,82.0
94 DOUGLAS STREET SPRINGWOOD,SPRINGWOOD,NSW,2777,35,1991,82.0
67A HEWITT AVENUE WAHROONGA,WAHROONGA,NSW,2076,35,1991,82.0
8 BLOOMSBURY AVENUE PYMBLE,PYMBLE,NSW,2073,40,1986,82.0
105 PURCHASE ROAD CHERRYBROOK,CHERRYBROOK,NSW,2126,35,1991,82.0
89 COLLINS ROAD ST IVES CHASE,ST IVES CHASE,NSW,2075,35,1991,82.0
69 ELANORA ROAD ELANORA HEIGHTS,ELANORA HEIGHTS,NSW,2101,40,1986,82.0
23A CLEVELAND STREET WAHROONGA,WAHROONGA,NSW,2076,35,1991,82.0
14 BANKS AVENUE NORTH TURRAMURRA,NORTH TURRAMURRA,NSW,2074,35,1991,82.0
18 MONA STREET MONA VALE,MONA VALE,NSW,2103,35,1991,82.0
32 ELIMATTA ROAD MONA VALE,MONA VALE,NSW,2103,40,1986,82.0
15 WOODRIDGE AVENUE NORTH EPPING,NORTH EPPING,NSW,2121,40,1986,81.9
67 WONGALA CRESCENT BEECROFT,BEECROFT,NSW,2119,35,1991,81.9
4 TIMOTHY AVENUE CASTLE HILL,CASTLE HILL,NSW,2154,35,1991,81.9
198 BANNOCKBURN ROAD TURRAMURRA,TURRAMURRA,NSW,2074,35,1991,81.9
12 OCEAN VIEW ROAD FRESHWATER,FRESHWATER,NSW,2096,40,1986,81.9
12 COOYONG ROAD TERREY HILLS,TERREY HILLS,NSW,2084,35,1991,81.9
26 LOCHVILLE STREET WAHROONGA,WAHROONGA,NSW,2076,35,1991,81.9
85 GROSVENOR STREET NORTH WAHROONGA,NORTH WAHROONGA,NSW,2076,35,1991,81.9
11 GELLING AVENUE STRATHFIELD,STRATHFIELD,NSW,2135,40,1986,81.8
8 DICKSON STREET STRATHFIELD,STRATHFIELD,NSW,2135,35,1991,81.8
57 WALLIS AVENUE STRATHFIELD,STRATHFIELD,NSW,2135,40,1986,81.8
39 SOUTH STREET STRATHFIELD,STRATHFIELD,NSW,2135,40,1986,81.8
32-34 PARNELL STREET STRATHFIELD,STRATHFIELD,NSW,2135,40,1986,81.8
12 ALTO AVENUE SEAFORTH,SEAFORTH,NSW,2092,40,1986,81.8
5-15 BURNT STREET SEAFORTH,SEAFORTH,NSW,2092,40,1986,81.8
20C DEVON STREET NORTH EPPING,NORTH EPPING,NSW,2121,40,1986,81.8
3 DOUGLAS AVENUE NORTH EPPING,NORTH EPPING,NSW,2121,40,1986,81.8
5 DURHAM STREET NORTH EPPING,NORTH EPPING,NSW,2121,40,1986,81.8
1F SWAN PLACE PENNANT HILLS,PENNANT HILLS,NSW,2120,35,1991,81.8
16 LAMBE PLACE CHERRYBROOK,CHERRYBROOK,NSW,2126,35,1991,81.8
361 PENNANT HILLS ROAD PENNANT HILLS,PENNANT HILLS,NSW,2120,35,1991,81.8
46 JACKSON CRESCENT PENNANT HILLS,PENNANT HILLS,NSW,2120,35,1991,81.8
28 HANNAH STREET BEECROFT,BEECROFT,NSW,2119,40,1986,81.8
14 LYNEHAM PLACE WEST PENNANT HILLS,WEST PENNANT HILLS,NSW,2125,40,1986,81.8
24 LONGWORTH CRESCENT CASTLE HILL,CASTLE HILL,NSW,2154,35,1991,81.8
5 WARRABINA AVENUE ST IVES,ST IVES,NSW,2075,35,1991,81.8
10 LYNBARA AVENUE ST IVES,ST IVES,NSW,2075,35,1991,81.8
173 ROSEDALE ROAD ST IVES,ST IVES,NSW,2075,35,1991,81.8
9 SHIRLOW AVENUE FAULCONBRIDGE,FAULCONBRIDGE,NSW,2776,35,1991,81.8
62 COLLINS ROAD ST IVES,ST IVES,NSW,2075,35,1991,81.8
11 ALLIEDALE CLOSE HORNSBY,HORNSBY,NSW,2077,35,1991,81.8
10 BRANDON PLACE ST IVES,ST IVES,NSW,2075,35,1991,81.8
25 HIGHBROOK PLACE CASTLE HILL,CASTLE HILL,NSW,2154,35,1991,81.8
4 COPPLESTONE PLACE CASTLE HILL,CASTLE HILL,NSW,2154,35,1991,81.8
31 COOLANGATTA AVENUE ELANORA HEIGHTS,ELANORA HEIGHTS,NSW,2101,35,1991,81.8
52A BURNS ROAD WAHROONGA,WAHROONGA,NSW,2076,35,1991,81.8
21 CRESCENT ROAD MONA VALE,MONA VALE,NSW,2103,35,1991,81.8
186 KING GEORGES ROAD ROSELANDS,ROSELANDS,NSW,2196,40,1986,81.7
105-109R BEACH STREET COOGEE,COOGEE,NSW,2034,40,1986,81.7
35 CAVE ROAD STRATHFIELD,STRATHFIELD,NSW,2135,40,1986,81.7
26 LLANDILO AVENUE STRATHFIELD,STRATHFIELD,NSW,2135,40,1986,81.7
22 BROUGHTON ROAD STRATHFIELD,STRATHFIELD,NSW,2135,40,1986,81.7
51 LIVERPOOL STREET ROSE BAY,ROSE BAY,NSW,2029,40,1986,81.7
14 TOPEKA GLEN ST CLAIR,ST CLAIR,NSW,2759,35,1991,81.7
111 SEAFORTH CRESCENT SEAFORTH,SEAFORTH,NSW,2092,40,1986,81.7
24 DEVON STREET NORTH EPPING,NORTH EPPING,NSW,2121,40,1986,81.7
124 FRANCIS GREENWAY DRIVE CHERRYBROOK,CHERRYBROOK,NSW,2126,35,1991,81.7
26 BEAHAN PLACE CHERRYBROOK,CHERRYBROOK,NSW,2126,35,1991,81.7
9E CHERRYBROOK ROAD WEST PENNANT HILLS,WEST PENNANT HILLS,NSW,2125,35,1991,81.7
2 APPIAN CIRCUIT BAULKHAM HILLS,BAULKHAM HILLS,NSW,2153,35,1991,81.7
15 WAROON ROAD CROMER,CROMER,NSW,2099,40,1986,81.7
27 PLATEAU ROAD SPRINGWOOD,SPRINGWOOD,NSW,2777,35,1991,81.7
34 BEECHWOOD PARADE CHERRYBROOK,CHERRYBROOK,NSW,2126,35,1991,81.7
25A SPRINGFIELD ROAD PADSTOW,PADSTOW,NSW,2211,40,1986,81.6
5 REACH CLOSE ABBOTSBURY,ABBOTSBURY,NSW,2176,40,1986,81.6
47 MARION STREET STRATHFIELD,STRATHFIELD,NSW,2135,40,1986,81.6
6 FIRTH AVENUE STRATHFIELD,STRATHFIELD,NSW,2135,40,1986,81.6
55 MERLEY ROAD STRATHFIELD,STRATHFIELD,NSW,2135,40,1986,81.6
14 JERSEY ROAD STRATHFIELD,STRATHFIELD,NSW,2135,40,1986,81.6
1/36 ROSLYNDALE AVENUE WOOLLAHRA,WOOLLAHRA,NSW,2025,40,1986,81.6
7 WORTHING PLACE CHERRYBROOK,CHERRYBROOK,NSW,2126,35,1991,81.6
28 DOULTON DRIVE CHERRYBROOK,CHERRYBROOK,NSW,2126,35,1991,81.6
128 VICTORIA ROAD WEST PENNANT HILLS,WEST PENNANT HILLS,NSW,2125,35,1991,81.6
2 CANDLEBUSH CRESCENT CASTLE HILL,CASTLE HILL,NSW,2154,35,1991,81.6
29 ERLESTOKE PLACE CASTLE HILL,CASTLE HILL,NSW,2154,35,1991,81.6
2/16 JANICE PLACE CHERRYBROOK,CHERRYBROOK,NSW,2126,35,1991,81.6
8 CASTLE LEA COURT CASTLE HILL,CASTLE HILL,NSW,2154,35,1991,81.6
97A CECIL AVENUE CASTLE HILL,CASTLE HILL,NSW,2154,35,1991,81.6
161-163 ROSEDALE ROAD ST IVES,ST IVES,NSW,2075,35,1991,81.6
4 DURACK PLACE ST IVES,ST IVES,NSW,2075,35,1991,81.6
53A AVON ROAD PYMBLE,PYMBLE,NSW,2073,35,1991,81.6
44 ROLAND AVENUE WAHROONGA,WAHROONGA,NSW,2076,35,1991,81.6
1A BOORALIE ROAD TERREY HILLS,TERREY HILLS,NSW,2084,35,1991,81.6
41 PACIFIC ROAD PALM BEACH,PALM BEACH,NSW,2108,35,1991,81.6
100 ALBERT STREET REVESBY,REVESBY,NSW,2212,40,1986,81.5
24 GIPPS STREET BRONTE,BRONTE,NSW,2024,40,1986,81.5
33 SUNBEAM AVENUE BURWOOD,BURWOOD,NSW,2134,40,1986,81.5
2/2 PRINCESS STREET ROSE BAY,ROSE BAY,NSW,2029,40,1986,81.5
12 MIDDLE HEAD ROAD MOSMAN,MOSMAN,NSW,2088,35,1991,81.5
17 DARLINGTON DRIVE CHERRYBROOK,CHERRYBROOK,NSW,2126,35,1991,81.5
108 NEW LINE ROAD CHERRYBROOK,CHERRYBROOK,NSW,2126,35,1991,81.5
43 BOUNDARY ROAD PENNANT HILLS,PENNANT HILLS,NSW,2120,35,1991,81.5
13 VICTORIA ROAD PENNANT HILLS,PENNANT HILLS,NSW,2120,35,1991,81.5
18 FISHER AVENUE PENNANT HILLS,PENNANT HILLS,NSW,2120,35,1991,81.5
3 ALBION STREET PENNANT HILLS,PENNANT HILLS,NSW,2120,35,1991,81.5
9 WESTWOOD STREET PENNANT HILLS,PENNANT HILLS,NSW,2120,35,1991,81.5
16 LILLA ROAD PENNANT HILLS,PENNANT HILLS,NSW,2120,35,1991,81.5
18 TRELAWNEY STREET THORNLEIGH,THORNLEIGH,NSW,2120,35,1991,81.5
4B STRICKLAND AVENUE CROMER,CROMER,NSW,2099,40,1986,81.5
7 LUTON PLACE ST IVES,ST IVES,NSW,2075,35,1991,81.5
16 KENTHURST ROAD ST IVES,ST IVES,NSW,2075,35,1991,81.5
15 AVON ROAD PYMBLE,PYMBLE,NSW,2073,35,1991,81.5
25 MILL STREET RIVERSTONE,RIVERSTONE,NSW,2765,35,1991,81.5
6 AMBERLEA COURT CASTLE HILL,CASTLE HILL,NSW,2154,35,1991,81.5
22 CAROB PLACE CHERRYBROOK,CHERRYBROOK,NSW,2126,35,1991,81.5
2/14 BRENNAN CLOSE ASQUITH,ASQUITH,NSW,2077,35,1991,81.5
31 CARRINGTON ROAD WAHROONGA,WAHROONGA,NSW,2076,35,1991,81.5
107 MILITARY ROAD DOVER HEIGHTS,DOVER HEIGHTS,NSW,2030,40,1986,81.4
1/154 RAMSGATE AVENUE NORTH BONDI,NORTH BONDI,NSW,2026,35,1991,81.4
37 THE CRESCENT VAUCLUSE,VAUCLUSE,NSW,2030,40,1986,81.4
CASTLE HOWARD ROAD CHELTENHAM,CHELTENHAM,NSW,2119,40,1986,81.4
10 ELLIOTT PLACE CHERRYBROOK,CHERRYBROOK,NSW,2126,35,1991,81.4
21 TRUMAN AVENUE CROMER,CROMER,NSW,2099,40,1986,81.4
45 NORFOLK AVENUE COLLAROY,COLLAROY,NSW,2097,40,1986,81.4
62 WASHINGTON AVENUE CROMER,CROMER,NSW,2099,40,1986,81.4
177 FISHER ROAD NORTH CROMER,NORTH CROMER,NSW,,40,1986,81.4
117 ELIMATTA ROAD MONA VALE,MONA VALE,NSW,2103,40,1986,81.4
32 WALLIS AVENUE STRATHFIELD,STRATHFIELD,NSW,2135,40,1986,81.3
30 BARKER ROAD STRATHFIELD,STRATHFIELD,NSW,2135,40,1986,81.3
5 WAKEFORD ROAD STRATHFIELD,STRATHFIELD,NSW,2135,40,1986,81.3
56 WILSON STREET STRATHFIELD,STRATHFIELD,NSW,2135,40,1986,81.3
50 LONG STREET STRATHFIELD,STRATHFIELD,NSW,2135,40,1986,81.3
15 WILLEE STREET STRATHFIELD,STRATHFIELD,NSW,2135,40,1986,81.3
12 WONGA STREET STRATHFIELD,STRATHFIELD,NSW,2135,40,1986,81.3
28 CARLISLE STREET ROSE BAY,ROSE BAY,NSW,2029,35,1991,81.3
7 FERNLEIGH GARDENS ROSE BAY,ROSE BAY,NSW,2029,40,1986,81.3
86A VICTORIA ROAD BELLEVUE HILL,BELLEVUE HILL,NSW,2023,35,1991,81.3
28 FAIRFAX ROAD MOSMAN,MOSMAN,NSW,2088,40,1986,81.3
CORONATION AVENUE MOSMAN,MOSMAN,NSW,2088,35,1991,81.3
23 MILITARY ROAD DOVER HEIGHTS,DOVER HEIGHTS,NSW,2030,40,1986,81.3
17 WILBERFORCE AVENUE ROSE BAY,ROSE BAY,NSW,2029,40,1986,81.3
15 STEINTON STREET MANLY,MANLY,NSW,2095,35,1991,81.3
157 HULL ROAD WEST PENNANT HILLS,WEST PENNANT HILLS,NSW,2125,35,1991,81.3
26 VAUGHAN AVENUE PENNANT HILLS,PENNANT HILLS,NSW,2120,35,1991,81.3
67 VICTORIA ROAD PENNANT HILLS,PENNANT HILLS,NSW,2120,35,1991,81.3
8 MAROOTA WAY BEECROFT,BEECROFT,NSW,2119,35,1991,81.3
 BEECROFT,,NSW,,35,1991,81.3
10 CHADLEY COURT CHERRYBROOK,CHERRYBROOK,NSW,2126,35,1991,81.3
13 PINDURO PLACE CROMER,CROMER,NSW,2099,40,1986,81.3
8 THE GREENWAY DUFFYS FOREST,FOREST,NSW,,35,1991,81.3
MCCARRS CREEK ROAD TERREY HILLS,TERREY HILLS,NSW,2084,35,1991,81.3
12 MCRAE PLACE NORTH TURRAMURRA,NORTH TURRAMURRA,NSW,2074,35,1991,81.3
1/19 MERMAID AVENUE MAROUBRA,MAROUBRA,NSW,2035,35,1991,81.2
43 YANKO AVENUE BRONTE,BRONTE,NSW,2024,35,1991,81.2
21 VICTORIA STREET STRATHFIELD,STRATHFIELD,NSW,2135,40,1986,81.2
54 BATES STREET STRATHFIELD,STRATHFIELD,NSW,2135,35,1991,81.2
76 ALBERT ROAD STRATHFIELD,STRATHFIELD,NSW,2135,35,1991,81.2
7 THOMPSON STREET MOSMAN,MOSMAN,NSW,2088,35,1991,81.2
18 CORONATION AVENUE MOSMAN,MOSMAN,NSW,2088,35,1991,81.2
6 PECAN CLOSE CHERRYBROOK,CHERRYBROOK,NSW,2126,35,1991,81.2
40 HILLMONT AVENUE THORNLEIGH,THORNLEIGH,NSW,2120,35,1991,81.2
8 GLENTREES PLACE CHERRYBROOK,CHERRYBROOK,NSW,2126,35,1991,81.2
22 LAWSON PLACE CHERRYBROOK,CHERRYBROOK,NSW,2126,35,1991,81.2
8 MACQUARIE DRIVE CHERRYBROOK,CHERRYBROOK,NSW,2126,35,1991,81.2
2 HOLLY ROAD CHERRYBROOK,CHERRYBROOK,NSW,2126,35,1991,81.2
17 MCCUSKER CRESCENT CHERRYBROOK,CHERRYBROOK,NSW,2126,35,1991,81.2
16 IVY PLACE CHERRYBROOK,CHERRYBROOK,NSW,2126,35,1991,81.2
18 PENROSE AVENUE CHERRYBROOK,CHERRYBROOK,NSW,2126,35,1991,81.2
6 BOOTH PLACE CHERRYBROOK,CHERRYBROOK,NSW,2126,35,1991,81.2
35 YANDERRA GROVE CHERRYBROOK,CHERRYBROOK,NSW,2126,35,1991,81.2
32 ELDERBERRY PLACE CHERRYBROOK,CHERRYBROOK,NSW,2126,35,1991,81.2
2 FRERE PLACE CHERRYBROOK,CHERRYBROOK,NSW,2126,35,1991,81.2
3 NUNDA CLOSE PENNANT HILLS,PENNANT HILLS,NSW,2120,35,1991,81.2
18 MYSON DRIVE CHERRYBROOK,CHERRYBROOK,NSW,2126,35,1991,81.2
6 WILLIS AVENUE PENNANT HILLS,PENNANT HILLS,NSW,2120,35,1991,81.2
18 LYNWOOD CLOSE PENNANT HILLS,PENNANT HILLS,NSW,2120,35,1991,81.2
4 MORRISON PLACE PENNANT HILLS,PENNANT HILLS,NSW,2120,35,1991,81.2
1C WILGA STREET WEST PENNANT HILLS,WEST PENNANT HILLS,NSW,2125,35,1991,81.2
26 LILLA ROAD PENNANT HILLS,PENNANT HILLS,NSW,2120,35,1991,81.2
19 GIRRALONG AVENUE BAULKHAM HILLS,BAULKHAM HILLS,NSW,2153,35,1991,81.2
6 ARUM WAY CHERRYBROOK,CHERRYBROOK,NSW,2126,35,1991,81.2
WABASH AVENUE CROMER,CROMER,NSW,2099,40,1986,81.2
6 WILIMA PLACE FRENCHS FOREST,FRENCHS FOREST,NSW,2086,40,1986,81.2
60 COLLINS ROAD ST IVES,ST IVES,NSW,2075,35,1991,81.2
82 MELLFELL ROAD CRANEBROOK,CRANEBROOK,NSW,2749,35,1991,81.2
46 CORSAIR CRESCENT CRANEBROOK,CRANEBROOK,NSW,2749,35,1991,81.2
17 CAROB PLACE CHERRYBROOK,CHERRYBROOK,NSW,2126,35,1991,81.2
10 CAROB PLACE CHERRYBROOK,CHERRYBROOK,NSW,2126,35,1991,81.2
2 DUNLEY PLACE CASTLE HILL,CASTLE HILL,NSW,2154,35,1991,81.2
64 BOORALIE ROAD TERREY HILLS,TERREY HILLS,NSW,2084,35,1991,81.2
28 COWRANG AVENUE TERREY HILLS,TERREY HILLS,NSW,2084,35,1991,81.2
32 PRETORIA PARADE HORNSBY,HORNSBY,NSW,2077,35,1991,81.2
34B MIOWERA ROAD NORTH TURRAMURRA,NORTH TURRAMURRA,NSW,2074,35,1991,81.2
25 UTINGU PLACE BAYVIEW,BAYVIEW,NSW,2104,35,1991,81.2
30 ALGONA STREET BILGOLA PLATEAU,BILGOLA PLATEAU,NSW,2107,35,1991,81.2
10 KEARNS PLACE HORNINGSEA PARK,HORNINGSEA PARK,NSW,2171,40,1986,81.1
1 EDGECLIFFE AVENUE SOUTH COOGEE,SOUTH COOGEE,NSW,2034,40,1986,81.1
11 MALLEY AVENUE EARLWOOD,EARLWOOD,NSW,2206,40,1986,81.1
7-11 COTSWOLD ROAD STRATHFIELD,STRATHFIELD,NSW,2135,35,1991,81.1
41 NEWTON ROAD STRATHFIELD,STRATHFIELD,NSW,2135,40,1986,81.1
1 SOUTH STREET STRATHFIELD,STRATHFIELD,NSW,2135,35,1991,81.1
19 STRATHFIELD AVENUE STRATHFIELD,STRATHFIELD,NSW,2135,35,1991,81.1
3 COTSWOLD ROAD STRATHFIELD,STRATHFIELD,NSW,2135,40,1986,81.1
39 KESSELL AVENUE HOMEBUSH WEST,HOMEBUSH WEST,NSW,2140,40,1986,81.1
22 NEPEAN STREET EMU PLAINS,EMU PLAINS,NSW,2750,40,1986,81.1
12 LUCASVILLE ROAD GLENBROOK,GLENBROOK,NSW,2773,40,1986,81.1
15 GRETA PLACE HEBERSHAM,HEBERSHAM,NSW,2770,40,1986,81.1
56 LAURENCE STREET PENNANT HILLS,PENNANT HILLS,NSW,2120,35,1991,81.1
65 NEW FARM ROAD WEST PENNANT HILLS,WEST PENNANT HILLS,NSW,2125,35,1991,81.1
17 NUNDA CLOSE PENNANT HILLS,PENNANT HILLS,NSW,2120,35,1991,81.1
26 WEARNE AVENUE PENNANT HILLS,PENNANT HILLS,NSW,2120,35,1991,81.1
8 THE PROMENADE CHELTENHAM,CHELTENHAM,NSW,2119,40,1986,81.1
32 WOODHILL STREET CASTLE HILL,CASTLE HILL,NSW,2154,35,1991,81.1
64 WOODHILL STREET CASTLE HILL,CASTLE HILL,NSW,2154,35,1991,81.1
11 BOONAL STREET BAULKHAM HILLS,BAULKHAM HILLS,NSW,2153,40,1986,81.1
FITZPATRICK AVENUE EAST FRENCHS FOREST,EAST FRENCHS FOREST,NSW,,40,1986,81.1
23 CROMER ROAD CROMER,CROMER,NSW,2099,40,1986,81.1
66 BARRIE STREET EAST KILLARA,EAST KILLARA,NSW,2071,40,1986,81.1
52 BARWON AVENUE SOUTH TURRAMURRA,SOUTH TURRAMURRA,NSW,2074,40,1986,81.1
5 TROON PLACE PYMBLE,PYMBLE,NSW,2073,35,1991,81.1
16 DENNIS AVENUE WAHROONGA,WAHROONGA,NSW,2076,35,1991,81.1
3 LENNOX STREET GLENBROOK,GLENBROOK,NSW,2773,40,1986,81.1
61 BUNDARRA AVENUE WAHROONGA,WAHROONGA,NSW,2076,35,1991,81.1
4A BURNS ROAD WAHROONGA,WAHROONGA,NSW,2076,35,1991,81.1
19 GWYDIR AVENUE NORTH TURRAMURRA,NORTH TURRAMURRA,NSW,2074,35,1991,81.1
125 JUNCTION LANE WAHROONGA,WAHROONGA,NSW,2076,35,1991,81.1
11 ROWAN STREET MONA VALE,MONA VALE,NSW,2103,40,1986,81.1
126 WALLUMATTA ROAD NEWPORT,NEWPORT,NSW,2106,40,1986,81.1
22 WILSON STREET STRATHFIELD,STRATHFIELD,NSW,2135,40,1986,81.0
107 NEWTON ROAD STRATHFIELD,STRATHFIELD,NSW,2135,40,1986,81.0
3 MYRNA ROAD STRATHFIELD,STRATHFIELD,NSW,2135,40,1986,81.0
128 BARKER ROAD STRATHFIELD,STRATHFIELD,NSW,2135,40,1986,81.0
1 CROSS STREET STRATHFIELD,STRATHFIELD,NSW,2135,40,1986,81.0
49 AUGUSTA STREET STRATHFIELD,STRATHFIELD,NSW,2135,40,1986,81.0
17 CAVE ROAD STRATHFIELD,STRATHFIELD,NSW,2135,40,1986,81.0
23 BLACK STREET VAUCLUSE,VAUCLUSE,NSW,2030,35,1991,81.0
44 FRANCIS GREENWAY DRIVE CHERRYBROOK,CHERRYBROOK,NSW,2126,35,1991,81.0
4 TODD CLOSE CHERRYBROOK,CHERRYBROOK,NSW,2126,35,1991,81.0
11 PARKHILL CRESCENT CHERRYBROOK,CHERRYBROOK,NSW,2126,35,1991,81.0
5 STEVENS STREET PENNANT HILLS,PENNANT HILLS,NSW,2120,35,1991,81.0
41 STAR CRESCENT WEST PENNANT HILLS,WEST PENNANT HILLS,NSW,2125,35,1991,81.0
4 PRIORY CLOSE CHERRYBROOK,CHERRYBROOK,NSW,2126,35,1991,81.0
1/726 PITTWATER ROAD BROOKVALE,BROOKVALE,NSW,2100,40,1986,81.0
10 DOWLING STREET QUEENSCLIFF,QUEENSCLIFF,NSW,2096,40,1986,81.0
12 KRISTINE PLACE CHERRYBROOK,CHERRYBROOK,NSW,2126,35,1991,81.0
9 YALLAMBEE PLACE TERREY HILLS,TERREY HILLS,NSW,2084,35,1991,81.0
5/62 ALBERT STREET HORNSBY,HORNSBY,NSW,2077,35,1991,81.0
205 WILLIAM STREET EARLWOOD,EARLWOOD,NSW,2206,35,1991,80.9
10 MELVILLE AVENUE STRATHFIELD,STRATHFIELD,NSW,2135,40,1986,80.9
31 NEWTON ROAD STRATHFIELD,STRATHFIELD,NSW,2135,40,1986,80.9
49 MERLEY ROAD STRATHFIELD,STRATHFIELD,NSW,2135,40,1986,80.9
19 COTSWOLD ROAD STRATHFIELD,STRATHFIELD,NSW,2135,40,1986,80.9
21 NEWTON ROAD STRATHFIELD,STRATHFIELD,NSW,2135,40,1986,80.9
137 SEAFORTH CRESCENT SEAFORTH,SEAFORTH,NSW,2092,40,1986,80.9
12 BOWER STREET MANLY,MANLY,NSW,2095,40,1986,80.9
18 JULIA CLOSE CHERRYBROOK,CHERRYBROOK,NSW,2126,35,1991,80.9
37A AUSTRAL AVENUE BEECROFT,BEECROFT,NSW,2119,40,1986,80.9
65 CAMBEWARRA AVENUE CASTLE HILL,CASTLE HILL,NSW,2154,35,1991,80.9
9 MILFORD GROVE CHERRYBROOK,CHERRYBROOK,NSW,2126,28,1998,80.9
3 CHELTENHAM CLOSE CASTLE HILL,CASTLE HILL,NSW,2154,35,1991,80.9
16 PARNI PLACE FRENCHS FOREST,FRENCHS FOREST,NSW,2086,40,1986,80.9
85 TORONTO AVENUE CROMER,CROMER,NSW,2099,40,1986,80.9
4 BLIGH STREET EAST KILLARA,EAST KILLARA,NSW,2071,40,1986,80.9
44 ATHENA AVENUE ST IVES,ST IVES,NSW,2075,35,1991,80.9
20 CABER CLOSE DURAL,DURAL,NSW,2158,28,1998,80.9
2 ESK STREET NORTH WAHROONGA,NORTH WAHROONGA,NSW,2076,35,1991,80.9
43 JUNCTION ROAD WAHROONGA,WAHROONGA,NSW,2076,35,1991,80.9
21 HAMPSON AVENUE MAROUBRA,MAROUBRA,NSW,2035,40,1986,80.8
15 VIRGINIA STREET KENSINGTON,KENSINGTON,NSW,2033,40,1986,80.8
147 HOMEBUSH ROAD STRATHFIELD,STRATHFIELD,NSW,2135,40,1986,80.8
15 WALLIS AVENUE STRATHFIELD,STRATHFIELD,NSW,2135,40,1986,80.8
86 ABBOTSFORD ROAD HOMEBUSH,HOMEBUSH,NSW,2140,35,1991,80.8
6/2 HAMILTON STREET ROSE BAY,ROSE BAY,NSW,2029,40,1986,80.8
31 NAPIER STREET DOVER HEIGHTS,DOVER HEIGHTS,NSW,2030,35,1991,80.8
11 QUEENS AVENUE VAUCLUSE,VAUCLUSE,NSW,2030,35,1991,80.8
18 COONAWARRA DRIVE ST CLAIR,ST CLAIR,NSW,2759,35,1991,80.8
1 BALMORAL DRIVE CAMBRIDGE PARK,CAMBRIDGE PARK,NSW,2747,40,1986,80.8
26 VALLEY VIEW CRESCENT NORTH EPPING,NORTH EPPING,NSW,2121,40,1986,80.8
15 HIBISCUS PLACE CHERRYBROOK,CHERRYBROOK,NSW,2126,35,1991,80.8
19 FRANKLIN ROAD CHERRYBROOK,CHERRYBROOK,NSW,2126,35,1991,80.8
71A NEW FARM ROAD WEST PENNANT HILLS,WEST PENNANT HILLS,NSW,2125,35,1991,80.8
11 MAPLE AVENUE PENNANT HILLS,PENNANT HILLS,NSW,2120,35,1991,80.8
10 BEECROFT ROAD BEECROFT,BEECROFT,NSW,2119,35,1991,80.8
2 GUMLEAF PLACE WEST PENNANT HILLS,WEST PENNANT HILLS,NSW,2125,35,1991,80.8
5 DERWENT PLACE CASTLE HILL,CASTLE HILL,NSW,2154,35,1991,80.8
107 PARSONAGE ROAD CASTLE HILL,CASTLE HILL,NSW,2154,40,1986,80.8
29 CONNAUGHT STREET NARRAWEENA,NARRAWEENA,NSW,2099,40,1986,80.8
62 BEACON HILL ROAD BEACON HILL,BEACON HILL,NSW,2100,40,1986,80.8
105 ANZAC AVENUE COLLAROY PLATEAU,COLLAROY PLATEAU,NSW,2097,40,1986,80.8
18 SNUGGLEPOT DRIVE FAULCONBRIDGE,FAULCONBRIDGE,NSW,2776,35,1991,80.8
14 HANCOCK DRIVE CHERRYBROOK,CHERRYBROOK,NSW,2126,35,1991,80.8
30 BERTANA CRESCENT WARRIEWOOD,WARRIEWOOD,NSW,2102,40,1986,80.8
27 SOUTH STREET STRATHFIELD,STRATHFIELD,NSW,2135,40,1986,80.7
38 DERBY STREET VAUCLUSE,VAUCLUSE,NSW,2030,40,1986,80.7
3 ROSEWOOD PLACE CHERRYBROOK,CHERRYBROOK,NSW,2126,35,1991,80.7
52 RAMSAY ROAD PENNANT HILLS,PENNANT HILLS,NSW,2120,35,1991,80.7
5 WELHAM STREET BEECROFT,BEECROFT,NSW,2119,40,1986,80.7
8 FEATHERWOOD WAY CASTLE HILL,CASTLE HILL,NSW,2154,35,1991,80.7
16 BENNETT PLACE CASTLE HILL,CASTLE HILL,NSW,2154,35,1991,80.7
15 BARRAWARN PLACE CASTLE HILL,CASTLE HILL,NSW,2154,35,1991,80.7
315 MONA VALE ROAD ST IVES,ST IVES,NSW,2075,35,1991,80.7
58A COLLINS ROAD ST IVES,ST IVES,NSW,2075,35,1991,80.7
5 DARLING STREET ST IVES,ST IVES,NSW,2075,35,1991,80.7
11 CAMBRIDGE STREET VALLEY HEIGHTS,VALLEY HEIGHTS,NSW,2777,28,1998,80.7
7 TORNADO CRESCENT CRANEBROOK,CRANEBROOK,NSW,2749,35,1991,80.7
5 NANCY BIRD AVENUE SOUTH TURRAMURRA,SOUTH TURRAMURRA,NSW,2074,40,1986,80.7
22 MUDIES ROAD ST IVES,ST IVES,NSW,2075,35,1991,80.7
15 CAMBOURNE AVENUE ST IVES,ST IVES,NSW,2075,35,1991,80.7
1 BLACKBURN STREET ST IVES,ST IVES,NSW,2075,35,1991,80.7
16 BOORALIE ROAD TERREY HILLS,TERREY HILLS,NSW,2084,35,1991,80.7
5 PLYMOUTH CLOSE WAHROONGA,WAHROONGA,NSW,2076,35,1991,80.7
50 TOOLANG ROAD ST IVES,ST IVES,NSW,2075,35,1991,80.7
6 HEREWARD STREET MAROUBRA,MAROUBRA,NSW,2035,40,1986,80.6
32 MYEE AVENUE STRATHFIELD,STRATHFIELD,NSW,2135,40,1986,80.6
15 MELVILLE AVENUE STRATHFIELD,STRATHFIELD,NSW,2135,40,1986,80.6
18 TOPEKA GLEN ST CLAIR,ST CLAIR,NSW,2759,35,1991,80.6
11 KINGFISHER WAY ST CLAIR,ST CLAIR,NSW,2759,40,1986,80.6
5 CROSS STREET MOSMAN,MOSMAN,NSW,2088,40,1986,80.6
24 BRUCE ROAD GLENBROOK,GLENBROOK,NSW,2773,40,1986,80.6
40 BEECROFT ROAD BEECROFT,BEECROFT,NSW,2119,35,1991,80.6
13 BAILEY CRESCENT NORTH EPPING,NORTH EPPING,NSW,2121,35,1991,80.6
157 BOUNDARY ROAD NORTH EPPING,NORTH EPPING,NSW,2121,40,1986,80.6
34 WERONA STREET PENNANT HILLS,PENNANT HILLS,NSW,2120,35,1991,80.6
6 TOORAK COURT CHERRYBROOK,CHERRYBROOK,NSW,2126,35,1991,80.6
48 TALLOWWOOD AVENUE CHERRYBROOK,CHERRYBROOK,NSW,2126,35,1991,80.6
9 GREYCLIFFE AVENUE PENNANT HILLS,PENNANT HILLS,NSW,2120,35,1991,80.6
25 LOFTUS ROAD PENNANT HILLS,PENNANT HILLS,NSW,2120,35,1991,80.6
THE CLOISTERS CHERRYBROOK,CHERRYBROOK,NSW,2126,35,1991,80.6
9A WERONA STREET PENNANT HILLS,PENNANT HILLS,NSW,2120,35,1991,80.6
33 BOWERMAN PLACE CHERRYBROOK,CHERRYBROOK,NSW,2126,35,1991,80.6
4 MIRETTA PLACE CASTLE HILL,CASTLE HILL,NSW,2154,35,1991,80.6
27 CROSS STREET BAULKHAM HILLS,BAULKHAM HILLS,NSW,2153,35,1991,80.6
56 TAYLOR STREET WEST PENNANT HILLS,WEST PENNANT HILLS,NSW,2125,35,1991,80.6
132B ROSE AVENUE WHEELER HEIGHTS,WHEELER HEIGHTS,NSW,2097,40,1986,80.6
14 BEACON AVENUE BEACON HILL,BEACON HILL,NSW,2100,40,1986,80.6
27 COLLINS ROAD ST IVES,ST IVES,NSW,2075,35,1991,80.6
55 FIREBALL AVENUE CRANEBROOK,CRANEBROOK,NSW,2749,35,1991,80.6
10 GARRICK ROAD ST IVES,ST IVES,NSW,2075,35,1991,80.6
39 WILSON WAY BLAXLAND,BLAXLAND,NSW,2774,35,1991,80.6
14 TIMOTHY CLOSE CHERRYBROOK,CHERRYBROOK,NSW,2126,35,1991,80.6
44 APPLETREE DRIVE CHERRYBROOK,CHERRYBROOK,NSW,2126,35,1991,80.6
97 OAKHILL DRIVE CASTLE HILL,CASTLE HILL,NSW,2154,35,1991,80.6
44 CLARINDA STREET HORNSBY,HORNSBY,NSW,2077,35,1991,80.6
27 GLENEAGLES CRESCENT HORNSBY,HORNSBY,NSW,2077,35,1991,80.6
24 BURNS ROAD WAHROONGA,WAHROONGA,NSW,2076,35,1991,80.6
5 HEATH STREET BEXLEY NORTH,BEXLEY NORTH,NSW,2207,40,1986,80.5
25-27 FAIRFAX ROAD BELLEVUE HILL,BELLEVUE HILL,NSW,2023,40,1986,80.5
3/26 BRIERLEY STREET MOSMAN,MOSMAN,NSW,2088,35,1991,80.5
7 GORDON STREET CLONTARF,CLONTARF,NSW,2093,40,1986,80.5
BURNS ROAD WAHROONGA,WAHROONGA,NSW,2076,35,1991,80.5
23 MYRNA ROAD STRATHFIELD,STRATHFIELD,NSW,2135,40,1986,80.4
5 CHALMERS ROAD STRATHFIELD,STRATHFIELD,NSW,2135,35,1991,80.4
68 THE CRESCENT HOMEBUSH,HOMEBUSH,NSW,2140,35,1991,80.4
130 MURRIVERIE ROAD NORTH BONDI,NORTH BONDI,NSW,2026,40,1986,80.4
11 COOT PLACE ERSKINE PARK,ERSKINE PARK,NSW,2759,35,1991,80.4
12 UNION STREET MOSMAN,MOSMAN,NSW,2088,35,1991,80.4
5 BENNETT STREET GLENBROOK,GLENBROOK,NSW,2773,35,1991,80.4
4 IVY PLACE CHERRYBROOK,CHERRYBROOK,NSW,2126,35,1991,80.4
22 CEDARWOOD DRIVE CHERRYBROOK,CHERRYBROOK,NSW,2126,35,1991,80.4
24 POMONA STREET PENNANT HILLS,PENNANT HILLS,NSW,2120,35,1991,80.4
3 BANCROFT AVENUE WEST PENNANT HILLS,WEST PENNANT HILLS,NSW,2125,35,1991,80.4
18-20 YARRARA ROAD PENNANT HILLS,PENNANT HILLS,NSW,2120,35,1991,80.4
4 TIMBERTOP WAY BEECROFT,BEECROFT,NSW,2119,35,1991,80.4
112 BEECROFT ROAD BEECROFT,BEECROFT,NSW,2119,35,1991,80.4
3 GUMLEAF PLACE WEST PENNANT HILLS,WEST PENNANT HILLS,NSW,2125,35,1991,80.4
24 HENRY STREET BAULKHAM HILLS,BAULKHAM HILLS,NSW,2153,35,1991,80.4
28 CASTLEWOOD DRIVE CASTLE HILL,CASTLE HILL,NSW,2154,35,1991,80.4
6 RICHMOND COURT CASTLE HILL,CASTLE HILL,NSW,2154,35,1991,80.4
9 KENT STREET BAULKHAM HILLS,BAULKHAM HILLS,NSW,2153,40,1986,80.4
34 WAMBIRI PLACE CROMER,CROMER,NSW,2099,40,1986,80.4
57 CARBEEN AVENUE ST IVES,ST IVES,NSW,2075,35,1991,80.4
6 CARISSA AVENUE ST IVES,ST IVES,NSW,2075,35,1991,80.4
5 TAYLOR AVENUE TURRAMURRA,TURRAMURRA,NSW,2074,35,1991,80.4
31 WARRIMOO AVENUE ST IVES,ST IVES,NSW,2075,35,1991,80.4
110 SHEPHERDS DRIVE CHERRYBROOK,CHERRYBROOK,NSW,2126,35,1991,80.4
219 MONA VALE ROAD TERREY HILLS,TERREY HILLS,NSW,2084,35,1991,80.4
5 HOPKINS PLACE NORTH TURRAMURRA,NORTH TURRAMURRA,NSW,2074,35,1991,80.4
66 ALBERT STREET HORNSBY,HORNSBY,NSW,2077,35,1991,80.4
24 WATER STREET WAHROONGA,WAHROONGA,NSW,2076,35,1991,80.4
65A ELY STREET REVESBY,REVESBY,NSW,2212,40,1986,80.3
14 ESHER STREET BURWOOD,BURWOOD,NSW,2134,35,1991,80.3
15 QUEEN STREET CROYDON,CROYDON,NSW,2132,35,1991,80.3
15A GINAHGULLA ROAD BELLEVUE HILL,BELLEVUE HILL,NSW,2023,40,1986,80.3
12 BIRRIGA ROAD BELLEVUE HILL,BELLEVUE HILL,NSW,2023,28,1998,80.3
14 AVENUE ROAD MOSMAN,MOSMAN,NSW,2088,40,1986,80.3
41 BOYD AVENUE WEST PENNANT HILLS,WEST PENNANT HILLS,NSW,2125,35,1991,80.3
41 PARKHILL CRESCENT CHERRYBROOK,CHERRYBROOK,NSW,2126,35,1991,80.3
188 COPELAND ROAD BEECROFT,BEECROFT,NSW,2119,40,1986,80.3
55 GLENRIDGE AVENUE WEST PENNANT HILLS,WEST PENNANT HILLS,NSW,2125,35,1991,80.3
25 FLAME TREE PLACE CHERRYBROOK,CHERRYBROOK,NSW,2126,35,1991,80.3
35 RYRIE AVENUE CROMER,CROMER,NSW,2099,40,1986,80.3
50 ACRON ROAD ST IVES,ST IVES,NSW,2075,35,1991,80.3
89 WOODBURY ROAD ST IVES,ST IVES,NSW,2075,35,1991,80.3
303/2 PEARSON AVENUE GORDON,GORDON,NSW,2072,35,1991,80.3
7 CAMBOURNE AVENUE ST IVES,ST IVES,NSW,2075,35,1991,80.3
4 KINGSCOTT PLACE CASTLE HILL,CASTLE HILL,NSW,2154,35,1991,80.3
15 BURRAGA AVENUE TERREY HILLS,TERREY HILLS,NSW,2084,35,1991,80.3
56 NEWTON ROAD STRATHFIELD,STRATHFIELD,NSW,2135,40,1986,80.2
102 NEWTON ROAD STRATHFIELD,STRATHFIELD,NSW,2135,40,1986,80.2
2 MARGARET STREET ASHFIELD,ASHFIELD,NSW,2131,40,1986,80.2
17 BEAUTY POINT CRESCENT LEONAY,LEONAY,NSW,2750,35,1991,80.2
96 CARDINAL AVENUE WEST PENNANT HILLS,WEST PENNANT HILLS,NSW,2125,35,1991,80.2
25 PATU PLACE CHERRYBROOK,CHERRYBROOK,NSW,2126,35,1991,80.2
48 CASTLE HILL ROAD WEST PENNANT HILLS,WEST PENNANT HILLS,NSW,2125,35,1991,80.2
15A FRANCIS STREET CASTLE HILL,CASTLE HILL,NSW,2154,35,1991,80.2
35 KESWICK AVENUE CASTLE HILL,CASTLE HILL,NSW,2154,35,1991,80.2
3 TALLOWWOOD AVENUE CHERRYBROOK,CHERRYBROOK,NSW,2126,35,1991,80.2
19 FIRST FARM DRIVE CASTLE HILL,CASTLE HILL,NSW,2154,35,1991,80.2
11 PIONEER PLACE CASTLE HILL,CASTLE HILL,NSW,2154,35,1991,80.2
26 WABASH AVENUE CROMER,CROMER,NSW,2099,35,1991,80.2
3 BIMBURRA AVENUE ST IVES,ST IVES,NSW,2075,35,1991,80.2
36 LAWSON PARADE ST IVES,ST IVES,NSW,2075,35,1991,80.2
14 ALVONA AVENUE ST IVES,ST IVES,NSW,2075,35,1991,80.2
8 JUNE PLACE GLENHAVEN,GLENHAVEN,NSW,2156,35,1991,80.2
11 WILLIAMTOWN COURT GLENHAVEN,GLENHAVEN,NSW,2156,35,1991,80.2
11 HOLT AVENUE NORTH WAHROONGA,NORTH WAHROONGA,NSW,2076,35,1991,80.2
111 ELIMATTA ROAD MONA VALE,MONA VALE,NSW,2103,40,1986,80.2
417 ANZAC PARADE KINGSFORD,KINGSFORD,NSW,2032,40,1986,80.1
65 OXFORD ROAD STRATHFIELD,STRATHFIELD,NSW,2135,40,1986,80.1
65 PEMBERTON STREET STRATHFIELD,STRATHFIELD,NSW,2135,40,1986,80.1
8 PARK ROAD BURWOOD,BURWOOD,NSW,2134,35,1991,80.1
14 RUSSELL STREET VAUCLUSE,VAUCLUSE,NSW,2030,35,1991,80.1
35 TALLOWWOOD AVENUE CHERRYBROOK,CHERRYBROOK,NSW,2126,35,1991,80.1
7 ASH STREET CHERRYBROOK,CHERRYBROOK,NSW,2126,35,1991,80.1
62 GUMNUT ROAD CHERRYBROOK,CHERRYBROOK,NSW,2126,35,1991,80.1
45 CEDARWOOD DRIVE CHERRYBROOK,CHERRYBROOK,NSW,2126,35,1991,80.1
23 VERNEY DRIVE WEST PENNANT HILLS,WEST PENNANT HILLS,NSW,2125,35,1991,80.1
23 NEW LINE ROAD WEST PENNANT HILLS,WEST PENNANT HILLS,NSW,2125,35,1991,80.1
43 NORTHCOTT ROAD CROMER,CROMER,NSW,2099,40,1986,80.1
18 FOVEAUX PLACE CROMER,CROMER,NSW,2099,35,1991,80.1
14 MOUNT WILLIAM STREET GORDON,GORDON,NSW,2072,35,1991,80.1
7 KANANGRA CRESCENT CHERRYBROOK,CHERRYBROOK,NSW,2126,35,1991,80.1
23 KANANGRA CRESCENT CHERRYBROOK,CHERRYBROOK,NSW,2126,35,1991,80.1
48 BEECHWOOD PARADE CHERRYBROOK,CHERRYBROOK,NSW,2126,35,1991,80.1
15 KOKODA AVENUE WAHROONGA,WAHROONGA,NSW,2076,35,1991,80.1
88 WARIALDA STREET KOGARAH,KOGARAH,NSW,2217,40,1986,80.0
99 ALBERT STREET REVESBY,REVESBY,NSW,2212,35,1991,80.0
7/27 COBAR STREET DULWICH HILL,DULWICH HILL,NSW,2203,40,1986,80.0
33 NEWTON ROAD STRATHFIELD,STRATHFIELD,NSW,2135,40,1986,80.0
35 BAREENA STREET STRATHFIELD,STRATHFIELD,NSW,2135,40,1986,80.0
82 BERESFORD ROAD STRATHFIELD,STRATHFIELD,NSW,2135,40,1986,80.0
21 BIRNAM GROVE STRATHFIELD,STRATHFIELD,NSW,2135,40,1986,80.0
50 BURLINGTON ROAD HOMEBUSH,HOMEBUSH,NSW,2140,40,1986,80.0
2 CALEDONIAN ROAD ROSE BAY,ROSE BAY,NSW,2029,35,1991,80.0
114 MURRIVERIE ROAD NORTH BONDI,NORTH BONDI,NSW,2026,40,1986,80.0
18 LOOMBAH ROAD DOVER HEIGHTS,DOVER HEIGHTS,NSW,2030,40,1986,80.0
4 FRANCIS STREET BONDI BEACH,BONDI BEACH,NSW,2026,35,1991,80.0
47 CASTLE CIRCUIT SEAFORTH,SEAFORTH,NSW,2092,40,1986,80.0
21 CASTLE CIRCUIT SEAFORTH,SEAFORTH,NSW,2092,40,1986,80.0
41 BORROWDALE WAY CRANEBROOK,CRANEBROOK,NSW,2749,35,1991,80.0
17 ROSSIAN PLACE CHERRYBROOK,CHERRYBROOK,NSW,2126,35,1991,80.0
5 LILLA ROAD PENNANT HILLS,PENNANT HILLS,NSW,2120,35,1991,80.0
2 ANNETTE PLACE BAULKHAM HILLS,BAULKHAM HILLS,NSW,2153,35,1991,80.0
23 BRISBANE ROAD CASTLE HILL,CASTLE HILL,NSW,2154,35,1991,80.0
26 MELIA COURT CASTLE HILL,CASTLE HILL,NSW,2154,35,1991,80.0
3 PETRIZZI PLACE BAULKHAM HILLS,BAULKHAM HILLS,NSW,2153,35,1991,80.0
79 TORONTO AVENUE CROMER,CROMER,NSW,2099,40,1986,80.0
8 GREVILLEA AVENUE ST IVES,ST IVES,NSW,2075,35,1991,80.0
32 KELVIN ROAD ST IVES,ST IVES,NSW,2075,35,1991,80.0
24 BEE FARM ROAD SPRINGWOOD,SPRINGWOOD,NSW,2777,35,1991,80.0
43 ASHMORE AVENUE PYMBLE,PYMBLE,NSW,2073,35,1991,80.0
59 KENTHURST ROAD ST IVES,ST IVES,NSW,2075,35,1991,80.0
3 WANARI ROAD TERREY HILLS,TERREY HILLS,NSW,2084,35,1991,80.0
7 ROSS PLACE NORTH WAHROONGA,NORTH WAHROONGA,NSW,2076,35,1991,80.0
176A EASTERN ROAD WAHROONGA,WAHROONGA,NSW,2076,35,1991,80.0
67 KOKODA AVENUE WAHROONGA,WAHROONGA,NSW,2076,35,1991,80.0
36 IRRUBEL ROAD NEWPORT,NEWPORT,NSW,2106,35,1991,80.0
404 BRONTE ROAD BRONTE,BRONTE,NSW,2024,40,1986,79.9
18 BIRNAM GROVE STRATHFIELD,STRATHFIELD,NSW,2135,40,1986,79.9
2 EBSWORTH ROAD ROSE BAY,ROSE BAY,NSW,2029,35,1991,79.9
65 LIVERPOOL STREET ROSE BAY,ROSE BAY,NSW,2029,40,1986,79.9
44 SHEPHERDS DRIVE CHERRYBROOK,CHERRYBROOK,NSW,2126,35,1991,79.9
7 MAYBUSH PLACE CHERRYBROOK,CHERRYBROOK,NSW,2126,35,1991,79.9
5 EMILY PLACE CHERRYBROOK,CHERRYBROOK,NSW,2126,35,1991,79.9
116A VICTORIA ROAD WEST PENNANT HILLS,WEST PENNANT HILLS,NSW,2125,35,1991,79.9
30 KADIGAL PLACE BEACON HILL,BEACON HILL,NSW,2100,40,1986,79.9
21 KENTHURST ROAD ST IVES,ST IVES,NSW,2075,35,1991,79.9
8 GIBRAN PLACE ST IVES,ST IVES,NSW,2075,35,1991,79.9
51 BARWON AVENUE SOUTH TURRAMURRA,SOUTH TURRAMURRA,NSW,2074,40,1986,79.9
31 FINLAY ROAD WARRAWEE,WARRAWEE,NSW,2074,35,1991,79.9
3 WILDFLOWER PLACE DURAL,DURAL,NSW,2158,35,1991,79.9
31 COREEN AVENUE TERREY HILLS,TERREY HILLS,NSW,2084,35,1991,79.9
2 CURAGUL ROAD NORTH TURRAMURRA,NORTH TURRAMURRA,NSW,2074,35,1991,79.9
24 BARKER ROAD STRATHFIELD,STRATHFIELD,NSW,2135,40,1986,79.8
34 REDMYRE ROAD STRATHFIELD,STRATHFIELD,NSW,2135,35,1991,79.8
6 EASTCOTE ROAD NORTH EPPING,NORTH EPPING,NSW,2121,40,1986,79.8
2 PENROSE AVENUE CHERRYBROOK,CHERRYBROOK,NSW,2126,35,1991,79.8
408-410 PENNANT HILLS ROAD PENNANT HILLS,PENNANT HILLS,NSW,2120,35,1991,79.8
182 BOUNDARY ROAD CHERRYBROOK,CHERRYBROOK,NSW,2126,35,1991,79.8
2 LAWSON PLACE CHERRYBROOK,CHERRYBROOK,NSW,2126,35,1991,79.8
9 THE PROMENADE CHELTENHAM,CHELTENHAM,NSW,2119,40,1986,79.8
68 PARSONAGE ROAD CASTLE HILL,CASTLE HILL,NSW,2154,35,1991,79.8
23 TORONTO AVENUE CROMER,CROMER,NSW,2099,40,1986,79.8
14 WILLANDRA ROAD BEACON HILL,BEACON HILL,NSW,2100,40,1986,79.8
58 DOUGLAS STREET ST IVES,ST IVES,NSW,2075,28,1998,79.8
20 CHAPMAN PARADE FAULCONBRIDGE,FAULCONBRIDGE,NSW,2776,35,1991,79.8
45 KOKODA AVENUE WAHROONGA,WAHROONGA,NSW,2076,35,1991,79.8
21 BURNS ROAD WAHROONGA,WAHROONGA,NSW,2076,35,1991,79.8
2 GROSVENOR STREET KENSINGTON,KENSINGTON,NSW,2033,40,1986,79.7
25 BIRNAM GROVE STRATHFIELD,STRATHFIELD,NSW,2135,40,1986,79.7
35 SOUTH STREET STRATHFIELD,STRATHFIELD,NSW,2135,40,1986,79.7
4 SIMONE CRESCENT STRATHFIELD,STRATHFIELD,NSW,2135,35,1991,79.7
165 BENNETT ROAD ST CLAIR,ST CLAIR,NSW,2759,35,1991,79.7
35 BRADLEYS HEAD ROAD MOSMAN,MOSMAN,NSW,2088,40,1986,79.7
8 OLIN CLOSE CRANEBROOK,CRANEBROOK,NSW,2749,35,1991,79.7
16 BROOKLANDS ROAD GLENBROOK,GLENBROOK,NSW,2773,35,1991,79.7
3 HARLECH COURT CASTLE HILL,CASTLE HILL,NSW,2154,35,1991,79.7
46 CASUARINA DRIVE CHERRYBROOK,CHERRYBROOK,NSW,2126,35,1991,79.7
48 THORN STREET PENNANT HILLS,PENNANT HILLS,NSW,2120,35,1991,79.7
1 HELEN COURT CASTLE HILL,CASTLE HILL,NSW,2154,40,1986,79.7
84 COUNTY DRIVE CHERRYBROOK,CHERRYBROOK,NSW,2126,35,1991,79.7
128 CECIL AVENUE CASTLE HILL,CASTLE HILL,NSW,2154,35,1991,79.7
28 MUDIES ROAD ST IVES,ST IVES,NSW,2075,35,1991,79.7
16 OXLEY AVENUE ST IVES,ST IVES,NSW,2075,35,1991,79.7
19 RICHARD ROAD ST IVES,ST IVES,NSW,2075,35,1991,79.7
5 RUSSELL AVENUE FAULCONBRIDGE,FAULCONBRIDGE,NSW,2776,35,1991,79.7
29 RUSSELL AVENUE VALLEY HEIGHTS,VALLEY HEIGHTS,NSW,2777,35,1991,79.7
44 LAWLEY CRESCENT PYMBLE,PYMBLE,NSW,2073,35,1991,79.7
8 BINNOWEE AVENUE ST IVES,ST IVES,NSW,2075,35,1991,79.7
30 BEECHWOOD PARADE CHERRYBROOK,CHERRYBROOK,NSW,2126,35,1991,79.7
17 WYLLIE PLACE CHERRYBROOK,CHERRYBROOK,NSW,2126,35,1991,79.7
10 CHILDREY PLACE CASTLE HILL,CASTLE HILL,NSW,2154,35,1991,79.7
5 ANGORRA ROAD TERREY HILLS,TERREY HILLS,NSW,2084,35,1991,79.7
5 JUMBUNNA PLACE TERREY HILLS,TERREY HILLS,NSW,2084,35,1991,79.7
112 COONANBARRA ROAD WAHROONGA,WAHROONGA,NSW,2076,35,1991,79.7
49 JUNCTION ROAD WAHROONGA,WAHROONGA,NSW,2076,35,1991,79.7
34 CHERYL CRESCENT NEWPORT,NEWPORT,NSW,2106,35,1991,79.7
5 SLIGO PLACE PRESTONS,PRESTONS,NSW,2170,40,1986,79.6
25 AUGUSTA STREET STRATHFIELD,STRATHFIELD,NSW,2135,40,1986,79.6
12 RADLEY PLACE CHERRYBROOK,CHERRYBROOK,NSW,2126,35,1991,79.6
7 ISABEL CLOSE CHERRYBROOK,CHERRYBROOK,NSW,2126,35,1991,79.6
47 BOUNDARY ROAD NORTH EPPING,NORTH EPPING,NSW,2121,40,1986,79.6
55 WYONG STREET OATLEY,OATLEY,NSW,2223,35,1991,79.5
24 FLORENCE STREET STRATHFIELD,STRATHFIELD,NSW,2135,40,1986,79.5
37 MARION STREET STRATHFIELD,STRATHFIELD,NSW,2135,40,1986,79.5
21 KINGSLAND ROAD STRATHFIELD,STRATHFIELD,NSW,2135,40,1986,79.5
13 EMU STREET STRATHFIELD,STRATHFIELD,NSW,2135,40,1986,79.5
56 MYRNA ROAD STRATHFIELD,STRATHFIELD,NSW,2135,40,1986,79.5
23 EBSWORTH ROAD ROSE BAY,ROSE BAY,NSW,2029,40,1986,79.5
80 BOWER STREET MANLY,MANLY,NSW,2095,40,1986,79.5
6X PARK AVENUE BEECROFT,BEECROFT,NSW,2119,35,1991,79.5
16 HANDLEY AVENUE THORNLEIGH,THORNLEIGH,NSW,2120,35,1991,79.5
54 DOWNES STREET NORTH EPPING,NORTH EPPING,NSW,2121,40,1986,79.5
55 DAVID ROAD CASTLE HILL,CASTLE HILL,NSW,2154,35,1991,79.5
4 ELLIOTT PLACE CHERRYBROOK,CHERRYBROOK,NSW,2126,35,1991,79.5
10 LOFTUS ROAD PENNANT HILLS,PENNANT HILLS,NSW,2120,35,1991,79.5
485A PENNANT HILLS ROAD WEST PENNANT HILLS,WEST PENNANT HILLS,NSW,2125,35,1991,79.5
33 RONDELAY DRIVE CASTLE HILL,CASTLE HILL,NSW,2154,35,1991,79.5
5 FERNGREEN WAY CASTLE HILL,CASTLE HILL,NSW,2154,35,1991,79.5
10 PRIORY CLOSE CHERRYBROOK,CHERRYBROOK,NSW,2126,35,1991,79.5
42 MERINDAH ROAD BAULKHAM HILLS,BAULKHAM HILLS,NSW,2153,35,1991,79.5
12 FOVEAUX PLACE CROMER,CROMER,NSW,2099,40,1986,79.5
80 GROSE ROAD FAULCONBRIDGE,FAULCONBRIDGE,NSW,2776,35,1991,79.5
18 PARK ROAD SPRINGWOOD,SPRINGWOOD,NSW,2777,35,1991,79.5
23 BELLATRIX STREET CRANEBROOK,CRANEBROOK,NSW,2749,35,1991,79.5
12 NORMURRA AVENUE NORTH TURRAMURRA,NORTH TURRAMURRA,NSW,2074,35,1991,79.5
3 HAYLE STREET ST IVES,ST IVES,NSW,2075,35,1991,79.5
4 LEONORA AVENUE ST IVES,ST IVES,NSW,2075,35,1991,79.5
36 BOORALIE ROAD TERREY HILLS,TERREY HILLS,NSW,2084,35,1991,79.5
54 KINTORE STREET WAHROONGA,WAHROONGA,NSW,2076,35,1991,79.5
67 VINEYARD STREET MONA VALE,MONA VALE,NSW,2103,35,1991,79.5
31 MIRRABOOKA STREET BILGOLA PLATEAU,BILGOLA PLATEAU,NSW,2107,40,1986,79.5
3 FIRTH STREET WAVERLEY,WAVERLEY,NSW,2024,35,1991,79.4
22 BRIDGE ROAD HOMEBUSH,HOMEBUSH,NSW,2140,35,1991,79.4
1 ASTON GARDENS BELLEVUE HILL,BELLEVUE HILL,NSW,2023,40,1986,79.4
5 BEACONSFIELD ROAD MOSMAN,MOSMAN,NSW,2088,35,1991,79.4
5 RUSSELL STREET VAUCLUSE,VAUCLUSE,NSW,2030,35,1991,79.4
68 EASTCOTE ROAD NORTH EPPING,NORTH EPPING,NSW,2121,40,1986,79.4
19 DUER PLACE CHERRYBROOK,CHERRYBROOK,NSW,2126,35,1991,79.4
5 IVY PLACE CHERRYBROOK,CHERRYBROOK,NSW,2126,35,1991,79.4
8A NUNDA CLOSE PENNANT HILLS,PENNANT HILLS,NSW,2120,35,1991,79.4
64 CASUARINA DRIVE CHERRYBROOK,CHERRYBROOK,NSW,2126,35,1991,79.4
7 PENROSE AVENUE CHERRYBROOK,CHERRYBROOK,NSW,2126,35,1991,79.4
9 LEITH ROAD PENNANT HILLS,PENNANT HILLS,NSW,2120,35,1991,79.4
59 CASTLE HILL ROAD WEST PENNANT HILLS,WEST PENNANT HILLS,NSW,2125,35,1991,79.4
9 CASTLE HILL ROAD WEST PENNANT HILLS,WEST PENNANT HILLS,NSW,2125,35,1991,79.4
70 ROXBOROUGH PARK ROAD CASTLE HILL,CASTLE HILL,NSW,2154,35,1991,79.4
329 OLD NORTHERN ROAD CASTLE HILL,CASTLE HILL,NSW,2154,35,1991,79.4
299 MALTON ROAD NORTH EPPING,NORTH EPPING,NSW,2121,40,1986,79.4
63-65 COONANBARRA ROAD WAHROONGA,WAHROONGA,NSW,2076,35,1991,79.4
66 WESTBROOK AVENUE WAHROONGA,WAHROONGA,NSW,2076,35,1991,79.4
141 BURDETT STREET WAHROONGA,WAHROONGA,NSW,2076,35,1991,79.4
4 ROCHES AVENUE BAYVIEW,BAYVIEW,NSW,2104,35,1991,79.4
38 HOWARD STREET STRATHFIELD,STRATHFIELD,NSW,2135,40,1986,79.3
8 LENNOX STREET MOSMAN,MOSMAN,NSW,2088,35,1991,79.3
9 CASTLE CIRCUIT SEAFORTH,SEAFORTH,NSW,2092,40,1986,79.3
19 KIRKOSWALD AVENUE MOSMAN,MOSMAN,NSW,2088,35,1991,79.3
10 HIGHVIEW CLOSE NORTH EPPING,NORTH EPPING,NSW,2121,40,1986,79.3
23 MYSON DRIVE CHERRYBROOK,CHERRYBROOK,NSW,2126,35,1991,79.3
11 BELLAMY STREET PENNANT HILLS,PENNANT HILLS,NSW,2120,35,1991,79.3
340 KISSING POINT ROAD SOUTH TURRAMURRA,SOUTH TURRAMURRA,NSW,2074,40,1986,79.3
183A OLD NORTHERN ROAD CASTLE HILL,CASTLE HILL,NSW,2154,35,1991,79.3
12 JORDANA PLACE CASTLE HILL,CASTLE HILL,NSW,2154,35,1991,79.3
23 WHITEMAN AVENUE BELLA VISTA,BELLA VISTA,NSW,2153,35,1991,79.3
65 GROVER AVENUE CROMER,CROMER,NSW,2099,35,1991,79.3
5 BEVERLEY PLACE CHERRYBROOK,CHERRYBROOK,NSW,2126,35,1991,79.3
33 MUDIES ROAD ST IVES,ST IVES,NSW,2075,35,1991,79.3
178 MCCARRS CREEK ROAD CHURCH POINT,CHURCH POINT,NSW,2105,40,1986,79.3
50 CLARENCE STREET CONDELL PARK,CONDELL PARK,NSW,2200,35,1991,79.2
7 MACARTHUR AVENUE STRATHFIELD,STRATHFIELD,NSW,2135,40,1986,79.2
79-85 BROUGHAM STREET WOOLLOOMOOLOO,WOOLLOOMOOLOO,NSW,2011,35,1991,79.2
4 KAY CLOSE CHERRYBROOK,CHERRYBROOK,NSW,2126,35,1991,79.2
4 NUNDA CLOSE PENNANT HILLS,PENNANT HILLS,NSW,2120,35,1991,79.2
50 WESSON ROAD WEST PENNANT HILLS,WEST PENNANT HILLS,NSW,2125,35,1991,79.2
84 EXCELSIOR AVENUE CASTLE HILL,CASTLE HILL,NSW,2154,35,1991,79.2
261A ALFRED STREET CROMER,CROMER,NSW,2099,40,1986,79.2
24 DOROTHY STREET CROMER,CROMER,NSW,2099,35,1991,79.2
41 BURRAGA AVENUE TERREY HILLS,TERREY HILLS,NSW,2084,35,1991,79.2
10 MORGAN PLACE STRATHFIELD,STRATHFIELD,NSW,2135,40,1986,79.1
15 MEREDITH STREET HOMEBUSH,HOMEBUSH,NSW,2140,40,1986,79.1
7 JOHN SAVAGE CRESCENT WEST PENNANT HILLS,WEST PENNANT HILLS,NSW,2125,35,1991,79.1
44 POMONA STREET PENNANT HILLS,PENNANT HILLS,NSW,2120,35,1991,79.1
11 NEW LINE ROAD WEST PENNANT HILLS,WEST PENNANT HILLS,NSW,2125,35,1991,79.1
14 BOLWARRA CRESCENT CASTLE HILL,CASTLE HILL,NSW,2154,35,1991,79.1
11 CANNAN CLOSE CHERRYBROOK,CHERRYBROOK,NSW,2126,35,1991,79.1
44 WELLMAN ROAD FORESTVILLE,FORESTVILLE,NSW,2087,40,1986,79.1
35 BENAROON AVENUE ST IVES,ST IVES,NSW,2075,35,1991,79.1
18 BASS PLACE ST IVES,ST IVES,NSW,2075,35,1991,79.1
7 MUNGARRA AVENUE ST IVES,ST IVES,NSW,2075,35,1991,79.1
32 SHINFIELD AVENUE ST IVES,ST IVES,NSW,2075,35,1991,79.1
62 WARRAGAL ROAD TURRAMURRA,TURRAMURRA,NSW,2074,35,1991,79.1
15 DOWNES STREET NORTH EPPING,NORTH EPPING,NSW,2121,35,1991,79.1
26 ROLAND AVENUE WAHROONGA,WAHROONGA,NSW,2076,35,1991,79.1
32 MUDIES ROAD ST IVES,ST IVES,NSW,2075,35,1991,79.1
56 BOORALIE ROAD TERREY HILLS,TERREY HILLS,NSW,2084,35,1991,79.1
49 HILLCREST AVENUE MONA VALE,MONA VALE,NSW,2103,40,1986,79.1
25 WYANNA STREET BEROWRA HEIGHTS,BEROWRA HEIGHTS,NSW,2082,35,1991,79.1
7 SPRINGFIELD ROAD PADSTOW,PADSTOW,NSW,2211,40,1986,79.0
1/16 LENTHALL STREET KENSINGTON,KENSINGTON,NSW,2033,40,1986,79.0
103 BARKER ROAD STRATHFIELD,STRATHFIELD,NSW,2135,35,1991,79.0
103 WENTWORTH ROAD STRATHFIELD,STRATHFIELD,NSW,2135,35,1991,79.0
61 ALBYN ROAD STRATHFIELD,STRATHFIELD,NSW,2135,35,1991,79.0
50 AUGUSTA STREET STRATHFIELD,STRATHFIELD,NSW,2135,35,1991,79.0
51 WALLIS AVENUE STRATHFIELD,STRATHFIELD,NSW,2135,35,1991,79.0
29 SHORTLAND AVENUE STRATHFIELD,STRATHFIELD,NSW,2135,35,1991,79.0
43 WAKEFORD ROAD STRATHFIELD,STRATHFIELD,NSW,2135,40,1986,79.0
15 FRANCIS GREENWAY DRIVE CHERRYBROOK,CHERRYBROOK,NSW,2126,35,1991,79.0
16 GREENOAKS AVENUE CHERRYBROOK,CHERRYBROOK,NSW,2126,35,1991,79.0
19 NEW FARM ROAD WEST PENNANT HILLS,WEST PENNANT HILLS,NSW,2125,35,1991,79.0
23 LEITH ROAD PENNANT HILLS,PENNANT HILLS,NSW,2120,35,1991,79.0
61 CHURCH STREET CASTLE HILL,CASTLE HILL,NSW,2154,35,1991,79.0
32 STEPHEN STREET HORNSBY,HORNSBY,NSW,2077,35,1991,79.0
2149 PITTWATER ROAD CHURCH POINT,CHURCH POINT,NSW,2105,40,1986,79.0
10B MINNAMURRA CIRCUIT PRESTONS,PRESTONS,NSW,2170,40,1986,78.9
63-65 MARKET STREET RANDWICK,RANDWICK,NSW,2031,40,1986,78.9
5 WYUNA ROAD POINT PIPER,POINT PIPER,NSW,2027,40,1986,78.9
8 BOWERMAN PLACE CHERRYBROOK,CHERRYBROOK,NSW,2126,35,1991,78.9
27 TIMOTHY AVENUE CASTLE HILL,CASTLE HILL,NSW,2154,35,1991,78.9
9 SCOTT PLACE ST IVES,ST IVES,NSW,2075,35,1991,78.9
17A MACQUARIE ROAD PYMBLE,PYMBLE,NSW,2073,35,1991,78.9
19 KAFFIR CLOSE CHERRYBROOK,CHERRYBROOK,NSW,2126,35,1991,78.9
1 JOYCE PLACE DURAL,DURAL,NSW,2158,35,1991,78.9
72B SHERBROOK ROAD HORNSBY,HORNSBY,NSW,2077,35,1991,78.9
49 WARRANGARREE DRIVE WORONORA HEIGHTS,WORONORA HEIGHTS,NSW,2233,28,1998,78.8
24 ROBB STREET REVESBY,REVESBY,NSW,2212,40,1986,78.8
7 AGNES STREET STRATHFIELD,STRATHFIELD,NSW,2135,35,1991,78.8
52 MINTARO AVENUE STRATHFIELD,STRATHFIELD,NSW,2135,40,1986,78.8
24 WILLEE STREET STRATHFIELD,STRATHFIELD,NSW,2135,40,1986,78.8
24 WARRINGAH ROAD MOSMAN,MOSMAN,NSW,2088,35,1991,78.8
61 MUSTON STREET MOSMAN,MOSMAN,NSW,2088,40,1986,78.8
12 MUSTON STREET MOSMAN,MOSMAN,NSW,2088,35,1991,78.8
7 HUNT STREET GLENBROOK,GLENBROOK,NSW,2773,35,1991,78.8
5 ASH STREET CHERRYBROOK,CHERRYBROOK,NSW,2126,35,1991,78.8
46 MACQUARIE DRIVE CHERRYBROOK,CHERRYBROOK,NSW,2126,35,1991,78.8
1 VERNEY DRIVE WEST PENNANT HILLS,WEST PENNANT HILLS,NSW,2125,35,1991,78.8
16 THE CRESCENT BEECROFT,BEECROFT,NSW,2119,40,1986,78.8
141 BEECROFT ROAD BEECROFT,BEECROFT,NSW,2119,35,1991,78.8
17 WISEMAN ROAD CASTLE HILL,CASTLE HILL,NSW,2154,40,1986,78.8
5 OLOLA AVENUE CASTLE HILL,CASTLE HILL,NSW,2154,35,1991,78.8
175D OLD NORTHERN ROAD CASTLE HILL,CASTLE HILL,NSW,2154,40,1986,78.8
8 POWELL PLACE CHERRYBROOK,CHERRYBROOK,NSW,2126,35,1991,78.8
4 PIONEER PLACE CASTLE HILL,CASTLE HILL,NSW,2154,35,1991,78.8
19 OWEN AVENUE BAULKHAM HILLS,BAULKHAM HILLS,NSW,2153,40,1986,78.8
2 LINCOLN ROAD ST IVES,ST IVES,NSW,2075,35,1991,78.8
17 KENTHURST ROAD ST IVES,ST IVES,NSW,2075,35,1991,78.8
64 MELALEUCA DRIVE ST IVES,ST IVES,NSW,2075,35,1991,78.8
274-276 MACQUARIE ROAD SPRINGWOOD,SPRINGWOOD,NSW,2777,35,1991,78.8
95 BORROWDALE WAY CRANEBROOK,CRANEBROOK,NSW,2749,35,1991,78.8
11 QUADRANT CLOSE PYMBLE,PYMBLE,NSW,2073,35,1991,78.8
16 WATFORD CLOSE NORTH EPPING,NORTH EPPING,NSW,2121,40,1986,78.8
5 BIMBURRA AVENUE ST IVES,ST IVES,NSW,2075,35,1991,78.8
52 KULGOA ROAD PYMBLE,PYMBLE,NSW,2073,35,1991,78.8
16 COWRANG AVENUE TERREY HILLS,TERREY HILLS,NSW,2084,35,1991,78.8
7 COWRANG AVENUE TERREY HILLS,TERREY HILLS,NSW,2084,35,1991,78.8
79 EWART STREET DULWICH HILL,DULWICH HILL,NSW,2203,40,1986,78.7
10-12 MACLEAY STREET ELIZABETH BAY,ELIZABETH BAY,NSW,2011,28,1998,78.7
20 KIRKWOOD STREET SEAFORTH,SEAFORTH,NSW,2092,40,1986,78.7
12 RYRIE STREET MOSMAN,MOSMAN,NSW,2088,28,1998,78.7
104 BANTRY BAY ROAD FRENCHS FOREST,FRENCHS FOREST,NSW,2086,40,1986,78.7
14 DOULTON AVENUE BEACON HILL,BEACON HILL,NSW,2100,40,1986,78.7
38 NORTHCOTT ROAD CROMER,CROMER,NSW,2099,40,1986,78.7
4 BELTANA AVENUE TERREY HILLS,TERREY HILLS,NSW,2084,35,1991,78.7
64 ELANORA ROAD ELANORA HEIGHTS,ELANORA HEIGHTS,NSW,2101,40,1986,78.7
17 ROSEMONT AVENUE MORTDALE,MORTDALE,NSW,2223,40,1986,78.6
12 HANKS STREET ASHFIELD,ASHFIELD,NSW,2131,40,1986,78.6
88 BURLINGTON ROAD HOMEBUSH,HOMEBUSH,NSW,2140,35,1991,78.6
17 CONWAY AVENUE ROSE BAY,ROSE BAY,NSW,2029,35,1991,78.6
2 KARINGAL STREET SEAFORTH,SEAFORTH,NSW,2092,40,1986,78.6
137 RAGLAN STREET MOSMAN,MOSMAN,NSW,2088,35,1991,78.6
23 DARLEY ROAD MANLY,MANLY,NSW,2095,40,1986,78.6
15 NIRIMBA AVENUE NORTH EPPING,NORTH EPPING,NSW,2121,40,1986,78.6
19 FRANCIS GREENWAY DRIVE CHERRYBROOK,CHERRYBROOK,NSW,2126,35,1991,78.6
144 NEW LINE ROAD CHERRYBROOK,CHERRYBROOK,NSW,2126,35,1991,78.6
4 CHADLEY COURT CHERRYBROOK,CHERRYBROOK,NSW,2126,35,1991,78.6
18 MARGUERITE CRESCENT WEST PENNANT HILLS,WEST PENNANT HILLS,NSW,2125,35,1991,78.6
12 HARRIET AVENUE CASTLE HILL,CASTLE HILL,NSW,2154,35,1991,78.6
1 ROSEDALE PLACE WEST PENNANT HILLS,WEST PENNANT HILLS,NSW,2125,35,1991,78.6
43 MCCUSKER CRESCENT CHERRYBROOK,CHERRYBROOK,NSW,2126,35,1991,78.6
8 WOODGROVE AVENUE CASTLE HILL,CASTLE HILL,NSW,2154,35,1991,78.6
1 DOUGLAS STREET ST IVES,ST IVES,NSW,2075,35,1991,78.6
50 WARRIMOO AVENUE ST IVES,ST IVES,NSW,2075,35,1991,78.6
50 LAWSON PARADE ST IVES,ST IVES,NSW,2075,35,1991,78.6
23C CHISHOLM STREET SOUTH TURRAMURRA,SOUTH TURRAMURRA,NSW,2074,40,1986,78.6
32 KINDILEN CLOSE ROUSE HILL,ROUSE HILL,NSW,2155,35,1991,78.6
42 MILFORD DRIVE ROUSE HILL,ROUSE HILL,NSW,2155,35,1991,78.6
6 MARK PLACE CHERRYBROOK,CHERRYBROOK,NSW,2126,35,1991,78.6
37 BEECHWOOD PARADE CHERRYBROOK,CHERRYBROOK,NSW,2126,35,1991,78.6
15 WALNUT GROVE CHERRYBROOK,CHERRYBROOK,NSW,2126,35,1991,78.6
6 DAPHNE PLACE CHERRYBROOK,CHERRYBROOK,NSW,2126,35,1991,78.6
12 WEMBURY ROAD ST IVES,ST IVES,NSW,2075,35,1991,78.6
5 BLACKBURN STREET ST IVES,ST IVES,NSW,2075,35,1991,78.6
3 WETSTONE WAY DURAL,DURAL,NSW,2158,35,1991,78.6
66 MYOORA ROAD TERREY HILLS,TERREY HILLS,NSW,2084,35,1991,78.6
25 GWYDIR AVENUE NORTH TURRAMURRA,NORTH TURRAMURRA,NSW,2074,35,1991,78.6
45 BELLEVUE AVENUE AVALON BEACH,AVALON BEACH,NSW,2107,40,1986,78.6
85 ELY STREET REVESBY,REVESBY,NSW,2212,40,1986,78.5
8 DRUMALBYN ROAD BELLEVUE HILL,BELLEVUE HILL,NSW,2023,28,1998,78.5
29 WATERVIEW STREET SEAFORTH,SEAFORTH,NSW,2092,40,1986,78.5
23 BRADLEYS HEAD ROAD MOSMAN,MOSMAN,NSW,2088,28,1998,78.5
8 GWANDALAN STREET EMU PLAINS,EMU PLAINS,NSW,2750,35,1991,78.5
49 BYRNE STREET LAPSTONE,LAPSTONE,NSW,2773,28,1998,78.5
2 BOUNDARY ROAD NORTH EPPING,NORTH EPPING,NSW,2121,40,1986,78.5
113X NEW LINE ROAD CHERRYBROOK,CHERRYBROOK,NSW,2126,35,1991,78.5
1 DANTIC PLACE CHERRYBROOK,CHERRYBROOK,NSW,2126,35,1991,78.5
83 VICTORIA ROAD WEST PENNANT HILLS,WEST PENNANT HILLS,NSW,2125,35,1991,78.5
31 CHAPMAN AVENUE BEECROFT,BEECROFT,NSW,2119,40,1986,78.5
14 LYNE ROAD CHELTENHAM,CHELTENHAM,NSW,2119,40,1986,78.5
21 HIBISCUS PLACE CHERRYBROOK,CHERRYBROOK,NSW,2126,35,1991,78.5
27 BENEDICTINE PLACE CHERRYBROOK,CHERRYBROOK,NSW,2126,35,1991,78.5
14 MILFORD GROVE CHERRYBROOK,CHERRYBROOK,NSW,2126,35,1991,78.5
7 KOLONGA PLACE FRENCHS FOREST,FRENCHS FOREST,NSW,2086,35,1991,78.5
42 CORSAIR CRESCENT CRANEBROOK,CRANEBROOK,NSW,2749,35,1991,78.5
44 BENAROON AVENUE ST IVES,ST IVES,NSW,2075,28,1998,78.5
23 WARRIMOO AVENUE ST IVES,ST IVES,NSW,2075,28,1998,78.5
5 BLACKWATTLE PLACE CHERRYBROOK,CHERRYBROOK,NSW,2126,35,1991,78.5
81 BOUNDARY ROAD WAHROONGA,WAHROONGA,NSW,2076,28,1998,78.5
46-48 HAMPDEN AVENUE WAHROONGA,WAHROONGA,NSW,2076,35,1991,78.5
17 VICTORIA STREET STRATHFIELD,STRATHFIELD,NSW,2135,40,1986,78.4
15 BISHOP AVENUE WEST PENNANT HILLS,WEST PENNANT HILLS,NSW,2125,35,1991,78.4
40A HANNAH STREET BEECROFT,BEECROFT,NSW,2119,40,1986,78.4
38A KERRS ROAD CASTLE HILL,CASTLE HILL,NSW,2154,35,1991,78.4
23 MCCUSKER CRESCENT CHERRYBROOK,CHERRYBROOK,NSW,2126,35,1991,78.4
35 NORTHCOTT ROAD CROMER,CROMER,NSW,2099,40,1986,78.4
34 BUNDABAH AVENUE ST IVES,ST IVES,NSW,2075,35,1991,78.4
115 KILLEATON STREET ST IVES,ST IVES,NSW,2075,35,1991,78.4
8/26 MEMORIAL AVENUE ST IVES,ST IVES,NSW,2075,35,1991,78.4
62 MELALEUCA DRIVE ST IVES,ST IVES,NSW,2075,35,1991,78.4
11 CHURCHILL AVENUE WAHROONGA,WAHROONGA,NSW,2076,35,1991,78.4
3A CARRINGTON STREET WAHROONGA,WAHROONGA,NSW,2076,35,1991,78.4
28 CLISSOLD ROAD WAHROONGA,WAHROONGA,NSW,2076,35,1991,78.4
110 COONANBARRA ROAD WAHROONGA,WAHROONGA,NSW,2076,35,1991,78.4
3 WILLEE STREET STRATHFIELD,STRATHFIELD,NSW,2135,40,1986,78.3
37 BAREENA STREET STRATHFIELD,STRATHFIELD,NSW,2135,40,1986,78.3
4 CARRINGTON AVENUE MOSMAN,MOSMAN,NSW,2088,35,1991,78.3
9 ALFORD STREET QUAKERS HILL,QUAKERS HILL,NSW,2763,35,1991,78.3
1-3 STEVENS STREET PENNANT HILLS,PENNANT HILLS,NSW,2120,35,1991,78.3
19 KOOKABURRA PLACE WEST PENNANT HILLS,WEST PENNANT HILLS,NSW,2125,35,1991,78.3
7 ROCKWALL PLACE WEST PENNANT HILLS,WEST PENNANT HILLS,NSW,2125,28,1998,78.3
21 WOODGROVE AVENUE CHERRYBROOK,CHERRYBROOK,NSW,2126,35,1991,78.3
6 SETTLERS CLOSE CASTLE HILL,CASTLE HILL,NSW,2154,28,1998,78.3
49 CATHERINE STREET ST IVES,ST IVES,NSW,2075,35,1991,78.3
45 HANCOCK DRIVE CHERRYBROOK,CHERRYBROOK,NSW,2126,35,1991,78.3
8 KAFFIR CLOSE CHERRYBROOK,CHERRYBROOK,NSW,2126,35,1991,78.3
38 BURNS ROAD WAHROONGA,WAHROONGA,NSW,2076,28,1998,78.3
30-32 KING STREET ASHBURY,ASHBURY,NSW,2193,35,1991,78.2
22 CLONTARF STREET SEAFORTH,SEAFORTH,NSW,2092,35,1991,78.2
10 DARLINGTON DRIVE CHERRYBROOK,CHERRYBROOK,NSW,2126,35,1991,78.2
30 MURRAY ROAD BEECROFT,BEECROFT,NSW,2119,40,1986,78.2
46 CASTLE HOWARD ROAD CHELTENHAM,CHELTENHAM,NSW,2119,35,1991,78.2
1A TEKLA STREET WEST PENNANT HILLS,WEST PENNANT HILLS,NSW,2125,35,1991,78.2
150 NEW LINE ROAD CHERRYBROOK,CHERRYBROOK,NSW,2126,35,1991,78.2
31 MERCER STREET CASTLE HILL,CASTLE HILL,NSW,2154,35,1991,78.2
9 BEACON AVENUE BEACON HILL,BEACON HILL,NSW,2100,40,1986,78.2
9 WARRABINA AVENUE ST IVES,ST IVES,NSW,2075,35,1991,78.2
84 BEECHWORTH ROAD PYMBLE,PYMBLE,NSW,2073,35,1991,78.2
22 KEIGHRAN PLACE CHERRYBROOK,CHERRYBROOK,NSW,2126,35,1991,78.2
3 NIXON PLACE CHERRYBROOK,CHERRYBROOK,NSW,2126,35,1991,78.2
46 COREEN AVENUE TERREY HILLS,TERREY HILLS,NSW,2084,35,1991,78.2
39 BAREENA AVENUE WAHROONGA,WAHROONGA,NSW,2076,35,1991,78.2
289 BOBBIN HEAD ROAD NORTH TURRAMURRA,NORTH TURRAMURRA,NSW,2074,35,1991,78.2
28 CURTIN AVENUE NORTH WAHROONGA,NORTH WAHROONGA,NSW,2076,28,1998,78.2
37 ROSLYN STREET ASHBURY,ASHBURY,NSW,2193,40,1986,78.1
35A BRAY AVENUE EARLWOOD,EARLWOOD,NSW,2206,40,1986,78.1
9 EDGAR STREET STRATHFIELD,STRATHFIELD,NSW,2135,35,1991,78.1
26 WAKEFORD ROAD STRATHFIELD,STRATHFIELD,NSW,2135,40,1986,78.1
68 MINTARO AVENUE STRATHFIELD,STRATHFIELD,NSW,2135,35,1991,78.1
7 MINTARO AVENUE STRATHFIELD,STRATHFIELD,NSW,2135,40,1986,78.1
11 LANCASTER ROAD DOVER HEIGHTS,DOVER HEIGHTS,NSW,2030,40,1986,78.1
30 BEAUMONT STREET ROSE BAY,ROSE BAY,NSW,2029,40,1986,78.1
38B ALBERT ROAD BEECROFT,BEECROFT,NSW,2119,35,1991,78.1
12 ROSSIAN PLACE CHERRYBROOK,CHERRYBROOK,NSW,2126,35,1991,78.1
13 KANGAROO ROAD COLLAROY PLATEAU,COLLAROY PLATEAU,NSW,2097,40,1986,78.1
108 PURCHASE ROAD CHERRYBROOK,CHERRYBROOK,NSW,2126,35,1991,78.1
100 COONANBARRA ROAD WAHROONGA,WAHROONGA,NSW,2076,35,1991,78.1
46 THE AVENUE NEWPORT,NEWPORT,NSW,2106,40,1986,78.1
5 MURRAY STREET MAROUBRA,MAROUBRA,NSW,2035,35,1991,78.0
6 WYNNSTAY AVENUE ENFIELD,ENFIELD,NSW,2136,35,1991,78.0
11 ONSLOW AVENUE ELIZABETH BAY,ELIZABETH BAY,NSW,2011,35,1991,78.0
23 NEW SOUTH HEAD ROAD VAUCLUSE,VAUCLUSE,NSW,2030,35,1991,78.0
8 KIRKWOOD STREET SEAFORTH,SEAFORTH,NSW,2092,40,1986,78.0
10 POWELL PLACE CHERRYBROOK,CHERRYBROOK,NSW,2126,35,1991,78.0
8 ALBION STREET PENNANT HILLS,PENNANT HILLS,NSW,2120,35,1991,78.0
55 STEVENS STREET PENNANT HILLS,PENNANT HILLS,NSW,2120,35,1991,78.0
15 MORGAN STREET THORNLEIGH,THORNLEIGH,NSW,2120,35,1991,78.0
24 LAURENCE STREET PENNANT HILLS,PENNANT HILLS,NSW,2120,35,1991,78.0
210 BOUNDARY ROAD CHERRYBROOK,CHERRYBROOK,NSW,2126,35,1991,78.0
45 PURCHASE ROAD CHERRYBROOK,CHERRYBROOK,NSW,2126,35,1991,78.0
156A COPELAND ROAD BEECROFT,BEECROFT,NSW,2119,40,1986,78.0
56 HULL ROAD BEECROFT,BEECROFT,NSW,2119,35,1991,78.0
34 CAMBEWARRA AVENUE CASTLE HILL,CASTLE HILL,NSW,2154,35,1991,78.0
1 CRANE STREET SPRINGWOOD,SPRINGWOOD,NSW,2777,35,1991,78.0
89 SHEPHERDS DRIVE CHERRYBROOK,CHERRYBROOK,NSW,2126,35,1991,78.0
127 SHEPHERDS DRIVE CHERRYBROOK,CHERRYBROOK,NSW,2126,35,1991,78.0
5 APANIE PLACE WESTLEIGH,WESTLEIGH,NSW,2120,35,1991,78.0
8 MILSTED ROAD TERREY HILLS,TERREY HILLS,NSW,2084,35,1991,78.0
29 JUBILEE STREET WAHROONGA,WAHROONGA,NSW,2076,35,1991,78.0
12 DERWENT AVENUE NORTH WAHROONGA,NORTH WAHROONGA,NSW,2076,35,1991,78.0
89A CARRINGTON ROAD WAHROONGA,WAHROONGA,NSW,2076,35,1991,78.0
20 MARLBOROUGH PLACE ST IVES,ST IVES,NSW,2075,35,1991,78.0
35 GARNET STREET DULWICH HILL,DULWICH HILL,NSW,2203,35,1991,77.9
20 VICTORIA STREET STRATHFIELD,STRATHFIELD,NSW,2135,40,1986,77.9
104 REDMYRE ROAD STRATHFIELD,STRATHFIELD,NSW,2135,35,1991,77.9
11 BIRNAM GROVE STRATHFIELD,STRATHFIELD,NSW,2135,40,1986,77.9
19 THOMAS STREET STRATHFIELD,STRATHFIELD,NSW,2135,40,1986,77.9
14 FRANCIS STREET STRATHFIELD,STRATHFIELD,NSW,2135,35,1991,77.9
9 WHARF ROAD VAUCLUSE,VAUCLUSE,NSW,2030,28,1998,77.9
40 JUDITH STREET SEAFORTH,SEAFORTH,NSW,2092,35,1991,77.9
2 ACACIA ROAD SEAFORTH,SEAFORTH,NSW,2092,35,1991,77.9
5 ADDISON ROAD MANLY,MANLY,NSW,2095,40,1986,77.9
2 LEMONGRASS PLACE CHERRYBROOK,CHERRYBROOK,NSW,2126,28,1998,77.9
30A GUMNUT ROAD CHERRYBROOK,CHERRYBROOK,NSW,2126,35,1991,77.9
9 ELDERBERRY PLACE CHERRYBROOK,CHERRYBROOK,NSW,2126,35,1991,77.9
84-86 BOUNDARY ROAD PENNANT HILLS,PENNANT HILLS,NSW,2120,35,1991,77.9
12 CHAPEL CLOSE CHERRYBROOK,CHERRYBROOK,NSW,2126,35,1991,77.9
34 KNIGHT WAY CASTLE HILL,CASTLE HILL,NSW,2154,35,1991,77.9
31 PARNI PLACE FRENCHS FOREST,FRENCHS FOREST,NSW,2086,35,1991,77.9
53 DOUGLAS STREET ST IVES,ST IVES,NSW,2075,35,1991,77.9
8 AYRES ROAD ST IVES,ST IVES,NSW,2075,35,1991,77.9
1 MYRA STREET WAHROONGA,WAHROONGA,NSW,2076,35,1991,77.9
1 EDWIN WARD PLACE MONA VALE,MONA VALE,NSW,2103,35,1991,77.9
23 WALLUMATTA ROAD NEWPORT,NEWPORT,NSW,2106,40,1986,77.9
33 VALLEY VIEW CRESCENT NORTH EPPING,NORTH EPPING,NSW,2121,40,1986,77.8
34 BADCOE ROAD CROMER,CROMER,NSW,2099,40,1986,77.8
70 TOROKINA AVENUE ST IVES,ST IVES,NSW,2075,28,1998,77.8
169 REX ROAD GEORGES HALL,GEORGES HALL,NSW,2198,40,1986,77.7
2 ELWIN STREET STRATHFIELD,STRATHFIELD,NSW,2135,40,1986,77.7
7 CLEMENT STREET RUSHCUTTERS BAY,RUSHCUTTERS BAY,NSW,2011,40,1986,77.7
3 STANTON ROAD MOSMAN,MOSMAN,NSW,2088,35,1991,77.7
34 BULLECOURT AVENUE MOSMAN,MOSMAN,NSW,2088,35,1991,77.7
5 JACINTA AVENUE BEECROFT,BEECROFT,NSW,2119,35,1991,77.7
7 TALLOWWOOD AVENUE CHERRYBROOK,CHERRYBROOK,NSW,2126,35,1991,77.7
62 FRANCIS GREENWAY DRIVE CHERRYBROOK,CHERRYBROOK,NSW,2126,35,1991,77.7
11 MAYBUSH PLACE CHERRYBROOK,CHERRYBROOK,NSW,2126,35,1991,77.7
25-27 STEVENS STREET PENNANT HILLS,PENNANT HILLS,NSW,2120,35,1991,77.7
35A BORONIA AVENUE BEECROFT,BEECROFT,NSW,2119,40,1986,77.7
19 EASTCOTE ROAD NORTH EPPING,NORTH EPPING,NSW,2121,40,1986,77.7
171 OLD NORTHERN ROAD CASTLE HILL,CASTLE HILL,NSW,2154,35,1991,77.7
2 BELLWOOD PLACE CASTLE HILL,CASTLE HILL,NSW,2154,35,1991,77.7
21 WALKER AVENUE NORWEST,NORWEST,NSW,2153,35,1991,77.7
4 DORIS HIRST PLACE WEST PENNANT HILLS,WEST PENNANT HILLS,NSW,2125,35,1991,77.7
110 GRACE AVENUE FORESTVILLE,FORESTVILLE,NSW,2087,35,1991,77.7
70 WASHINGTON AVENUE CROMER,CROMER,NSW,2099,40,1986,77.7
5 LUTON PLACE ST IVES,ST IVES,NSW,2075,35,1991,77.7
16 CATHERINE STREET ST IVES,ST IVES,NSW,2075,35,1991,77.7
7 DARLING STREET ST IVES,ST IVES,NSW,2075,35,1991,77.7
7 EDWARD STREET GORDON,GORDON,NSW,2072,40,1986,77.7
9 VIVALDI PLACE BEAUMONT HILLS,BEAUMONT HILLS,NSW,2155,35,1991,77.7
2 CORAL COURT CHERRYBROOK,CHERRYBROOK,NSW,2126,35,1991,77.7
15 BEVERLEY PLACE CHERRYBROOK,CHERRYBROOK,NSW,2126,35,1991,77.7
9 WILLIAMTOWN COURT GLENHAVEN,GLENHAVEN,NSW,2156,35,1991,77.7
22 BELTANA AVENUE TERREY HILLS,TERREY HILLS,NSW,2084,35,1991,77.7
26 TERRIGAL ROAD TERREY HILLS,TERREY HILLS,NSW,2084,35,1991,77.7
10 ELVINA AVENUE NEWPORT,NEWPORT,NSW,2106,35,1991,77.7
66 OXFORD ROAD STRATHFIELD,STRATHFIELD,NSW,2135,40,1986,77.6
23 MYEE AVENUE STRATHFIELD,STRATHFIELD,NSW,2135,35,1991,77.6
17 WALLIS AVENUE STRATHFIELD,STRATHFIELD,NSW,2135,40,1986,77.6
12 WALLIS AVENUE STRATHFIELD,STRATHFIELD,NSW,2135,40,1986,77.6
21 HUNTER STREET DOVER HEIGHTS,DOVER HEIGHTS,NSW,2030,35,1991,77.6
16 DORSET ROAD NORTHBRIDGE,NORTHBRIDGE,NSW,2063,35,1991,77.6
21 HODGSON ROAD GLENBROOK,GLENBROOK,NSW,2773,35,1991,77.6
18 KEELENDI ROAD WEST PENNANT HILLS,WEST PENNANT HILLS,NSW,2125,35,1991,77.6
10 AUTUMN LEAF GROVE CHERRYBROOK,CHERRYBROOK,NSW,2126,35,1991,77.6
8 WILSON ROAD PENNANT HILLS,PENNANT HILLS,NSW,2120,28,1998,77.6
8 JULIA CLOSE CHERRYBROOK,CHERRYBROOK,NSW,2126,35,1991,77.6
85A COPELAND ROAD BEECROFT,BEECROFT,NSW,2119,40,1986,77.6
4 PARKVIEW PLACE WESTLEIGH,WESTLEIGH,NSW,2120,35,1991,77.6
21 BROOKPINE PLACE WEST PENNANT HILLS,WEST PENNANT HILLS,NSW,2125,35,1991,77.6
5 MCNAMARA ROAD CROMER,CROMER,NSW,2099,35,1991,77.6
74 BALMORAL STREET WAITARA,WAITARA,NSW,2077,35,1991,77.6
32 MIOWERA ROAD NORTH TURRAMURRA,NORTH TURRAMURRA,NSW,2074,35,1991,77.6
32 BEGOVICH CRESCENT ABBOTSBURY,ABBOTSBURY,NSW,2176,28,1998,77.5
49 SOUTH STREET STRATHFIELD,STRATHFIELD,NSW,2135,40,1986,77.5
9 LONG STREET STRATHFIELD,STRATHFIELD,NSW,2135,40,1986,77.5
10 SUTHERLAND CRESCENT DARLING POINT,DARLING POINT,NSW,2027,40,1986,77.5
19 SILEX ROAD MOSMAN,MOSMAN,NSW,2088,28,1998,77.5
82 CHALEYER STREET ROSE BAY,ROSE BAY,NSW,2029,40,1986,77.5
202 BOUNDARY ROAD CHERRYBROOK,CHERRYBROOK,NSW,2126,35,1991,77.5
18 FRANKLIN ROAD CHERRYBROOK,CHERRYBROOK,NSW,2126,35,1991,77.5
6 STAR CRESCENT WEST PENNANT HILLS,WEST PENNANT HILLS,NSW,2125,35,1991,77.5
26 STAR CRESCENT WEST PENNANT HILLS,WEST PENNANT HILLS,NSW,2125,35,1991,77.5
27 MAPLE AVENUE PENNANT HILLS,PENNANT HILLS,NSW,2120,35,1991,77.5
10 JOHN SAVAGE CRESCENT WEST PENNANT HILLS,WEST PENNANT HILLS,NSW,2125,35,1991,77.5
43 FIRST FARM DRIVE CASTLE HILL,CASTLE HILL,NSW,2154,35,1991,77.5
5 TREGENNA CLOSE ST IVES,ST IVES,NSW,2075,35,1991,77.5
64 YARRABUNG ROAD ST IVES,ST IVES,NSW,2075,35,1991,77.5
58 AYRES ROAD ST IVES,ST IVES,NSW,2075,35,1991,77.5
14 CHAPMAN PARADE FAULCONBRIDGE,FAULCONBRIDGE,NSW,2776,35,1991,77.5
69 PRETORIA PARADE HORNSBY,HORNSBY,NSW,2077,35,1991,77.5
7 JAMBEROO AVENUE TERREY HILLS,TERREY HILLS,NSW,2084,35,1991,77.5
86 KING ROAD WAHROONGA,WAHROONGA,NSW,2076,35,1991,77.5
84 WESTBROOK AVENUE NORTH WAHROONGA,NORTH WAHROONGA,NSW,2076,35,1991,77.5
55 BOOMERANG ROAD EDENSOR PARK,EDENSOR PARK,NSW,2176,28,1998,77.4
36 COURTENAY ROAD ROSE BAY,ROSE BAY,NSW,2029,40,1986,77.4
20-22 CARLISLE STREET ROSE BAY,ROSE BAY,NSW,2029,35,1991,77.4
45 BRADLEYS HEAD ROAD MOSMAN,MOSMAN,NSW,2088,35,1991,77.4
26A WOLSELEY ROAD MOSMAN,MOSMAN,NSW,2088,35,1991,77.4
29X MYSON DRIVE CHERRYBROOK,CHERRYBROOK,NSW,2126,35,1991,77.4
9 FIONA ROAD BEECROFT,BEECROFT,NSW,2119,35,1991,77.4
32 NARELLE AVENUE CASTLE HILL,CASTLE HILL,NSW,2154,35,1991,77.4
5 BROOKPINE PLACE WEST PENNANT HILLS,WEST PENNANT HILLS,NSW,2125,35,1991,77.4
52 TELFER ROAD CASTLE HILL,CASTLE HILL,NSW,2154,35,1991,77.4
57 CEDARWOOD DRIVE CHERRYBROOK,CHERRYBROOK,NSW,2126,35,1991,77.4
14 GAY STREET CASTLE HILL,CASTLE HILL,NSW,2154,35,1991,77.4
23 MAYBROOK AVENUE CROMER,CROMER,NSW,2099,35,1991,77.4
33 RYRIE AVENUE CROMER,CROMER,NSW,2099,35,1991,77.4
6 GIPPS PLACE CROMER,CROMER,NSW,2099,35,1991,77.4
59B YARRABUNG ROAD ST IVES,ST IVES,NSW,2075,35,1991,77.4
106 APPLETREE DRIVE CHERRYBROOK,CHERRYBROOK,NSW,2126,35,1991,77.4
20 APPLETREE DRIVE CHERRYBROOK,CHERRYBROOK,NSW,2126,35,1991,77.4
25 BALMORAL STREET WAITARA,WAITARA,NSW,2077,35,1991,77.4
94 DUDLEY STREET COOGEE,COOGEE,NSW,2034,35,1991,77.3
23 LATIMER ROAD BELLEVUE HILL,BELLEVUE HILL,NSW,2023,40,1986,77.3
29 REINA STREET NORTH BONDI,NORTH BONDI,NSW,2026,40,1986,77.3
45-53 MACLEAY STREET POTTS POINT,POTTS POINT,NSW,2011,40,1986,77.3
47 CERES STREET PENRITH,PENRITH,NSW,2750,35,1991,77.3
49 PARK STREET GLENBROOK,GLENBROOK,NSW,2773,35,1991,77.3
334 MALTON ROAD NORTH EPPING,NORTH EPPING,NSW,2121,40,1986,77.3
12 TOORAK COURT CHERRYBROOK,CHERRYBROOK,NSW,2126,35,1991,77.3
75A NEW FARM ROAD WEST PENNANT HILLS,WEST PENNANT HILLS,NSW,2125,35,1991,77.3
41 LOFTUS ROAD PENNANT HILLS,PENNANT HILLS,NSW,2120,35,1991,77.3
18 HILLCREST ROAD PENNANT HILLS,PENNANT HILLS,NSW,2120,35,1991,77.3
235 EXCELSIOR AVENUE CASTLE HILL,CASTLE HILL,NSW,2154,35,1991,77.3
5 FEATHERWOOD WAY CASTLE HILL,CASTLE HILL,NSW,2154,35,1991,77.3
11 SETTLERS CLOSE CASTLE HILL,CASTLE HILL,NSW,2154,28,1998,77.3
3 ARUM WAY CHERRYBROOK,CHERRYBROOK,NSW,2126,35,1991,77.3
40 PARSONAGE ROAD CASTLE HILL,CASTLE HILL,NSW,2154,35,1991,77.3
64 AYRES ROAD ST IVES,ST IVES,NSW,2075,35,1991,77.3
7 TAMARISK CRESCENT CHERRYBROOK,CHERRYBROOK,NSW,2126,35,1991,77.3
44 HANCOCK DRIVE CHERRYBROOK,CHERRYBROOK,NSW,2126,35,1991,77.3
9 GLENEAGLES CRESCENT HORNSBY,HORNSBY,NSW,2077,35,1991,77.3
71 HAMPDEN AVENUE WAHROONGA,WAHROONGA,NSW,2076,35,1991,77.3
108B ELIMATTA ROAD MONA VALE,MONA VALE,NSW,2103,40,1986,77.3
19 PRINCE ALFRED PARADE NEWPORT,NEWPORT,NSW,2106,35,1991,77.3
21 COOLONG ROAD VAUCLUSE,VAUCLUSE,NSW,2030,35,1991,77.2
201 MALTON ROAD NORTH EPPING,NORTH EPPING,NSW,2121,40,1986,77.2
22 LEITH ROAD PENNANT HILLS,PENNANT HILLS,NSW,2120,35,1991,77.2
79 FRANCIS GREENWAY DRIVE CHERRYBROOK,CHERRYBROOK,NSW,2126,35,1991,77.2
10 VERNON CLOSE WEST PENNANT HILLS,WEST PENNANT HILLS,NSW,2125,35,1991,77.2
4 ELDERBERRY PLACE CHERRYBROOK,CHERRYBROOK,NSW,2126,35,1991,77.2
24 WANAWONG DRIVE THORNLEIGH,THORNLEIGH,NSW,2120,35,1991,77.2
110 VICTORIA ROAD WEST PENNANT HILLS,WEST PENNANT HILLS,NSW,2125,35,1991,77.2
54 HIGHS ROAD WEST PENNANT HILLS,WEST PENNANT HILLS,NSW,2125,40,1986,77.2
25 MAXWELL PARADE FRENCHS FOREST,FRENCHS FOREST,NSW,2086,40,1986,77.2
17 ARNOLD JANSSEN DRIVE BEAUMONT HILLS,BEAUMONT HILLS,NSW,2155,35,1991,77.2
14 CAROB PLACE CHERRYBROOK,CHERRYBROOK,NSW,2126,35,1991,77.2
55 THOMAS WILKINSON AVENUE DURAL,DURAL,NSW,2158,35,1991,77.2
16 ARTHUR STREET HORNSBY,HORNSBY,NSW,2077,35,1991,77.2
 WAHROONGA,,NSW,,35,1991,77.2
353 BRONTE ROAD BRONTE,BRONTE,NSW,2024,40,1986,77.1
4 CARMINYA STREET KENSINGTON,KENSINGTON,NSW,2033,35,1991,77.1
385 NEW CANTERBURY ROAD DULWICH HILL,DULWICH HILL,NSW,2203,28,1998,77.1
14 FIRTH AVENUE STRATHFIELD,STRATHFIELD,NSW,2135,35,1991,77.1
529 NEW SOUTH HEAD ROAD DOUBLE BAY,DOUBLE BAY,NSW,2028,28,1998,77.1
24-26 MAPLE AVENUE PENNANT HILLS,PENNANT HILLS,NSW,2120,35,1991,77.1
4 GILHAM STREET CASTLE HILL,CASTLE HILL,NSW,2154,35,1991,77.1
9 MATTHEW WAY WEST PENNANT HILLS,WEST PENNANT HILLS,NSW,2125,35,1991,77.1
1 DANGAR PLACE DAVIDSON,DAVIDSON,NSW,2085,35,1991,77.1
20 DAVIES AVENUE SPRINGWOOD,SPRINGWOOD,NSW,2777,35,1991,77.1
15 MYRA STREET WAHROONGA,WAHROONGA,NSW,2076,35,1991,77.1
11 WATER STREET WAHROONGA,WAHROONGA,NSW,2076,35,1991,77.1
17-21A VILLIERS STREET KENSINGTON,KENSINGTON,NSW,2033,35,1991,77.0
4 DAVINA CRESCENT CECIL HILLS,CECIL HILLS,NSW,2171,40,1986,77.0
19 BAREENA STREET STRATHFIELD,STRATHFIELD,NSW,2135,40,1986,77.0
66 SHORTLAND AVENUE STRATHFIELD,STRATHFIELD,NSW,2135,40,1986,77.0
22 GELLING AVENUE STRATHFIELD,STRATHFIELD,NSW,2135,35,1991,77.0
31 KINGSLAND ROAD STRATHFIELD,STRATHFIELD,NSW,2135,35,1991,77.0
111 DOVER ROAD ROSE BAY,ROSE BAY,NSW,2029,40,1986,77.0
7 CASUARINA DRIVE CHERRYBROOK,CHERRYBROOK,NSW,2126,35,1991,77.0
4 LEE ROAD PENNANT HILLS,PENNANT HILLS,NSW,2120,35,1991,77.0
4 THE CRESCENT PENNANT HILLS,PENNANT HILLS,NSW,2120,35,1991,77.0
92 HULL ROAD WEST PENNANT HILLS,WEST PENNANT HILLS,NSW,2125,35,1991,77.0
48 HILLMONT AVENUE THORNLEIGH,THORNLEIGH,NSW,2120,35,1991,77.0
53 DEAN STREET WEST PENNANT HILLS,WEST PENNANT HILLS,NSW,2125,35,1991,77.0
122 DARCEY ROAD CASTLE HILL,CASTLE HILL,NSW,2154,35,1991,77.0
4 GARDENIA PLACE CASTLE HILL,CASTLE HILL,NSW,2154,35,1991,77.0
13 DARLINGTON DRIVE CHERRYBROOK,CHERRYBROOK,NSW,2126,35,1991,77.0
17 AKORA STREET FRENCHS FOREST,FRENCHS FOREST,NSW,2086,40,1986,77.0
1 OTTWAY CLOSE ST IVES,ST IVES,NSW,2075,35,1991,77.0
7 OAK HILL CLOSE ST IVES,ST IVES,NSW,2075,35,1991,77.0
98 ST GEORGES CRESCENT FAULCONBRIDGE,FAULCONBRIDGE,NSW,2776,35,1991,77.0
110 GROSE ROAD FAULCONBRIDGE,FAULCONBRIDGE,NSW,2776,35,1991,77.0
18 GEORGE STREET SPRINGWOOD,SPRINGWOOD,NSW,2777,35,1991,77.0
55 AVON ROAD PYMBLE,PYMBLE,NSW,2073,35,1991,77.0
79 APPLETREE DRIVE CHERRYBROOK,CHERRYBROOK,NSW,2126,35,1991,77.0
72 PURCHASE ROAD CHERRYBROOK,CHERRYBROOK,NSW,2126,35,1991,77.0
6 KIAMA CLOSE TERREY HILLS,TERREY HILLS,NSW,2084,35,1991,77.0
11 ASCOT AVENUE WAHROONGA,WAHROONGA,NSW,2076,35,1991,77.0
29 INGALARA AVENUE WAHROONGA,WAHROONGA,NSW,2076,35,1991,77.0
160 BARRENJOEY ROAD NEWPORT,NEWPORT,NSW,2106,35,1991,77.0
78 WATERVIEW STREET MONA VALE,MONA VALE,NSW,2103,35,1991,77.0
22 WYANNA STREET BEROWRA HEIGHTS,BEROWRA HEIGHTS,NSW,2082,35,1991,77.0
5 EMU STREET STRATHFIELD,STRATHFIELD,NSW,2135,40,1986,76.9
54 REDMYRE ROAD STRATHFIELD,STRATHFIELD,NSW,2135,35,1991,76.9
7 CHELTENHAM ROAD CHELTENHAM,CHELTENHAM,NSW,2119,28,1998,76.9
2A WILSON ROAD PENNANT HILLS,PENNANT HILLS,NSW,2120,35,1991,76.9
GROVER AVENUE CROMER,CROMER,NSW,2099,28,1998,76.9
1A MUDIES ROAD ST IVES,ST IVES,NSW,2075,28,1998,76.9
40 CENTAUR STREET REVESBY,REVESBY,NSW,2212,35,1991,76.8
5 FULLERTON CRESCENT RIVERWOOD,RIVERWOOD,NSW,2210,35,1991,76.8
146 THE BOULEVARDE STRATHFIELD,STRATHFIELD,NSW,2135,40,1986,76.8
48 BERESFORD ROAD STRATHFIELD,STRATHFIELD,NSW,2135,40,1986,76.8
181 O'SULLIVAN ROAD BELLEVUE HILL,BELLEVUE HILL,NSW,2023,28,1998,76.8
23 FROMELLES AVENUE SEAFORTH,SEAFORTH,NSW,2092,40,1986,76.8
3 BOWER STREET MANLY,MANLY,NSW,2095,35,1991,76.8
56 BOUNDARY ROAD PENNANT HILLS,PENNANT HILLS,NSW,2120,35,1991,76.8
2 CHELSEA ROAD WEST PENNANT HILLS,WEST PENNANT HILLS,NSW,2125,35,1991,76.8
125A HULL ROAD WEST PENNANT HILLS,WEST PENNANT HILLS,NSW,2125,35,1991,76.8
9 NEW FARM ROAD WEST PENNANT HILLS,WEST PENNANT HILLS,NSW,2125,35,1991,76.8
12 WATTS PLACE CHERRYBROOK,CHERRYBROOK,NSW,2126,35,1991,76.8
96 VICTORIA ROAD WEST PENNANT HILLS,WEST PENNANT HILLS,NSW,2125,35,1991,76.8
5 HILL ROAD WEST PENNANT HILLS,WEST PENNANT HILLS,NSW,2125,35,1991,76.8
2 CANNAN CLOSE CHERRYBROOK,CHERRYBROOK,NSW,2126,35,1991,76.8
16/378-382 PENNANT HILLS ROAD PENNANT HILLS,PENNANT HILLS,NSW,2120,35,1991,76.8
1 WOODVALE PLACE CASTLE HILL,CASTLE HILL,NSW,2154,35,1991,76.8
6 DURACK PLACE ST IVES,ST IVES,NSW,2075,35,1991,76.8
18 MACKS GLEN BEAUMONT HILLS,BEAUMONT HILLS,NSW,2155,35,1991,76.8
73 PURCHASE ROAD CHERRYBROOK,CHERRYBROOK,NSW,2126,35,1991,76.8
20 BROADOAK PLACE CASTLE HILL,CASTLE HILL,NSW,2154,35,1991,76.8
25 TERRY ROAD THERESA PARK,THERESA PARK,NSW,2570,35,1991,76.7
22 BARKER ROAD STRATHFIELD,STRATHFIELD,NSW,2135,35,1991,76.7
174 ALBERT ROAD STRATHFIELD,STRATHFIELD,NSW,2135,40,1986,76.7
28 SHORTLAND AVENUE STRATHFIELD,STRATHFIELD,NSW,2135,40,1986,76.7
32 THE CRESCENT VAUCLUSE,VAUCLUSE,NSW,2030,28,1998,76.7
24 ROSS STREET GLENBROOK,GLENBROOK,NSW,2773,28,1998,76.7
22 LESLIE ROAD GLENBROOK,GLENBROOK,NSW,2773,35,1991,76.7
51A THORNLEIGH STREET THORNLEIGH,THORNLEIGH,NSW,2120,35,1991,76.7
19 GUMNUT ROAD CHERRYBROOK,CHERRYBROOK,NSW,2126,35,1991,76.7
45 LOFTUS ROAD PENNANT HILLS,PENNANT HILLS,NSW,2120,35,1991,76.7
5 AUTUMN LEAF GROVE CHERRYBROOK,CHERRYBROOK,NSW,2126,35,1991,76.7
36 LAURENCE STREET PENNANT HILLS,PENNANT HILLS,NSW,2120,35,1991,76.7
2 PRIORY CLOSE CHERRYBROOK,CHERRYBROOK,NSW,2126,35,1991,76.7
4 TRISTANIA WAY BEECROFT,BEECROFT,NSW,2119,28,1998,76.7
14 POWELL PLACE CHERRYBROOK,CHERRYBROOK,NSW,2126,35,1991,76.7
97 TORONTO AVENUE CROMER,CROMER,NSW,2099,35,1991,76.7
1 BOOLARONG ROAD PYMBLE,PYMBLE,NSW,2073,35,1991,76.7
20 GEORGE STREET SPRINGWOOD,SPRINGWOOD,NSW,2777,35,1991,76.7
111 BRAMPTON DRIVE BEAUMONT HILLS,BEAUMONT HILLS,NSW,2155,35,1991,76.7
53 FORESTER CRESCENT CHERRYBROOK,CHERRYBROOK,NSW,2126,35,1991,76.7
13 BELLTREE CRESCENT CASTLE HILL,CASTLE HILL,NSW,2154,35,1991,76.7
29 BALMORAL STREET WAITARA,WAITARA,NSW,2077,35,1991,76.7
58 BANKS AVENUE PAGEWOOD,PAGEWOOD,NSW,2035,35,1991,76.6
8B DEFRIES AVENUE ZETLAND,ZETLAND,NSW,2017,40,1986,76.6
67 NEWTON ROAD STRATHFIELD,STRATHFIELD,NSW,2135,35,1991,76.6
41 SOUTH STREET STRATHFIELD,STRATHFIELD,NSW,2135,40,1986,76.6
58 THE CRESCENT HOMEBUSH,HOMEBUSH,NSW,2140,35,1991,76.6
51 ROCHESTER STREET HOMEBUSH,HOMEBUSH,NSW,2140,40,1986,76.6
224 MALTON ROAD NORTH EPPING,NORTH EPPING,NSW,2121,40,1986,76.6
2A EASTCOTE ROAD NORTH EPPING,NORTH EPPING,NSW,2121,40,1986,76.6
4 THE PROMENADE CHELTENHAM,CHELTENHAM,NSW,2119,40,1986,76.6
149 VICTORIA ROAD WEST PENNANT HILLS,WEST PENNANT HILLS,NSW,2125,35,1991,76.6
74 FRANKLIN ROAD CHERRYBROOK,CHERRYBROOK,NSW,2126,35,1991,76.6
29 KENTHURST ROAD ST IVES,ST IVES,NSW,2075,35,1991,76.6
29 COLLINS ROAD ST IVES,ST IVES,NSW,2075,35,1991,76.6
38 RAILWAY PARADE WARRIMOO,WARRIMOO,NSW,2774,35,1991,76.6
41 ROLAND AVENUE WAHROONGA,WAHROONGA,NSW,2076,35,1991,76.6
84A LUCINDA AVENUE SOUTH WAHROONGA,SOUTH WAHROONGA,NSW,,35,1991,76.6
4 LOCKWOOD STREET ASQUITH,ASQUITH,NSW,2077,35,1991,76.6
7 MARION STREET STRATHFIELD,STRATHFIELD,NSW,2135,40,1986,76.5
24 AUGUSTA STREET STRATHFIELD,STRATHFIELD,NSW,2135,40,1986,76.5
44 CORONATION PARADE ENFIELD,ENFIELD,NSW,2136,40,1986,76.5
15 GELLING AVENUE STRATHFIELD,STRATHFIELD,NSW,2135,40,1986,76.5
207 HOMEBUSH ROAD STRATHFIELD,STRATHFIELD,NSW,2135,40,1986,76.5
27 HYDEBRAE STREET STRATHFIELD,STRATHFIELD,NSW,2135,35,1991,76.5
7 LONE PINE PLACE NORTH BALGOWLAH,NORTH BALGOWLAH,NSW,2093,35,1991,76.5
850 MILITARY ROAD MOSMAN,MOSMAN,NSW,2088,40,1986,76.5
2/16 DERBY STREET VAUCLUSE,VAUCLUSE,NSW,2030,35,1991,76.5
97-99 BEECROFT ROAD BEECROFT,BEECROFT,NSW,2119,28,1998,76.5
5 MACQUARIE DRIVE CHERRYBROOK,CHERRYBROOK,NSW,2126,35,1991,76.5
20 LUTANDA CLOSE PENNANT HILLS,PENNANT HILLS,NSW,2120,35,1991,76.5
5 CYPRESS STREET NORMANHURST,NORMANHURST,NSW,2076,35,1991,76.5
16 JORDANA PLACE CASTLE HILL,CASTLE HILL,NSW,2154,35,1991,76.5
9 BROWNS ROAD BLAXLAND,BLAXLAND,NSW,2774,35,1991,76.5
8 TAMARISK CRESCENT CHERRYBROOK,CHERRYBROOK,NSW,2126,35,1991,76.5
4 TAMARISK CRESCENT CHERRYBROOK,CHERRYBROOK,NSW,2126,35,1991,76.5
14 KAFFIR CLOSE CHERRYBROOK,CHERRYBROOK,NSW,2126,35,1991,76.5
622 PORT HACKING ROAD DOLANS BAY,DOLANS BAY,NSW,2229,28,1998,76.4
11A CHAPEL STREET RANDWICK,RANDWICK,NSW,2031,40,1986,76.4
38 BARKER ROAD STRATHFIELD,STRATHFIELD,NSW,2135,40,1986,76.4
1 FIRTH AVENUE STRATHFIELD,STRATHFIELD,NSW,2135,40,1986,76.4
73 REDMYRE ROAD STRATHFIELD,STRATHFIELD,NSW,2135,35,1991,76.4
5 BIRNAM GROVE STRATHFIELD,STRATHFIELD,NSW,2135,40,1986,76.4
48 PORTLAND STREET DOVER HEIGHTS,DOVER HEIGHTS,NSW,2030,28,1998,76.4
4 VICTORY STREET ROSE BAY,ROSE BAY,NSW,2029,40,1986,76.4
78 KAMBALA ROAD BELLEVUE HILL,BELLEVUE HILL,NSW,2023,28,1998,76.4
6 GLENCOE ROAD WOOLLAHRA,WOOLLAHRA,NSW,2025,28,1998,76.4
10 CROWBILL PLACE ERSKINE PARK,ERSKINE PARK,NSW,2759,35,1991,76.4
3 THOMPSON STREET MOSMAN,MOSMAN,NSW,2088,28,1998,76.4
16 ELFRIDA STREET MOSMAN,MOSMAN,NSW,2088,28,1998,76.4
113 SHADFORTH STREET MOSMAN,MOSMAN,NSW,2088,35,1991,76.4
26 DAMPIER AVENUE WERRINGTON COUNTY,WERRINGTON COUNTY,NSW,2747,35,1991,76.4
8 BROOKLANDS ROAD GLENBROOK,GLENBROOK,NSW,2773,28,1998,76.4
18 HANDLEY AVENUE THORNLEIGH,THORNLEIGH,NSW,2120,35,1991,76.4
68 BOUNDARY ROAD NORTH EPPING,NORTH EPPING,NSW,2121,40,1986,76.4
183 COPELAND ROAD BEECROFT,BEECROFT,NSW,2119,28,1998,76.4
24 FIONA ROAD BEECROFT,BEECROFT,NSW,2119,40,1986,76.4
315 MALTON ROAD NORTH EPPING,NORTH EPPING,NSW,2121,35,1991,76.4
15 ROWENA PLACE CHERRYBROOK,CHERRYBROOK,NSW,2126,28,1998,76.4
15B CHERRYBROOK ROAD WEST PENNANT HILLS,WEST PENNANT HILLS,NSW,2125,35,1991,76.4
30 LOFTUS ROAD PENNANT HILLS,PENNANT HILLS,NSW,2120,35,1991,76.4
21 STAR CRESCENT WEST PENNANT HILLS,WEST PENNANT HILLS,NSW,2125,35,1991,76.4
15 HILLCREST ROAD PENNANT HILLS,PENNANT HILLS,NSW,2120,28,1998,76.4
2 RORKE STREET BEECROFT,BEECROFT,NSW,2119,28,1998,76.4
1 PARRAWEENA AVENUE BAULKHAM HILLS,BAULKHAM HILLS,NSW,2153,28,1998,76.4
10A BROOKPINE PLACE WEST PENNANT HILLS,WEST PENNANT HILLS,NSW,2125,28,1998,76.4
19 CANNAN CLOSE CHERRYBROOK,CHERRYBROOK,NSW,2126,35,1991,76.4
32 FRANKLIN ROAD CHERRYBROOK,CHERRYBROOK,NSW,2126,35,1991,76.4
25 BOUNTY AVENUE CASTLE HILL,CASTLE HILL,NSW,2154,28,1998,76.4
8 MCNAMARA ROAD CROMER,CROMER,NSW,2099,28,1998,76.4
15 BADCOE ROAD CROMER,CROMER,NSW,2099,28,1998,76.4
12 DARLING STREET ST IVES,ST IVES,NSW,2075,28,1998,76.4
11 CARISSA AVENUE ST IVES,ST IVES,NSW,2075,28,1998,76.4
16 BRIDGE ROAD BLAXLAND,BLAXLAND,NSW,2774,35,1991,76.4
13 APPLEGUM CRESCENT NORTH KELLYVILLE,NORTH KELLYVILLE,NSW,2155,40,1986,76.4
4/1-3 PARK AVENUE WAITARA,WAITARA,NSW,2077,35,1991,76.4
21 DALY AVENUE NORTH WAHROONGA,NORTH WAHROONGA,NSW,2076,28,1998,76.4
25 KINGSLAND ROAD STRATHFIELD,STRATHFIELD,NSW,2135,40,1986,76.3
12 GILBERT STREET DOVER HEIGHTS,DOVER HEIGHTS,NSW,2030,35,1991,76.3
36 TALLOWWOOD AVENUE CHERRYBROOK,CHERRYBROOK,NSW,2126,35,1991,76.3
4 NEW FARM ROAD WEST PENNANT HILLS,WEST PENNANT HILLS,NSW,2125,35,1991,76.3
169 OLD NORTHERN ROAD CASTLE HILL,CASTLE HILL,NSW,2154,35,1991,76.3
6 GOLDEN GROVE CHERRYBROOK,CHERRYBROOK,NSW,2126,35,1991,76.3
153 CECIL AVENUE CASTLE HILL,CASTLE HILL,NSW,2154,35,1991,76.3
4 SKENE PLACE BELROSE,BELROSE,NSW,2085,35,1991,76.3
19 KANANGRA CRESCENT CHERRYBROOK,CHERRYBROOK,NSW,2126,35,1991,76.3
19 CURRONG CIRCUIT TERREY HILLS,TERREY HILLS,NSW,2084,35,1991,76.3
5 JUNCTION ROAD WAHROONGA,WAHROONGA,NSW,2076,35,1991,76.3
94 HAY STREET ASHBURY,ASHBURY,NSW,2193,35,1991,76.2
23 RAWSON STREET HABERFIELD,HABERFIELD,NSW,2045,28,1998,76.2
160 BEECROFT ROAD CHELTENHAM,CHELTENHAM,NSW,2119,28,1998,76.2
22 FRANCIS GREENWAY DRIVE CHERRYBROOK,CHERRYBROOK,NSW,2126,35,1991,76.2
81 NEW FARM ROAD WEST PENNANT HILLS,WEST PENNANT HILLS,NSW,2125,28,1998,76.2
2A SHIELDS LANE PENNANT HILLS,PENNANT HILLS,NSW,2120,35,1991,76.2
20 KOOKABURRA PLACE WEST PENNANT HILLS,WEST PENNANT HILLS,NSW,2125,35,1991,76.2
369-373 OLD NORTHERN ROAD CASTLE HILL,CASTLE HILL,NSW,2154,35,1991,76.2
18 MEMORIAL AVENUE ST IVES,ST IVES,NSW,2075,35,1991,76.2
8 JUBILEE STREET WAHROONGA,WAHROONGA,NSW,2076,35,1991,76.2
23 ELOUERA ROAD WESTLEIGH,WESTLEIGH,NSW,2120,35,1991,76.2
19 BROADOAK PLACE CASTLE HILL,CASTLE HILL,NSW,2154,35,1991,76.2
29 BURRAGA AVENUE TERREY HILLS,TERREY HILLS,NSW,2084,28,1998,76.2
8 HILLPINE PLACE TERREY HILLS,TERREY HILLS,NSW,2084,35,1991,76.2
69 WESTBROOK AVENUE WAHROONGA,WAHROONGA,NSW,2076,28,1998,76.2
69 FIRST STREET ASHBURY,ASHBURY,NSW,2193,35,1991,76.1
59 BARKER ROAD STRATHFIELD,STRATHFIELD,NSW,2135,40,1986,76.1
22 LLANDILO AVENUE STRATHFIELD,STRATHFIELD,NSW,2135,40,1986,76.1
49 CHAMBERLAIN AVENUE ROSE BAY,ROSE BAY,NSW,2029,35,1991,76.1
59 RESERVOIR ROAD BLACKTOWN,BLACKTOWN,NSW,2148,40,1986,76.1
12 GRUMMAN PLACE ST CLAIR,ST CLAIR,NSW,2759,40,1986,76.1
23 KIRKWOOD STREET SEAFORTH,SEAFORTH,NSW,2092,40,1986,76.1
58 CASTLE CIRCUIT SEAFORTH,SEAFORTH,NSW,2092,40,1986,76.1
1 EFFINGHAM STREET MOSMAN,MOSMAN,NSW,2088,35,1991,76.1
20 HARDY STREET NORTH BONDI,NORTH BONDI,NSW,2026,35,1991,76.1
39 PARK STREET GLENBROOK,GLENBROOK,NSW,2773,35,1991,76.1
21 LESLIE ROAD GLENBROOK,GLENBROOK,NSW,2773,35,1991,76.1
4 ROMA STREET NORTH EPPING,NORTH EPPING,NSW,2121,40,1986,76.1
27 WOODGROVE AVENUE CHERRYBROOK,CHERRYBROOK,NSW,2126,35,1991,76.1
52 YANDERRA GROVE CHERRYBROOK,CHERRYBROOK,NSW,2126,28,1998,76.1
3 PRIORY CLOSE CHERRYBROOK,CHERRYBROOK,NSW,2126,35,1991,76.1
17 HOLLY ROAD CHERRYBROOK,CHERRYBROOK,NSW,2126,28,1998,76.1
10 KIRRILY WAY CASTLE HILL,CASTLE HILL,NSW,2154,35,1991,76.1
24 MELIA COURT CASTLE HILL,CASTLE HILL,NSW,2154,35,1991,76.1
11 PATRICK O'POSSUM PLACE FAULCONBRIDGE,FAULCONBRIDGE,NSW,2776,35,1991,76.1
27 BEECHWOOD PARADE CHERRYBROOK,CHERRYBROOK,NSW,2126,35,1991,76.1
5 JOANNE CLOSE CHERRYBROOK,CHERRYBROOK,NSW,2126,35,1991,76.1
2 RIDGEWOOD PLACE DURAL,DURAL,NSW,2158,35,1991,76.1
19B AWATEA ROAD ST IVES CHASE,ST IVES CHASE,NSW,2075,35,1991,76.1
10 DRYDEN ROAD NORTH TURRAMURRA,NORTH TURRAMURRA,NSW,2074,35,1991,76.1
40 MULYAN STREET COMO,COMO,NSW,2226,28,1998,76.0
36 COTSWOLD ROAD STRATHFIELD,STRATHFIELD,NSW,2135,35,1991,76.0
1 DINMORE PLACE CASTLE HILL,CASTLE HILL,NSW,2154,35,1991,76.0
125 DUNEBA DRIVE WESTLEIGH,WESTLEIGH,NSW,2120,35,1991,76.0
16 CAROB PLACE CHERRYBROOK,CHERRYBROOK,NSW,2126,35,1991,76.0
28-30 DONCASTER AVENUE KENSINGTON,KENSINGTON,NSW,2033,28,1998,75.9
53 BAY STREET MOSMAN,MOSMAN,NSW,2088,35,1991,75.9
7 PATU PLACE CHERRYBROOK,CHERRYBROOK,NSW,2126,35,1991,75.9
12 CASUARINA DRIVE CHERRYBROOK,CHERRYBROOK,NSW,2126,35,1991,75.9
17 FULBOURNE AVENUE PENNANT HILLS,PENNANT HILLS,NSW,2120,35,1991,75.9
19 LOCH MAREE AVENUE THORNLEIGH,THORNLEIGH,NSW,2120,35,1991,75.9
176A OLD NORTHERN ROAD CASTLE HILL,CASTLE HILL,NSW,2154,35,1991,75.9
33 REIBY DRIVE BAULKHAM HILLS,BAULKHAM HILLS,NSW,2153,35,1991,75.9
183 OLD NORTHERN ROAD CASTLE HILL,CASTLE HILL,NSW,2154,35,1991,75.9
81 GUMNUT ROAD CHERRYBROOK,CHERRYBROOK,NSW,2126,35,1991,75.9
50 AYRES ROAD ST IVES,ST IVES,NSW,2075,35,1991,75.9
120-126 CHAPMAN PARADE FAULCONBRIDGE,FAULCONBRIDGE,NSW,2776,35,1991,75.9
8 TAYLOR AVENUE TURRAMURRA,TURRAMURRA,NSW,2074,35,1991,75.9
88 SHEPHERDS DRIVE CHERRYBROOK,CHERRYBROOK,NSW,2126,35,1991,75.9
18 KEIGHRAN PLACE CHERRYBROOK,CHERRYBROOK,NSW,2126,35,1991,75.9
38 CABER CLOSE DURAL,DURAL,NSW,2158,35,1991,75.9
6 KINGSCOTT PLACE CASTLE HILL,CASTLE HILL,NSW,2154,35,1991,75.9
21 JUBILEE STREET WAHROONGA,WAHROONGA,NSW,2076,35,1991,75.9
73 SHERBROOK ROAD HORNSBY,HORNSBY,NSW,2077,28,1998,75.9
16A BURNS ROAD WAHROONGA,WAHROONGA,NSW,2076,35,1991,75.9
4B BURNS ROAD WAHROONGA,WAHROONGA,NSW,2076,35,1991,75.9
9-11 BENSON CLOSE WAHROONGA,WAHROONGA,NSW,2076,35,1991,75.9
3 HOPPING ROAD INGLEBURN,INGLEBURN,NSW,2565,28,1998,75.8
116 BARKER ROAD STRATHFIELD,STRATHFIELD,NSW,2135,40,1986,75.8
43 HOWARD STREET STRATHFIELD,STRATHFIELD,NSW,2135,40,1986,75.8
11 CHALMERS ROAD STRATHFIELD,STRATHFIELD,NSW,2135,40,1986,75.8
40 TOWNS ROAD VAUCLUSE,VAUCLUSE,NSW,2030,35,1991,75.8
53A SHADFORTH STREET MOSMAN,MOSMAN,NSW,2088,35,1991,75.8
39 BOWER STREET MANLY,MANLY,NSW,2095,35,1991,75.8
29 BOUNDARY ROAD NORTH EPPING,NORTH EPPING,NSW,2121,35,1991,75.8
11 LYNWOOD CLOSE PENNANT HILLS,PENNANT HILLS,NSW,2120,35,1991,75.8
13 MEREDITH PLACE FRENCHS FOREST,FRENCHS FOREST,NSW,2086,35,1991,75.8
80 ALVONA AVENUE ST IVES,ST IVES,NSW,2075,35,1991,75.8
10 SCOTT PLACE ST IVES,ST IVES,NSW,2075,28,1998,75.8
5 DAINTREE PLACE KELLYVILLE,KELLYVILLE,NSW,2155,35,1991,75.8
1A DAVID ROAD CASTLE HILL,CASTLE HILL,NSW,2154,35,1991,75.8
7A HILLPINE PLACE TERREY HILLS,TERREY HILLS,NSW,2084,35,1991,75.8
72 HAMPDEN AVENUE WAHROONGA,WAHROONGA,NSW,2076,35,1991,75.8
2 BRENTWOOD AVENUE HOBARTVILLE,HOBARTVILLE,NSW,2753,35,1991,75.8
7 COOLANGATTA AVENUE ELANORA HEIGHTS,ELANORA HEIGHTS,NSW,2101,35,1991,75.8
33 CRESCENT ROAD NEWPORT,NEWPORT,NSW,2106,35,1991,75.8
75 CHERYL CRESCENT NEWPORT,NEWPORT,NSW,2106,35,1991,75.8
76 BARKER ROAD STRATHFIELD,STRATHFIELD,NSW,2135,35,1991,75.7
74 ALBYN ROAD STRATHFIELD,STRATHFIELD,NSW,2135,40,1986,75.7
38 PEMBERTON STREET STRATHFIELD,STRATHFIELD,NSW,2135,40,1986,75.7
31 MURRIVERIE ROAD NORTH BONDI,NORTH BONDI,NSW,2026,35,1991,75.7
41 GEORGE STREET PENNANT HILLS,PENNANT HILLS,NSW,2120,35,1991,75.7
1 DEAKIN STREET FORESTVILLE,FORESTVILLE,NSW,2087,40,1986,75.7
7 DAKARA CLOSE PYMBLE,PYMBLE,NSW,2073,35,1991,75.7
61 PYMBLE AVENUE PYMBLE,PYMBLE,NSW,2073,35,1991,75.7
84 NEWTON ROAD STRATHFIELD,STRATHFIELD,NSW,2135,35,1991,75.6
138 BARKER ROAD STRATHFIELD,STRATHFIELD,NSW,2135,40,1986,75.6
223 MALTON ROAD NORTH EPPING,NORTH EPPING,NSW,2121,40,1986,75.6
22 BUTTERFIELD STREET THORNLEIGH,THORNLEIGH,NSW,2120,35,1991,75.6
11 LORRINA CLOSE WEST PENNANT HILLS,WEST PENNANT HILLS,NSW,2125,35,1991,75.6
20 OAK STREET NORMANHURST,NORMANHURST,NSW,2076,35,1991,75.6
11 BRUNETTE DRIVE CASTLE HILL,CASTLE HILL,NSW,2154,35,1991,75.6
13 FRANCIS STREET CASTLE HILL,CASTLE HILL,NSW,2154,35,1991,75.6
5 GARY STREET CASTLE HILL,CASTLE HILL,NSW,2154,35,1991,75.6
1 HOLLY ROAD CHERRYBROOK,CHERRYBROOK,NSW,2126,35,1991,75.6
57 BRISBANE ROAD CASTLE HILL,CASTLE HILL,NSW,2154,28,1998,75.6
8 MAXWELL PARADE FRENCHS FOREST,FRENCHS FOREST,NSW,2086,40,1986,75.6
48 AYRES ROAD ST IVES,ST IVES,NSW,2075,35,1991,75.6
8 CAPE PLACE CHERRYBROOK,CHERRYBROOK,NSW,2126,35,1991,75.6
21 HOLLIDAY AVENUE BEROWRA HEIGHTS,BEROWRA HEIGHTS,NSW,2082,35,1991,75.6
66 NEWTON ROAD STRATHFIELD,STRATHFIELD,NSW,2135,40,1986,75.5
9 CECIL ROAD ROSE BAY,ROSE BAY,NSW,2029,40,1986,75.5
38 CLONTARF STREET SEAFORTH,SEAFORTH,NSW,2092,35,1991,75.5
78 GREENBANK DRIVE BLACKTOWN,BLACKTOWN,NSW,2148,40,1986,75.5
21 MYRTLE STREET NORMANHURST,NORMANHURST,NSW,2076,35,1991,75.5
57 CASTLE HILL ROAD WEST PENNANT HILLS,WEST PENNANT HILLS,NSW,2125,35,1991,75.5
36 BRISBANE ROAD CASTLE HILL,CASTLE HILL,NSW,2154,35,1991,75.5
39 BRISBANE ROAD CASTLE HILL,CASTLE HILL,NSW,2154,28,1998,75.5
7 MACQUARIE STREET CROMER,CROMER,NSW,2099,28,1998,75.5
10 ROMEO PLACE DURAL,DURAL,NSW,2158,35,1991,75.5
9 BURNS ROAD WAHROONGA,WAHROONGA,NSW,2076,28,1998,75.5
64 BARKER ROAD STRATHFIELD,STRATHFIELD,NSW,2135,40,1986,75.4
41 BERESFORD ROAD ROSE BAY,ROSE BAY,NSW,2029,40,1986,75.4
7 HIBISCUS PLACE CHERRYBROOK,CHERRYBROOK,NSW,2126,35,1991,75.4
53 JOHN ROAD CHERRYBROOK,CHERRYBROOK,NSW,2126,35,1991,75.4
7 SUFFOLK CLOSE ST IVES,ST IVES,NSW,2075,35,1991,75.4
4 CAPE PLACE CHERRYBROOK,CHERRYBROOK,NSW,2126,35,1991,75.4
36 GRANDVIEW CRESCENT LUGARNO,LUGARNO,NSW,2210,35,1991,75.3
47 PERCY STREET BANKSTOWN,BANKSTOWN,NSW,2200,28,1998,75.3
1/27-31 ST PETERS STREET ST PETERS,ST PETERS,NSW,2044,28,1998,75.3
11 ROSEWOOD PLACE CHERRYBROOK,CHERRYBROOK,NSW,2126,35,1991,75.3
15 SHIELDS LANE PENNANT HILLS,PENNANT HILLS,NSW,2120,28,1998,75.3
5 PALISANDER PLACE CASTLE HILL,CASTLE HILL,NSW,2154,35,1991,75.3
23 WINTERGREEN PLACE WEST PENNANT HILLS,WEST PENNANT HILLS,NSW,2125,35,1991,75.3
3 MILDARA PLACE WEST PENNANT HILLS,WEST PENNANT HILLS,NSW,2125,35,1991,75.3
77 TELFER WAY CASTLE HILL,CASTLE HILL,NSW,2154,35,1991,75.3
8 ROSLYN PLACE CHERRYBROOK,CHERRYBROOK,NSW,2126,35,1991,75.3
6 HEATHERBRAE PLACE CASTLE HILL,CASTLE HILL,NSW,2154,35,1991,75.3
55 COUGHLAN ROAD BLAXLAND,BLAXLAND,NSW,2774,35,1991,75.3
4 WOODRUSH COURT DURAL,DURAL,NSW,2158,35,1991,75.3
32 KEIGHRAN PLACE CHERRYBROOK,CHERRYBROOK,NSW,2126,35,1991,75.3
20 BEECHWOOD PARADE CHERRYBROOK,CHERRYBROOK,NSW,2126,28,1998,75.3
50 CORONATION PARADE ENFIELD,ENFIELD,NSW,2136,40,1986,75.2
1 BROUGHTON ROAD STRATHFIELD,STRATHFIELD,NSW,2135,35,1991,75.2
45 MACQUARIE DRIVE CHERRYBROOK,CHERRYBROOK,NSW,2126,35,1991,75.2
7 WOODCREST PLACE CHERRYBROOK,CHERRYBROOK,NSW,2126,28,1998,75.2
333C PENNANT HILLS ROAD PENNANT HILLS,PENNANT HILLS,NSW,2120,35,1991,75.2
167 HULL ROAD WEST PENNANT HILLS,WEST PENNANT HILLS,NSW,2125,35,1991,75.2
4 STAR CRESCENT WEST PENNANT HILLS,WEST PENNANT HILLS,NSW,2125,35,1991,75.2
17 BOUNDARY ROAD PENNANT HILLS,PENNANT HILLS,NSW,2120,35,1991,75.2
100 CARDINAL AVENUE WEST PENNANT HILLS,WEST PENNANT HILLS,NSW,2125,28,1998,75.2
6 NOLA PLACE BAULKHAM HILLS,BAULKHAM HILLS,NSW,2153,35,1991,75.2
20 WILLOWLEAF PLACE WEST PENNANT HILLS,WEST PENNANT HILLS,NSW,2125,35,1991,75.2
87 HIGHS ROAD WEST PENNANT HILLS,WEST PENNANT HILLS,NSW,2125,35,1991,75.2
23 CRANE STREET SPRINGWOOD,SPRINGWOOD,NSW,2777,35,1991,75.2
27 ROLAND AVENUE WAHROONGA,WAHROONGA,NSW,2076,35,1991,75.2
9 EUCALYPTUS DRIVE WESTLEIGH,WESTLEIGH,NSW,2120,35,1991,75.2
5 COLLINGS STREET WAHROONGA,WAHROONGA,NSW,2076,35,1991,75.2
76 HAMPDEN AVENUE WAHROONGA,WAHROONGA,NSW,2076,35,1991,75.2
37 ALAN AVENUE SEAFORTH,SEAFORTH,NSW,2092,40,1986,75.1
17 JOHN DYKES AVENUE VAUCLUSE,VAUCLUSE,NSW,2030,35,1991,75.1
12 ELLERSLIE DRIVE WEST PENNANT HILLS,WEST PENNANT HILLS,NSW,2125,28,1998,75.1
177B CASTLE HILL ROAD CASTLE HILL,CASTLE HILL,NSW,2154,35,1991,75.1
39 WILLIS AVENUE ST IVES,ST IVES,NSW,2075,28,1998,75.1
3 BRUSHBOX PLACE CHERRYBROOK,CHERRYBROOK,NSW,2126,35,1991,75.1
14 PARKWOOD CLOSE CASTLE HILL,CASTLE HILL,NSW,2154,35,1991,75.1
42 LAITOKI ROAD TERREY HILLS,TERREY HILLS,NSW,2084,35,1991,75.1
5 VALLEY PARK CRESCENT NORTH TURRAMURRA,NORTH TURRAMURRA,NSW,2074,28,1998,75.1
66 BROWN ROAD BONNYRIGG,BONNYRIGG,NSW,2177,35,1991,75.0
55 SOUTH STREET STRATHFIELD,STRATHFIELD,NSW,2135,35,1991,75.0
15 CANSDALE STREET BLACKTOWN,BLACKTOWN,NSW,2148,35,1991,75.0
12 ROMA STREET NORTH EPPING,NORTH EPPING,NSW,2121,28,1998,75.0
84 CASUARINA DRIVE CHERRYBROOK,CHERRYBROOK,NSW,2126,35,1991,75.0
12 RAMSAY ROAD PENNANT HILLS,PENNANT HILLS,NSW,2120,35,1991,75.0
33 VAUGHAN AVENUE PENNANT HILLS,PENNANT HILLS,NSW,2120,35,1991,75.0
7 LORRINA CLOSE WEST PENNANT HILLS,WEST PENNANT HILLS,NSW,2125,35,1991,75.0
84 BELLAMY STREET PENNANT HILLS,PENNANT HILLS,NSW,2120,35,1991,75.0
49 BRUNETTE DRIVE CASTLE HILL,CASTLE HILL,NSW,2154,35,1991,75.0
1 MATTHEW CLOSE ST IVES,ST IVES,NSW,2075,35,1991,75.0
25 ALMA STREET PYMBLE,PYMBLE,NSW,2073,35,1991,75.0
11 WILDFLOWER PLACE DURAL,DURAL,NSW,2158,35,1991,75.0
36 HAMPDEN AVENUE WAHROONGA,WAHROONGA,NSW,2076,35,1991,75.0
2 AZALEA GARDENS WAHROONGA,WAHROONGA,NSW,2076,35,1991,75.0
2 ALLUNGA CLOSE MONA VALE,MONA VALE,NSW,2103,35,1991,75.0
94 RAILWAY PARADE MORTDALE,MORTDALE,NSW,2223,35,1991,74.9
100 GLENGARRY DRIVE GLENMORE PARK,GLENMORE PARK,NSW,2745,35,1991,74.9
12 BURTON STREET MOSMAN,MOSMAN,NSW,2088,35,1991,74.9
12 KNOX STREET GLENMORE PARK,GLENMORE PARK,NSW,2745,35,1991,74.9
1 LAMBE PLACE CHERRYBROOK,CHERRYBROOK,NSW,2126,35,1991,74.9
7 GUMNUT ROAD CHERRYBROOK,CHERRYBROOK,NSW,2126,28,1998,74.9
12 MAYBUSH PLACE CHERRYBROOK,CHERRYBROOK,NSW,2126,35,1991,74.9
12X PECAN CLOSE CHERRYBROOK,CHERRYBROOK,NSW,2126,35,1991,74.9
1 GUMLEAF PLACE WEST PENNANT HILLS,WEST PENNANT HILLS,NSW,2125,35,1991,74.9
42 CAMBEWARRA AVENUE CASTLE HILL,CASTLE HILL,NSW,2154,35,1991,74.9
4 DAVENEY WAY WEST PENNANT HILLS,WEST PENNANT HILLS,NSW,2125,35,1991,74.9
48 CHASELING AVENUE SPRINGWOOD,SPRINGWOOD,NSW,2777,35,1991,74.9
109 BRAMPTON DRIVE BEAUMONT HILLS,BEAUMONT HILLS,NSW,2155,35,1991,74.9
66A CLARKE ROAD HORNSBY,HORNSBY,NSW,2077,35,1991,74.9
20 MEREDITH AVENUE HORNSBY HEIGHTS,HORNSBY HEIGHTS,NSW,2077,35,1991,74.9
1 HIGHLANDS AVENUE WAHROONGA,WAHROONGA,NSW,2076,35,1991,74.9
17 STRATHFIELD AVENUE STRATHFIELD,STRATHFIELD,NSW,2135,40,1986,74.8
62 NEWTON ROAD STRATHFIELD,STRATHFIELD,NSW,2135,40,1986,74.8
66 BARKER ROAD STRATHFIELD,STRATHFIELD,NSW,2135,35,1991,74.8
3 FRANCIS STREET STRATHFIELD,STRATHFIELD,NSW,2135,35,1991,74.8
19 PARRIWI ROAD MOSMAN,MOSMAN,NSW,2088,35,1991,74.8
39 LOFTUS ROAD PENNANT HILLS,PENNANT HILLS,NSW,2120,35,1991,74.8
2 TILLOCK STREET THORNLEIGH,THORNLEIGH,NSW,2120,35,1991,74.8
3-5 SHOWGROUND ROAD CASTLE HILL,CASTLE HILL,NSW,2154,35,1991,74.8
80 GROVER AVENUE CROMER,CROMER,NSW,2099,35,1991,74.8
14 BEE FARM ROAD SPRINGWOOD,SPRINGWOOD,NSW,2777,35,1991,74.8
54-56 UNCLE WATTLEBERRY CRESCENT FAULCONBRIDGE,FAULCONBRIDGE,NSW,2776,35,1991,74.8
39 WAITARA AVENUE WAITARA,WAITARA,NSW,2077,35,1991,74.8
89 WILLARONG ROAD CARINGBAH,CARINGBAH,NSW,2229,28,1998,74.7
9 FLETCHER STREET REVESBY,REVESBY,NSW,2212,35,1991,74.7
18 VILLIERS STREET KENSINGTON,KENSINGTON,NSW,2033,35,1991,74.7
26 MARION STREET STRATHFIELD,STRATHFIELD,NSW,2135,40,1986,74.7
19 FRANCIS STREET STRATHFIELD,STRATHFIELD,NSW,2135,35,1991,74.7
27 CLYDE STREET CROYDON PARK,CROYDON PARK,NSW,2133,35,1991,74.7
19 ANCHORAGE STREET ST CLAIR,ST CLAIR,NSW,2759,35,1991,74.7
2 WOLSELEY ROAD MOSMAN,MOSMAN,NSW,2088,35,1991,74.7
21 PELSART AVENUE PENRITH,PENRITH,NSW,2750,35,1991,74.7
4 FLAME TREE PLACE CHERRYBROOK,CHERRYBROOK,NSW,2126,35,1991,74.7
4 WORTHING PLACE CHERRYBROOK,CHERRYBROOK,NSW,2126,35,1991,74.7
55 NEW LINE ROAD WEST PENNANT HILLS,WEST PENNANT HILLS,NSW,2125,35,1991,74.7
10 THOMPSON CLOSE WEST PENNANT HILLS,WEST PENNANT HILLS,NSW,2125,35,1991,74.7
5 JADCHALM STREET WEST PENNANT HILLS,WEST PENNANT HILLS,NSW,2125,35,1991,74.7
3 BRUSHFORD AVENUE CASTLE HILL,CASTLE HILL,NSW,2154,35,1991,74.7
623 WARRINGAH ROAD FORESTVILLE,FORESTVILLE,NSW,2087,35,1991,74.7
9 TEAK PLACE CHERRYBROOK,CHERRYBROOK,NSW,2126,28,1998,74.7
5 KEITH COURT CHERRYBROOK,CHERRYBROOK,NSW,2126,35,1991,74.7
15 JAMBEROO AVENUE TERREY HILLS,TERREY HILLS,NSW,2084,35,1991,74.7
41 WARRABA STREET COMO,COMO,NSW,2226,28,1998,74.6
61A BEACONSFIELD STREET REVESBY,REVESBY,NSW,2212,40,1986,74.6
80 BEACH STREET COOGEE,COOGEE,NSW,2034,40,1986,74.6
17 MOUNT STREET STRATHFIELD,STRATHFIELD,NSW,2135,40,1986,74.6
260 LIVERPOOL ROAD ASHFIELD,ASHFIELD,NSW,2131,28,1998,74.6
3 FERNLEIGH GARDENS ROSE BAY,ROSE BAY,NSW,2029,28,1998,74.6
321 EDGECLIFF ROAD WOOLLAHRA,WOOLLAHRA,NSW,2025,28,1998,74.6
15 BURRABIRRA AVENUE VAUCLUSE,VAUCLUSE,NSW,2030,28,1998,74.6
7 BRADLEYS HEAD ROAD MOSMAN,MOSMAN,NSW,2088,28,1998,74.6
20 JOHN STREET BLACKTOWN,BLACKTOWN,NSW,2148,40,1986,74.6
75 RIVER ROAD EMU PLAINS,EMU PLAINS,NSW,2750,28,1998,74.6
10 DOWNES STREET NORTH EPPING,NORTH EPPING,NSW,2121,28,1998,74.6
21 FOREST GLEN CHERRYBROOK,CHERRYBROOK,NSW,2126,28,1998,74.6
38 YANDERRA GROVE CHERRYBROOK,CHERRYBROOK,NSW,2126,35,1991,74.6
1 MAPLE AVENUE PENNANT HILLS,PENNANT HILLS,NSW,2120,35,1991,74.6
11 POMONA STREET PENNANT HILLS,PENNANT HILLS,NSW,2120,35,1991,74.6
13 ATTUNGA AVENUE WEST PENNANT HILLS,WEST PENNANT HILLS,NSW,2125,35,1991,74.6
104 BEECROFT ROAD BEECROFT,BEECROFT,NSW,2119,40,1986,74.6
24 ALANA DRIVE WEST PENNANT HILLS,WEST PENNANT HILLS,NSW,2125,35,1991,74.6
1 CANDOWIE CRESCENT BAULKHAM HILLS,BAULKHAM HILLS,NSW,2153,28,1998,74.6
37 MCCUSKER CRESCENT CHERRYBROOK,CHERRYBROOK,NSW,2126,35,1991,74.6
4 ABBEY PLACE CHERRYBROOK,CHERRYBROOK,NSW,2126,35,1991,74.6
7 PENROSE PLACE FRENCHS FOREST,FRENCHS FOREST,NSW,2086,28,1998,74.6
21A PINDURO PLACE CROMER,CROMER,NSW,2099,40,1986,74.6
10 BASS PLACE ST IVES,ST IVES,NSW,2075,28,1998,74.6
447-449 CRANEBROOK ROAD CRANEBROOK,CRANEBROOK,NSW,2749,35,1991,74.6
14 KATE STREET TURRAMURRA,TURRAMURRA,NSW,2074,35,1991,74.6
94 SHEPHERDS DRIVE CHERRYBROOK,CHERRYBROOK,NSW,2126,35,1991,74.6
33 THOMAS WILKINSON AVENUE DURAL,DURAL,NSW,2158,28,1998,74.6
5 WANARI ROAD TERREY HILLS,TERREY HILLS,NSW,2084,35,1991,74.6
53 BURNS ROAD WAHROONGA,WAHROONGA,NSW,2076,28,1998,74.6
111 THE BOULEVARDE STRATHFIELD,STRATHFIELD,NSW,2135,40,1986,74.5
6 MIRRABOOKA AVENUE STRATHFIELD,STRATHFIELD,NSW,2135,40,1986,74.5
8 THE GLEN BEECROFT,BEECROFT,NSW,2119,35,1991,74.5
17 ALLSOPP AVENUE BAULKHAM HILLS,BAULKHAM HILLS,NSW,2153,35,1991,74.5
20 COUNTY DRIVE CHERRYBROOK,CHERRYBROOK,NSW,2126,35,1991,74.5
9 TAMARA PLACE BEAUMONT HILLS,BEAUMONT HILLS,NSW,2155,35,1991,74.5
15 WILDFLOWER PLACE DURAL,DURAL,NSW,2158,35,1991,74.5
11 HOLT ROAD TAREN POINT,TAREN POINT,NSW,2229,28,1998,74.4
72 FRANCIS GREENWAY DRIVE CHERRYBROOK,CHERRYBROOK,NSW,2126,28,1998,74.4
42 TALLOWWOOD AVENUE CHERRYBROOK,CHERRYBROOK,NSW,2126,35,1991,74.4
10 CALLISTEMON CLOSE NORTH EPPING,NORTH EPPING,NSW,2121,28,1998,74.4
45 LYNBARA AVENUE ST IVES,ST IVES,NSW,2075,35,1991,74.4
9 DUNLEY PLACE CASTLE HILL,CASTLE HILL,NSW,2154,35,1991,74.4
16 CABER CLOSE DURAL,DURAL,NSW,2158,28,1998,74.4
20A STONECROP ROAD NORTH TURRAMURRA,NORTH TURRAMURRA,NSW,2074,35,1991,74.4
31 MATSON CRESCENT MIRANDA,MIRANDA,NSW,2228,28,1998,74.3
22 PATON STREET KINGSFORD,KINGSFORD,NSW,2032,35,1991,74.3
6 GROSVENOR STREET KENSINGTON,KENSINGTON,NSW,2033,28,1998,74.3
7 MYRNA ROAD STRATHFIELD,STRATHFIELD,NSW,2135,35,1991,74.3
27B PEMBERTON STREET STRATHFIELD,STRATHFIELD,NSW,2135,35,1991,74.3
11-13 LLANDILO AVENUE STRATHFIELD,STRATHFIELD,NSW,2135,35,1991,74.3
26 AUGUSTA STREET STRATHFIELD,STRATHFIELD,NSW,2135,35,1991,74.3
28 HYDEBRAE STREET STRATHFIELD,STRATHFIELD,NSW,2135,35,1991,74.3
79 MANNING ROAD WOOLLAHRA,WOOLLAHRA,NSW,2025,28,1998,74.3
18 DAVID STREET MOSMAN,MOSMAN,NSW,2088,28,1998,74.3
23-29 PARK STREET GLENBROOK,GLENBROOK,NSW,2773,35,1991,74.3
271A MALTON ROAD NORTH EPPING,NORTH EPPING,NSW,2121,28,1998,74.3
16 LEITH ROAD PENNANT HILLS,PENNANT HILLS,NSW,2120,35,1991,74.3
86 THE CRESCENT CHELTENHAM,CHELTENHAM,NSW,2119,35,1991,74.3
1 CHURCHWOOD WAY CASTLE HILL,CASTLE HILL,NSW,2154,28,1998,74.3
19 MANUKA CIRCLE CHERRYBROOK,CHERRYBROOK,NSW,2126,35,1991,74.3
10 BELLWOOD PLACE CASTLE HILL,CASTLE HILL,NSW,2154,35,1991,74.3
3 ELABANA CRESCENT CASTLE HILL,CASTLE HILL,NSW,2154,35,1991,74.3
30 OLOLA AVENUE CASTLE HILL,CASTLE HILL,NSW,2154,28,1998,74.3
3 ALTONA AVENUE FORESTVILLE,FORESTVILLE,NSW,2087,40,1986,74.3
24 STATHAM AVENUE FAULCONBRIDGE,FAULCONBRIDGE,NSW,2776,28,1998,74.3
MOORE CRESCENT FAULCONBRIDGE,FAULCONBRIDGE,NSW,2776,35,1991,74.3
1 YORK ROAD KELLYVILLE,KELLYVILLE,NSW,2155,35,1991,74.3
9 NICHOLI PLACE CHERRYBROOK,CHERRYBROOK,NSW,2126,35,1991,74.3
75 HANCOCK DRIVE CHERRYBROOK,CHERRYBROOK,NSW,2126,28,1998,74.3
14 LOCKYER CLOSE DURAL,DURAL,NSW,2158,35,1991,74.3
49 BUNDARRA AVENUE WAHROONGA,WAHROONGA,NSW,2076,35,1991,74.3
28A PALMERSTON ROAD WAITARA,WAITARA,NSW,2077,35,1991,74.3
4 CARISSA PLACE COWAN,COWAN,NSW,2081,35,1991,74.3
89 REDMYRE ROAD STRATHFIELD,STRATHFIELD,NSW,2135,28,1998,74.2
290 OLD SOUTH HEAD ROAD WATSONS BAY,WATSONS BAY,NSW,2030,28,1998,74.2
4 MARY IRENE PLACE CASTLE HILL,CASTLE HILL,NSW,2154,40,1986,74.2
53 HIGHS ROAD WEST PENNANT HILLS,WEST PENNANT HILLS,NSW,2125,35,1991,74.2
14 LOCKINVAR PLACE HORNSBY,HORNSBY,NSW,2077,28,1998,74.2
4 CAMBOURNE AVENUE ST IVES,ST IVES,NSW,2075,28,1998,74.2
3 CALDER PLACE ST IVES,ST IVES,NSW,2075,28,1998,74.2
9 HICKORY PLACE DURAL,DURAL,NSW,2158,35,1991,74.2
120 HOLT ROAD TAREN POINT,TAREN POINT,NSW,2229,28,1998,74.1
17 BODEN AVENUE STRATHFIELD,STRATHFIELD,NSW,2135,35,1991,74.1
33 AUGUSTA STREET STRATHFIELD,STRATHFIELD,NSW,2135,35,1991,74.1
69 ARTHUR STREET STRATHFIELD,STRATHFIELD,NSW,2135,35,1991,74.1
33 SHORTLAND AVENUE STRATHFIELD,STRATHFIELD,NSW,2135,40,1986,74.1
7-9 IAN STREET ROSE BAY,ROSE BAY,NSW,2029,35,1991,74.1
49A EDWARD STREET BONDI BEACH,BONDI BEACH,NSW,2026,40,1986,74.1
129 UPPER CLONTARF STREET SEAFORTH,SEAFORTH,NSW,2092,40,1986,74.1
9 GIBRAN PLACE ST IVES,ST IVES,NSW,2075,35,1991,74.1
6 CAMELOT DRIVE CRANEBROOK,CRANEBROOK,NSW,2749,35,1991,74.1
62 KULGOA ROAD PYMBLE,PYMBLE,NSW,2073,35,1991,74.1
GOVERNORS DRIVE GLENBROOK,GLENBROOK,NSW,2773,35,1991,74.1
11 HANCOCK DRIVE CHERRYBROOK,CHERRYBROOK,NSW,2126,28,1998,74.1
17 WALNUT GROVE CHERRYBROOK,CHERRYBROOK,NSW,2126,35,1991,74.1
18 ALEXANDRA CRESCENT BAYVIEW,BAYVIEW,NSW,2104,35,1991,74.1
15 HIGHGATE STREET STRATHFIELD,STRATHFIELD,NSW,2135,40,1986,74.0
7 COURTENAY ROAD ROSE BAY,ROSE BAY,NSW,2029,28,1998,74.0
20-24 NAPIER STREET DOVER HEIGHTS,DOVER HEIGHTS,NSW,2030,35,1991,74.0
58 MORUBEN ROAD MOSMAN,MOSMAN,NSW,2088,35,1991,74.0
45 BELMONT ROAD MOSMAN,MOSMAN,NSW,2088,35,1991,74.0
320 MALTON ROAD NORTH EPPING,NORTH EPPING,NSW,2121,28,1998,74.0
28 NEW FARM ROAD WEST PENNANT HILLS,WEST PENNANT HILLS,NSW,2125,35,1991,74.0
15 EDDY STREET THORNLEIGH,THORNLEIGH,NSW,2120,35,1991,74.0
180 FRANCIS GREENWAY DRIVE CHERRYBROOK,CHERRYBROOK,NSW,2126,28,1998,74.0
26 CASTLE HILL ROAD WEST PENNANT HILLS,WEST PENNANT HILLS,NSW,2125,28,1998,74.0
160 FRANCIS GREENWAY DRIVE CHERRYBROOK,CHERRYBROOK,NSW,2126,28,1998,74.0
74 DELANEY DRIVE BAULKHAM HILLS,BAULKHAM HILLS,NSW,2153,35,1991,74.0
15 BONNEFIN PLACE CASTLE HILL,CASTLE HILL,NSW,2154,35,1991,74.0
45 PRITCHARD STREET THORNLEIGH,THORNLEIGH,NSW,2120,28,1998,74.0
10 MIAMI PLACE CRANEBROOK,CRANEBROOK,NSW,2749,35,1991,74.0
71 SOLING CRESCENT CRANEBROOK,CRANEBROOK,NSW,2749,28,1998,74.0
5 JENNER ROAD DURAL,DURAL,NSW,2158,28,1998,74.0
83 CRESCENT ROAD NEWPORT,NEWPORT,NSW,2106,35,1991,74.0
14 ROSEMONT AVENUE WOOLLAHRA,WOOLLAHRA,NSW,2025,28,1998,73.9
24 VAUGHAN AVENUE PENNANT HILLS,PENNANT HILLS,NSW,2120,35,1991,73.9
16 RODNEY AVENUE BEECROFT,BEECROFT,NSW,2119,35,1991,73.9
245 OLD NORTHERN ROAD CASTLE HILL,CASTLE HILL,NSW,2154,35,1991,73.9
EVERTON ROAD BELROSE,BELROSE,NSW,2085,35,1991,73.9
42A PENTECOST AVENUE ST IVES,ST IVES,NSW,2075,28,1998,73.9
40 FAIRWAYS CRESCENT SPRINGWOOD,SPRINGWOOD,NSW,2777,35,1991,73.9
24 LAWLEY CRESCENT PYMBLE,PYMBLE,NSW,2073,28,1998,73.9
65 ADA AVENUE SOUTH WAHROONGA,SOUTH WAHROONGA,NSW,,35,1991,73.9
68 HAMPDEN AVENUE WAHROONGA,WAHROONGA,NSW,2076,35,1991,73.9
17-19 MARSHALL ROAD KIRRAWEE,KIRRAWEE,NSW,2232,28,1998,73.8
5 BRIDGEVIEW CRESCENT THORNLEIGH,THORNLEIGH,NSW,2120,35,1991,73.8
30 TALLOWWOOD AVENUE CHERRYBROOK,CHERRYBROOK,NSW,2126,35,1991,73.8
39 BOWERMAN PLACE CHERRYBROOK,CHERRYBROOK,NSW,2126,35,1991,73.8
7 EMILY PLACE CHERRYBROOK,CHERRYBROOK,NSW,2126,35,1991,73.8
39 BOYD AVENUE WEST PENNANT HILLS,WEST PENNANT HILLS,NSW,2125,35,1991,73.8
141 CECIL AVENUE CASTLE HILL,CASTLE HILL,NSW,2154,35,1991,73.8
14 SILVERFERN CRESCENT WEST PENNANT HILLS,WEST PENNANT HILLS,NSW,2125,28,1998,73.8
43 DOULTON DRIVE CHERRYBROOK,CHERRYBROOK,NSW,2126,35,1991,73.8
13 FITZROY ROAD CROMER,CROMER,NSW,2099,35,1991,73.8
2 LAGOON DRIVE GLENBROOK,GLENBROOK,NSW,2773,35,1991,73.8
17 GLENSHEE PLACE GLENHAVEN,GLENHAVEN,NSW,2156,35,1991,73.8
80 MEMORIAL AVENUE ST IVES,ST IVES,NSW,2075,28,1998,73.8
57-59 BRAESIDE STREET WAHROONGA,WAHROONGA,NSW,2076,28,1998,73.8
62 CHERYL CRESCENT NEWPORT,NEWPORT,NSW,2106,35,1991,73.8
MITCHELL ROAD ERSKINEVILLE,ERSKINEVILLE,NSW,2043,28,1998,73.7
173 BLAIR STREET NORTH BONDI,NORTH BONDI,NSW,2026,28,1998,73.7
7 RUPERTSWOOD AVENUE BELLEVUE HILL,BELLEVUE HILL,NSW,2023,28,1998,73.7
78 WOLSELEY ROAD POINT PIPER,POINT PIPER,NSW,2027,28,1998,73.7
31 MONTAUBAN AVENUE SEAFORTH,SEAFORTH,NSW,2092,35,1991,73.7
28A BEACONSFIELD ROAD MOSMAN,MOSMAN,NSW,2088,28,1998,73.7
9 HANDLEY AVENUE THORNLEIGH,THORNLEIGH,NSW,2120,28,1998,73.7
125 DAVID ROAD CASTLE HILL,CASTLE HILL,NSW,2154,28,1998,73.7
8 LAWSON PLACE CHERRYBROOK,CHERRYBROOK,NSW,2126,35,1991,73.7
2 HAMPDEN ROAD PENNANT HILLS,PENNANT HILLS,NSW,2120,35,1991,73.7
36A CAMBEWARRA AVENUE CASTLE HILL,CASTLE HILL,NSW,2154,35,1991,73.7
26 SUMMER ROAD FAULCONBRIDGE,FAULCONBRIDGE,NSW,2776,28,1998,73.7
29 WYOMING AVENUE VALLEY HEIGHTS,VALLEY HEIGHTS,NSW,2777,28,1998,73.7
3 THUROONG PLACE CRANEBROOK,CRANEBROOK,NSW,2749,35,1991,73.7
1 O'GRADY PLACE KELLYVILLE,KELLYVILLE,NSW,2155,28,1998,73.7
3 THE GREENWAY DUFFYS FOREST,FOREST,NSW,,28,1998,73.7
199 BOBBIN HEAD ROAD NORTH TURRAMURRA,NORTH TURRAMURRA,NSW,2074,35,1991,73.7
15 BIRNAM GROVE STRATHFIELD,STRATHFIELD,NSW,2135,35,1991,73.6
26 SHORTLAND AVENUE STRATHFIELD,STRATHFIELD,NSW,2135,35,1991,73.6
60 LONG STREET STRATHFIELD,STRATHFIELD,NSW,2135,35,1991,73.6
19 BAY STREET CROYDON,CROYDON,NSW,2132,35,1991,73.6
29 SWAMPHEN STREET ERSKINE PARK,ERSKINE PARK,NSW,2759,40,1986,73.6
26 JANET AVENUE THORNLEIGH,THORNLEIGH,NSW,2120,35,1991,73.6
50A THE ESPLANADE THORNLEIGH,THORNLEIGH,NSW,2120,35,1991,73.6
113 CARDINAL AVENUE WEST PENNANT HILLS,WEST PENNANT HILLS,NSW,2125,35,1991,73.6
8 PARKLAND PLACE THORNLEIGH,THORNLEIGH,NSW,2120,35,1991,73.6
20 BOLDREWOOD PLACE CHERRYBROOK,CHERRYBROOK,NSW,2126,35,1991,73.6
65 BASS DRIVE BAULKHAM HILLS,BAULKHAM HILLS,NSW,2153,35,1991,73.6
17 MARGARET STREET BEACON HILL,BEACON HILL,NSW,2100,40,1986,73.6
21 FEATHERWOOD AVENUE CHERRYBROOK,CHERRYBROOK,NSW,2126,35,1991,73.6
5-7 JINATONG STREET MIRANDA,MIRANDA,NSW,2228,28,1998,73.5
293-295 EDGECLIFF ROAD WOOLLAHRA,WOOLLAHRA,NSW,2025,28,1998,73.5
26 KIRKOSWALD AVENUE MOSMAN,MOSMAN,NSW,2088,35,1991,73.5
20 GAVIN PLACE CHERRYBROOK,CHERRYBROOK,NSW,2126,28,1998,73.5
102 SUTHERLAND ROAD BEECROFT,BEECROFT,NSW,2119,28,1998,73.5
12 MELALEUCA CLOSE CASTLE HILL,CASTLE HILL,NSW,2154,35,1991,73.5
2 MICHELE ROAD CROMER,CROMER,NSW,2099,28,1998,73.5
120 ROSEDALE ROAD ST IVES,ST IVES,NSW,2075,28,1998,73.5
10 BLOOMSBURY AVENUE PYMBLE,PYMBLE,NSW,2073,35,1991,73.5
33 CARBEEN AVENUE ST IVES,ST IVES,NSW,2075,28,1998,73.5
14A-16A VIEW STREET BLAXLAND,BLAXLAND,NSW,2774,35,1991,73.5
26 ILLINGWORTH ROAD YELLOW ROCK,YELLOW ROCK,NSW,2777,28,1998,73.5
21 KANANGRA CRESCENT CHERRYBROOK,CHERRYBROOK,NSW,2126,28,1998,73.5
23 JAMES HENTY DRIVE DURAL,DURAL,NSW,2158,28,1998,73.5
80 PURCHASE ROAD CHERRYBROOK,CHERRYBROOK,NSW,2126,28,1998,73.5
16 COPPERLEAF PLACE CHERRYBROOK,CHERRYBROOK,NSW,2126,28,1998,73.5
11 GLENSHEE PLACE GLENHAVEN,GLENHAVEN,NSW,2156,28,1998,73.5
47 BALDWIN AVENUE ASQUITH,ASQUITH,NSW,2077,35,1991,73.5
97-103 MIRANDA ROAD MIRANDA,MIRANDA,NSW,2228,28,1998,73.4
15 TRACEY STREET REVESBY,REVESBY,NSW,2212,35,1991,73.4
45 ARTHUR STREET STRATHFIELD,STRATHFIELD,NSW,2135,35,1991,73.4
4 DICKSON STREET STRATHFIELD,STRATHFIELD,NSW,2135,35,1991,73.4
875 NEW SOUTH HEAD ROAD ROSE BAY,ROSE BAY,NSW,2029,40,1986,73.4
129 DOVER ROAD ROSE BAY,ROSE BAY,NSW,2029,28,1998,73.4
1A LOCH MAREE PLACE VAUCLUSE,VAUCLUSE,NSW,2030,28,1998,73.4
6 KOOWONG AVENUE MOSMAN,MOSMAN,NSW,2088,35,1991,73.4
93 CARDINAL AVENUE WEST PENNANT HILLS,WEST PENNANT HILLS,NSW,2125,35,1991,73.4
27 YANDERRA GROVE CHERRYBROOK,CHERRYBROOK,NSW,2126,28,1998,73.4
2A BEAHAN PLACE CHERRYBROOK,CHERRYBROOK,NSW,2126,35,1991,73.4
18 MAYBUSH PLACE CHERRYBROOK,CHERRYBROOK,NSW,2126,35,1991,73.4
10 FLINDERS AVENUE BAULKHAM HILLS,BAULKHAM HILLS,NSW,2153,28,1998,73.4
11 KENTHURST ROAD ST IVES,ST IVES,NSW,2075,35,1991,73.4
5 BORROWDALE WAY CRANEBROOK,CRANEBROOK,NSW,2749,28,1998,73.4
1-3 WASCOE STREET GLENBROOK,GLENBROOK,NSW,2773,28,1998,73.4
123 OLD BATHURST ROAD BLAXLAND,BLAXLAND,NSW,2774,35,1991,73.4
25 PAPERBARK CRESCENT BEAUMONT HILLS,BEAUMONT HILLS,NSW,2155,28,1998,73.4
7 MURRELL PLACE DURAL,DURAL,NSW,2158,28,1998,73.4
20 GARNET STREET HURLSTONE PARK,HURLSTONE PARK,NSW,2193,28,1998,73.3
32 MORGAN STREET EARLWOOD,EARLWOOD,NSW,2206,35,1991,73.3
36 PEMBERTON STREET STRATHFIELD,STRATHFIELD,NSW,2135,35,1991,73.3
104 BERESFORD ROAD STRATHFIELD,STRATHFIELD,NSW,2135,28,1998,73.3
55 GRAFTON STREET BONDI JUNCTION,BONDI JUNCTION,NSW,2022,28,1998,73.3
11 LUCASVILLE ROAD GLENBROOK,GLENBROOK,NSW,2773,28,1998,73.3
2X SUTHERLAND ROAD CHELTENHAM,CHELTENHAM,NSW,2119,28,1998,73.3
1 CURRONG PLACE SOUTH TURRAMURRA,SOUTH TURRAMURRA,NSW,2074,28,1998,73.3
19 PARKHILL CRESCENT CHERRYBROOK,CHERRYBROOK,NSW,2126,35,1991,73.3
10 WINTERGREEN PLACE WEST PENNANT HILLS,WEST PENNANT HILLS,NSW,2125,28,1998,73.3
6 ST JOHNS CLOSE BROOKVALE,BROOKVALE,NSW,2100,28,1998,73.3
4 HORACE STREET ST IVES,ST IVES,NSW,2075,35,1991,73.3
30A BURNS ROAD WAHROONGA,WAHROONGA,NSW,2076,28,1998,73.3
116 BURNS ROAD WAHROONGA,WAHROONGA,NSW,2076,28,1998,73.3
39 NEWTON ROAD STRATHFIELD,STRATHFIELD,NSW,2135,35,1991,73.2
158 ALBERT ROAD STRATHFIELD,STRATHFIELD,NSW,2135,35,1991,73.2
5 HIGH STREET STRATHFIELD,STRATHFIELD,NSW,2135,35,1991,73.2
56 EPPING ROAD DOUBLE BAY,DOUBLE BAY,NSW,2028,40,1986,73.2
15 KINGFISHER WAY ST CLAIR,ST CLAIR,NSW,2759,28,1998,73.2
20 LOFTUS ROAD PENNANT HILLS,PENNANT HILLS,NSW,2120,35,1991,73.2
19 YANDERRA GROVE CHERRYBROOK,CHERRYBROOK,NSW,2126,35,1991,73.2
38 LYNBARA AVENUE ST IVES,ST IVES,NSW,2075,35,1991,73.2
484 GREAT WESTERN HIGHWAY FAULCONBRIDGE,FAULCONBRIDGE,NSW,2776,35,1991,73.2
1 TARONGA WAY FAULCONBRIDGE,FAULCONBRIDGE,NSW,2776,35,1991,73.2
83 RAYMOND ROAD SPRINGWOOD,SPRINGWOOD,NSW,2777,35,1991,73.2
44 COOYONG ROAD TERREY HILLS,TERREY HILLS,NSW,2084,28,1998,73.2
55 ELANORA ROAD ELANORA HEIGHTS,ELANORA HEIGHTS,NSW,2101,28,1998,73.2
40 BELEMBA AVENUE ROSELANDS,ROSELANDS,NSW,2196,35,1991,73.1
8 TERRACE ROAD DULWICH HILL,DULWICH HILL,NSW,2203,28,1998,73.1
22 FORE STREET CANTERBURY,CANTERBURY,NSW,2193,35,1991,73.1
53 KINGSLAND ROAD STRATHFIELD,STRATHFIELD,NSW,2135,40,1986,73.1
187 HOMEBUSH ROAD STRATHFIELD,STRATHFIELD,NSW,2135,35,1991,73.1
170 OCEAN STREET EDGECLIFF,EDGECLIFF,NSW,2027,28,1998,73.1
2 CHADLEY COURT CHERRYBROOK,CHERRYBROOK,NSW,2126,35,1991,73.1
58 NEW FARM ROAD WEST PENNANT HILLS,WEST PENNANT HILLS,NSW,2125,28,1998,73.1
333 PENNANT HILLS ROAD PENNANT HILLS,PENNANT HILLS,NSW,2120,35,1991,73.1
2 LONSDALE AVENUE PYMBLE,PYMBLE,NSW,2073,28,1998,73.1
2 GALEN AVENUE HORNSBY,HORNSBY,NSW,2077,28,1998,73.1
9 ERYNE PLACE DURAL,DURAL,NSW,2158,35,1991,73.1
64 HANCOCK DRIVE CHERRYBROOK,CHERRYBROOK,NSW,2126,28,1998,73.1
80 HARTLEPOOL ROAD EDMONDSON PARK,EDMONDSON PARK,NSW,2174,28,1998,73.0
2/28-34 CROSS STREET DOUBLE BAY,DOUBLE BAY,NSW,2028,28,1998,73.0
4 CASTLE CIRCUIT CLOSE SEAFORTH,SEAFORTH,NSW,2092,35,1991,73.0
18A MORELLA ROAD MOSMAN,MOSMAN,NSW,2088,28,1998,73.0
2 BOLWARRA CRESCENT CASTLE HILL,CASTLE HILL,NSW,2154,28,1998,73.0
158 PURCHASE ROAD CHERRYBROOK,CHERRYBROOK,NSW,2126,28,1998,73.0
169-173 MALABAR ROAD SOUTH COOGEE,SOUTH COOGEE,NSW,2034,28,1998,72.9
18 MEREDITH STREET HOMEBUSH,HOMEBUSH,NSW,2140,28,1998,72.9
12 BOAMBILLEE AVENUE VAUCLUSE,VAUCLUSE,NSW,2030,28,1998,72.9
31 ILUKA ROAD MOSMAN,MOSMAN,NSW,2088,28,1998,72.9
1 MORTIMER LEWIS GROVE ST CLAIR,ST CLAIR,NSW,2759,35,1991,72.9
110 FRANCIS GREENWAY DRIVE CHERRYBROOK,CHERRYBROOK,NSW,2126,35,1991,72.9
2 VERNEY DRIVE WEST PENNANT HILLS,WEST PENNANT HILLS,NSW,2125,35,1991,72.9
8 NARELLE AVENUE CASTLE HILL,CASTLE HILL,NSW,2154,35,1991,72.9
14 JORDANA PLACE CASTLE HILL,CASTLE HILL,NSW,2154,28,1998,72.9
8 CRESTVIEW PLACE CHERRYBROOK,CHERRYBROOK,NSW,2126,35,1991,72.9
523 OLD NORTHERN ROAD CASTLE HILL,CASTLE HILL,NSW,2154,28,1998,72.9
26 NORTHCOTT ROAD CROMER,CROMER,NSW,2099,28,1998,72.9
41 TAMARISK CRESCENT CHERRYBROOK,CHERRYBROOK,NSW,2126,35,1991,72.9
8A OLEANDER PARADE CARINGBAH SOUTH,CARINGBAH SOUTH,NSW,2229,28,1998,72.8
3 MOOKI STREET MIRANDA,MIRANDA,NSW,2228,28,1998,72.8
8 KINGSLAND ROAD STRATHFIELD,STRATHFIELD,NSW,2135,40,1986,72.8
59-75 GRAFTON STREET BONDI JUNCTION,BONDI JUNCTION,NSW,2022,28,1998,72.8
59 ELIZABETH BAY ROAD RUSHCUTTERS BAY,RUSHCUTTERS BAY,NSW,2011,28,1998,72.8
1C NEW BEACH ROAD DARLING POINT,DARLING POINT,NSW,2027,28,1998,72.8
55 MACQUARIE DRIVE CHERRYBROOK,CHERRYBROOK,NSW,2126,28,1998,72.8
100 FRANCIS GREENWAY DRIVE CHERRYBROOK,CHERRYBROOK,NSW,2126,28,1998,72.8
10 GAIWOOD PLACE CASTLE HILL,CASTLE HILL,NSW,2154,28,1998,72.8
27 HILLGATE PLACE CASTLE HILL,CASTLE HILL,NSW,2154,28,1998,72.8
229 FISHER ROAD NORTH CROMER,NORTH CROMER,NSW,,28,1998,72.8
12 COLLEGE CRESCENT ST IVES,ST IVES,NSW,2075,28,1998,72.8
7 COPPERLEAF PLACE CHERRYBROOK,CHERRYBROOK,NSW,2126,28,1998,72.8
7 BUNYANA AVENUE WAHROONGA,WAHROONGA,NSW,2076,35,1991,72.8
246 BOBBIN HEAD ROAD NORTH TURRAMURRA,NORTH TURRAMURRA,NSW,2074,28,1998,72.8
25 FIRTH AVENUE STRATHFIELD,STRATHFIELD,NSW,2135,35,1991,72.7
21 COVENTRY ROAD STRATHFIELD,STRATHFIELD,NSW,2135,35,1991,72.7
8 WHIPBIRD PLACE CASTLE HILL,CASTLE HILL,NSW,2154,35,1991,72.7
1 KALUMNA CLOSE CHERRYBROOK,CHERRYBROOK,NSW,2126,35,1991,72.7
19 INGALARA AVENUE WAHROONGA,WAHROONGA,NSW,2076,35,1991,72.7
13 WARABIN STREET WATERFALL,WATERFALL,NSW,2233,28,1998,72.6
9 SOUTH STREET STRATHFIELD,STRATHFIELD,NSW,2135,35,1991,72.6
2 CAVE ROAD STRATHFIELD,STRATHFIELD,NSW,2135,35,1991,72.6
20 LYNWOOD CLOSE PENNANT HILLS,PENNANT HILLS,NSW,2120,28,1998,72.6
451 PENNANT HILLS ROAD WEST PENNANT HILLS,WEST PENNANT HILLS,NSW,2125,35,1991,72.6
9 JARRAH PLACE CASTLE HILL,CASTLE HILL,NSW,2154,28,1998,72.6
86 JOHN ROAD CHERRYBROOK,CHERRYBROOK,NSW,2126,35,1991,72.6
7 GILMORE AVENUE COLLAROY PLATEAU,COLLAROY PLATEAU,NSW,2097,28,1998,72.6
42 KANANGRA CRESCENT CHERRYBROOK,CHERRYBROOK,NSW,2126,28,1998,72.6
18 BURNS ROAD WAHROONGA,WAHROONGA,NSW,2076,35,1991,72.6
3 LENTHALL STREET KENSINGTON,KENSINGTON,NSW,2033,28,1998,72.5
1A MYALL CRESCENT STRATHFIELD,STRATHFIELD,NSW,2135,35,1991,72.5
25 WILLIAM STREET DOUBLE BAY,DOUBLE BAY,NSW,2028,28,1998,72.5
28 DOVER ROAD ROSE BAY,ROSE BAY,NSW,2029,28,1998,72.5
22 YARRANABBE ROAD DARLING POINT,DARLING POINT,NSW,2027,28,1998,72.5
10 PINEHILL AVENUE DOUBLE BAY,DOUBLE BAY,NSW,2028,28,1998,72.5
120 WALTERS ROAD BLACKTOWN,BLACKTOWN,NSW,2148,35,1991,72.5
43 PARKHILL CRESCENT CHERRYBROOK,CHERRYBROOK,NSW,2126,35,1991,72.5
25 HAVEN COURT CHERRYBROOK,CHERRYBROOK,NSW,2126,35,1991,72.5
11 DOULTON DRIVE CHERRYBROOK,CHERRYBROOK,NSW,2126,28,1998,72.5
11-27 HILLCREST DRIVE ST IVES,ST IVES,NSW,2075,35,1991,72.5
42A COLLINS ROAD ST IVES,ST IVES,NSW,2075,35,1991,72.5
22 KANANGRA CRESCENT CHERRYBROOK,CHERRYBROOK,NSW,2126,35,1991,72.5
7 MOWBRAY CLOSE CASTLE HILL,CASTLE HILL,NSW,2154,28,1998,72.5
25 CABER CLOSE DURAL,DURAL,NSW,2158,28,1998,72.5
22 TAWMII PLACE CASTLE HILL,CASTLE HILL,NSW,2154,35,1991,72.5
82 BALMORAL STREET WAITARA,WAITARA,NSW,2077,28,1998,72.5
275A BOBBIN HEAD ROAD NORTH TURRAMURRA,NORTH TURRAMURRA,NSW,2074,28,1998,72.5
43 MONA STREET MONA VALE,MONA VALE,NSW,2103,35,1991,72.5
1 WORONORA RIVER BANGOR,BANGOR,NSW,2234,28,1998,72.4
19 WOODWARD AVENUE STRATHFIELD,STRATHFIELD,NSW,2135,28,1998,72.4
48-50 LLANDILO AVENUE STRATHFIELD,STRATHFIELD,NSW,2135,28,1998,72.4
3 MACARTHUR AVENUE STRATHFIELD,STRATHFIELD,NSW,2135,40,1986,72.4
25 SOUTH STREET STRATHFIELD,STRATHFIELD,NSW,2135,28,1998,72.4
86 NICHOLSON STREET STRATHFIELD,STRATHFIELD,NSW,2135,28,1998,72.4
23 NEWTON ROAD STRATHFIELD,STRATHFIELD,NSW,2135,28,1998,72.4
122 HOMEBUSH ROAD STRATHFIELD,STRATHFIELD,NSW,2135,28,1998,72.4
107 THE BOULEVARDE STRATHFIELD,STRATHFIELD,NSW,2135,28,1998,72.4
28-30 ALBYN ROAD STRATHFIELD,STRATHFIELD,NSW,2135,28,1998,72.4
117 HOMEBUSH ROAD STRATHFIELD,STRATHFIELD,NSW,2135,28,1998,72.4
73 NICHOLSON STREET STRATHFIELD,STRATHFIELD,NSW,2135,28,1998,72.4
7 STRATHFIELD AVENUE STRATHFIELD,STRATHFIELD,NSW,2135,28,1998,72.4
1 VERNON STREET STRATHFIELD,STRATHFIELD,NSW,2135,28,1998,72.4
3 VICTORIA STREET STRATHFIELD,STRATHFIELD,NSW,2135,28,1998,72.4
90 ALBYN ROAD STRATHFIELD,STRATHFIELD,NSW,2135,28,1998,72.4
39 OXFORD ROAD STRATHFIELD,STRATHFIELD,NSW,2135,28,1998,72.4
218-224 WENTWORTH ROAD BURWOOD,BURWOOD,NSW,2134,28,1998,72.4
38-40 LLANDILO AVENUE STRATHFIELD,STRATHFIELD,NSW,2135,28,1998,72.4
42 LLANDILO AVENUE STRATHFIELD,STRATHFIELD,NSW,2135,28,1998,72.4
36 WOODSIDE AVENUE STRATHFIELD,STRATHFIELD,NSW,2135,28,1998,72.4
1 TORRINGTON ROAD STRATHFIELD,STRATHFIELD,NSW,2135,28,1998,72.4
34-36 WAKEFORD ROAD STRATHFIELD,STRATHFIELD,NSW,2135,28,1998,72.4
87 NEWTON ROAD STRATHFIELD,STRATHFIELD,NSW,2135,28,1998,72.4
34 GLENARVON STREET STRATHFIELD,STRATHFIELD,NSW,2135,28,1998,72.4
94 ALBYN ROAD STRATHFIELD,STRATHFIELD,NSW,2135,28,1998,72.4
32-34 ALBYN ROAD STRATHFIELD,STRATHFIELD,NSW,2135,28,1998,72.4
5 JERSEY ROAD STRATHFIELD,STRATHFIELD,NSW,2135,28,1998,72.4
7 AUGUSTA STREET STRATHFIELD,STRATHFIELD,NSW,2135,28,1998,72.4
45 CHALMERS ROAD STRATHFIELD,STRATHFIELD,NSW,2135,28,1998,72.4
9 OXFORD ROAD STRATHFIELD,STRATHFIELD,NSW,2135,28,1998,72.4
13 FITZGERALD CRESCENT STRATHFIELD,STRATHFIELD,NSW,2135,28,1998,72.4
29 FITZGERALD CRESCENT STRATHFIELD,STRATHFIELD,NSW,2135,28,1998,72.4
2-4 CARRINGTON AVENUE STRATHFIELD,STRATHFIELD,NSW,2135,28,1998,72.4
14A DARLING POINT ROAD DARLING POINT,DARLING POINT,NSW,2027,28,1998,72.4
6 CARRINGTON AVENUE BELLEVUE HILL,BELLEVUE HILL,NSW,2023,28,1998,72.4
4/1 SPENCER STREET ROSE BAY,ROSE BAY,NSW,2029,28,1998,72.4
8 ST MERVYNS AVENUE POINT PIPER,POINT PIPER,NSW,2027,28,1998,72.4
81A VICTORIA ROAD BELLEVUE HILL,BELLEVUE HILL,NSW,2023,28,1998,72.4
84 VICTORIA ROAD BELLEVUE HILL,BELLEVUE HILL,NSW,2023,28,1998,72.4
54 KAMBALA ROAD BELLEVUE HILL,BELLEVUE HILL,NSW,2023,28,1998,72.4
86B VICTORIA ROAD BELLEVUE HILL,BELLEVUE HILL,NSW,2023,28,1998,72.4
16 CAPTAIN PIPERS ROAD VAUCLUSE,VAUCLUSE,NSW,2030,28,1998,72.4
24 BURRABIRRA AVENUE VAUCLUSE,VAUCLUSE,NSW,2030,28,1998,72.4
313 EDGECLIFF ROAD WOOLLAHRA,WOOLLAHRA,NSW,2025,28,1998,72.4
14 HOLLAND ROAD BELLEVUE HILL,BELLEVUE HILL,NSW,2023,28,1998,72.4
13 PRINCE ALBERT STREET MOSMAN,MOSMAN,NSW,2088,28,1998,72.4
7 ST ELMO STREET MOSMAN,MOSMAN,NSW,2088,28,1998,72.4
12 ST ELMO STREET MOSMAN,MOSMAN,NSW,2088,28,1998,72.4
5-19 MARY STREET SURRY HILLS,SURRY HILLS,NSW,2010,28,1998,72.4
47 BRADLEYS HEAD ROAD MOSMAN,MOSMAN,NSW,2088,28,1998,72.4
33 YATAMA STREET SEAFORTH,SEAFORTH,NSW,2092,40,1986,72.4
17 KIRKOSWALD AVENUE MOSMAN,MOSMAN,NSW,2088,28,1998,72.4
13 BURRAWONG AVENUE MOSMAN,MOSMAN,NSW,2088,28,1998,72.4
17-23 WALLIS PARADE NORTH BONDI,NORTH BONDI,NSW,2026,28,1998,72.4
520-536 OLD SOUTH HEAD ROAD ROSE BAY,ROSE BAY,NSW,2029,28,1998,72.4
5 EXPLORERS ROAD GLENBROOK,GLENBROOK,NSW,2773,28,1998,72.4
28 LUCASVILLE ROAD GLENBROOK,GLENBROOK,NSW,2773,28,1998,72.4
33 BOXWOOD PLACE CHERRYBROOK,CHERRYBROOK,NSW,2126,28,1998,72.4
9 CHADLEY COURT CHERRYBROOK,CHERRYBROOK,NSW,2126,28,1998,72.4
16 WELHAM STREET BEECROFT,BEECROFT,NSW,2119,28,1998,72.4
11 COBRAN ROAD CHELTENHAM,CHELTENHAM,NSW,2119,28,1998,72.4
202 BEECROFT ROAD CHELTENHAM,CHELTENHAM,NSW,2119,28,1998,72.4
50-52 CAMBEWARRA AVENUE CASTLE HILL,CASTLE HILL,NSW,2154,28,1998,72.4
178 MONA VALE ROAD ST IVES,ST IVES,NSW,2075,35,1991,72.4
271 MONA VALE ROAD ST IVES,ST IVES,NSW,2075,28,1998,72.4
14 MAYTONE AVENUE KILLARA,KILLARA,NSW,2071,28,1998,72.4
9 LAWSON PARADE ST IVES,ST IVES,NSW,2075,28,1998,72.4
41 TOROKINA AVENUE ST IVES,ST IVES,NSW,2075,28,1998,72.4
7 SUMMER ROAD FAULCONBRIDGE,FAULCONBRIDGE,NSW,2776,28,1998,72.4
68 SOLING CRESCENT CRANEBROOK,CRANEBROOK,NSW,2749,28,1998,72.4
7 KIMBARRA ROAD PYMBLE,PYMBLE,NSW,2073,28,1998,72.4
4 GODFREY AVENUE TURRAMURRA,TURRAMURRA,NSW,2074,28,1998,72.4
6 SHAND CRESCENT TURRAMURRA,TURRAMURRA,NSW,2074,28,1998,72.4
7 CRANFORD AVENUE ST IVES,ST IVES,NSW,2075,28,1998,72.4
51 MEMORIAL AVENUE ST IVES,ST IVES,NSW,2075,28,1998,72.4
3A EDWARD STREET GORDON,GORDON,NSW,2072,28,1998,72.4
25 THE GREENWAY DUFFYS FOREST,FOREST,NSW,,28,1998,72.4
4 TUDOR PLACE ST IVES CHASE,ST IVES CHASE,NSW,2075,28,1998,72.4
23 BLACKBURN STREET ST IVES,ST IVES,NSW,2075,28,1998,72.4
4 ROMA ROAD ST IVES,ST IVES,NSW,2075,28,1998,72.4
9 JAMBEROO AVENUE TERREY HILLS,TERREY HILLS,NSW,2084,28,1998,72.4
269 BOBBIN HEAD ROAD NORTH TURRAMURRA,NORTH TURRAMURRA,NSW,2074,28,1998,72.4
248 BOBBIN HEAD ROAD NORTH TURRAMURRA,NORTH TURRAMURRA,NSW,2074,28,1998,72.4
33 ILLOURA AVENUE WAHROONGA,WAHROONGA,NSW,2076,28,1998,72.4
33 CLEVELAND STREET WAHROONGA,WAHROONGA,NSW,2076,28,1998,72.4
41 BURNS ROAD WAHROONGA,WAHROONGA,NSW,2076,28,1998,72.4
70 MOONS AVENUE LUGARNO,LUGARNO,NSW,2210,35,1991,72.3
14 CASTLEREAGH CRESCENT SYLVANIA WATERS,SYLVANIA WATERS,NSW,2224,28,1998,72.3
4B MALLACOOTA CLOSE PRESTONS,PRESTONS,NSW,2170,35,1991,72.3
291 WILLIAM STREET KINGSGROVE,KINGSGROVE,NSW,2208,35,1991,72.3
69 HIGH STREET STRATHFIELD,STRATHFIELD,NSW,2135,35,1991,72.3
7 HIGH STREET STRATHFIELD,STRATHFIELD,NSW,2135,35,1991,72.3
129 ALBERT ROAD STRATHFIELD,STRATHFIELD,NSW,2135,35,1991,72.3
98 BERESFORD ROAD STRATHFIELD,STRATHFIELD,NSW,2135,35,1991,72.3
1 PROMENADE ROAD VAUCLUSE,VAUCLUSE,NSW,2030,28,1998,72.3
7 MARCUS CLARKE CRESCENT GLENMORE PARK,GLENMORE PARK,NSW,2745,28,1998,72.3
59 LOFTUS ROAD PENNANT HILLS,PENNANT HILLS,NSW,2120,35,1991,72.3
15 CANNAN CLOSE CHERRYBROOK,CHERRYBROOK,NSW,2126,28,1998,72.3
80 CARRINGTON STREET REVESBY,REVESBY,NSW,2212,28,1998,72.2
12 LEITH STREET ASHBURY,ASHBURY,NSW,2193,35,1991,72.2
19 BYER STREET ENFIELD,ENFIELD,NSW,2136,28,1998,72.2
2 HYDEBRAE STREET STRATHFIELD,STRATHFIELD,NSW,2135,35,1991,72.2
20 KIAORA ROAD DOUBLE BAY,DOUBLE BAY,NSW,2028,28,1998,72.2
19 SHEARER STREET ST CLAIR,ST CLAIR,NSW,2759,35,1991,72.2
34 CASTLE CIRCUIT SEAFORTH,SEAFORTH,NSW,2092,28,1998,72.2
250 MALTON ROAD NORTH EPPING,NORTH EPPING,NSW,2121,35,1991,72.2
6X PARKHILL CRESCENT CHERRYBROOK,CHERRYBROOK,NSW,2126,28,1998,72.2
67A WONGALA CRESCENT BEECROFT,BEECROFT,NSW,2119,35,1991,72.2
65 WONGALA CRESCENT BEECROFT,BEECROFT,NSW,2119,35,1991,72.2
17 CHISWICK PLACE CHERRYBROOK,CHERRYBROOK,NSW,2126,35,1991,72.2
57 MYSON DRIVE CHERRYBROOK,CHERRYBROOK,NSW,2126,35,1991,72.2
25 WINCHCOMBE PLACE CASTLE HILL,CASTLE HILL,NSW,2154,28,1998,72.2
18 PIONEER PLACE CASTLE HILL,CASTLE HILL,NSW,2154,28,1998,72.2
90 DOUGLAS STREET ST IVES,ST IVES,NSW,2075,35,1991,72.2
67 BEECHWORTH ROAD PYMBLE,PYMBLE,NSW,2073,28,1998,72.2
23A LINDEN AVENUE PYMBLE,PYMBLE,NSW,2073,28,1998,72.2
20 KHARTOUM AVENUE GORDON,GORDON,NSW,2072,28,1998,72.2
19 CLIFFORD STREET GORDON,GORDON,NSW,2072,28,1998,72.2
10 TAMARA PLACE BEAUMONT HILLS,BEAUMONT HILLS,NSW,2155,35,1991,72.2
57 GRANGE ROAD GLENHAVEN,GLENHAVEN,NSW,2156,28,1998,72.2
11 SCULLIN PLACE NORTH WAHROONGA,NORTH WAHROONGA,NSW,2076,28,1998,72.2
2 COVENTRY ROAD STRATHFIELD,STRATHFIELD,NSW,2135,28,1998,72.1
25 KENBURN AVENUE CHERRYBROOK,CHERRYBROOK,NSW,2126,28,1998,72.1
46 WESTMINSTER DRIVE CASTLE HILL,CASTLE HILL,NSW,2154,35,1991,72.1
79 MERINDAH ROAD BAULKHAM HILLS,BAULKHAM HILLS,NSW,2153,28,1998,72.1
9 MOIRA PLACE FRENCHS FOREST,FRENCHS FOREST,NSW,2086,28,1998,72.1
4 ARILLA ROAD PYMBLE,PYMBLE,NSW,2073,35,1991,72.1
6 BRAIDWOOD AVENUE NORTH EPPING,NORTH EPPING,NSW,2121,28,1998,72.1
156 GREAT WESTERN HIGHWAY BLAXLAND,BLAXLAND,NSW,2774,28,1998,72.1
10 EMLYN PLACE BEAUMONT HILLS,BEAUMONT HILLS,NSW,2155,28,1998,72.1
87 WALLIS AVENUE STRATHFIELD,STRATHFIELD,NSW,2135,35,1991,72.0
41 NICHOLSON STREET BURWOOD,BURWOOD,NSW,2134,28,1998,72.0
10 ALVISTON STREET STRATHFIELD,STRATHFIELD,NSW,2135,28,1998,72.0
3 TORRINGTON ROAD STRATHFIELD,STRATHFIELD,NSW,2135,28,1998,72.0
97 ELIZABETH BAY ROAD ELIZABETH BAY,ELIZABETH BAY,NSW,2011,28,1998,72.0
88 BERESFORD ROAD BELLEVUE HILL,BELLEVUE HILL,NSW,2023,28,1998,72.0
18 MORRIS AVENUE THORNLEIGH,THORNLEIGH,NSW,2120,28,1998,72.0
50D BEECROFT ROAD BEECROFT,BEECROFT,NSW,2119,28,1998,72.0
17 ADEY PLACE CASTLE HILL,CASTLE HILL,NSW,2154,35,1991,72.0
12 WESTMINSTER DRIVE CASTLE HILL,CASTLE HILL,NSW,2154,28,1998,72.0
33 DOULTON DRIVE CHERRYBROOK,CHERRYBROOK,NSW,2126,35,1991,72.0
17 DOUGLAS STREET ST IVES,ST IVES,NSW,2075,28,1998,72.0
19 BLACKBURN STREET ST IVES,ST IVES,NSW,2075,28,1998,72.0
1 WALLIS PLACE ST IVES,ST IVES,NSW,2075,28,1998,72.0
1 THE GREENWAY DUFFYS FOREST,FOREST,NSW,,28,1998,72.0
32 MATSON CRESCENT MIRANDA,MIRANDA,NSW,2228,28,1998,71.9
34 JACARANDA ROAD CARINGBAH,CARINGBAH,NSW,2229,28,1998,71.9
4 RAWSON CRESCENT HORNINGSEA PARK,HORNINGSEA PARK,NSW,2171,28,1998,71.9
43 COTSWOLD ROAD STRATHFIELD,STRATHFIELD,NSW,2135,28,1998,71.9
148 HOMEBUSH ROAD STRATHFIELD,STRATHFIELD,NSW,2135,28,1998,71.9
17 BRUNSWICK AVENUE STRATHFIELD,STRATHFIELD,NSW,2135,28,1998,71.9
214 ALBERT ROAD STRATHFIELD,STRATHFIELD,NSW,2135,28,1998,71.9
17 ADELAIDE STREET WOOLLAHRA,WOOLLAHRA,NSW,2025,28,1998,71.9
334 EDGECLIFF ROAD WOOLLAHRA,WOOLLAHRA,NSW,2025,28,1998,71.9
29A NELSON STREET WOOLLAHRA,WOOLLAHRA,NSW,2025,28,1998,71.9
5A BONDI ROAD BONDI JUNCTION,BONDI JUNCTION,NSW,2022,28,1998,71.9
28 RYRIE STREET MOSMAN,MOSMAN,NSW,2088,35,1991,71.9
1 DAVID STREET MOSMAN,MOSMAN,NSW,2088,28,1998,71.9
9 EXPLORERS ROAD GLENBROOK,GLENBROOK,NSW,2773,28,1998,71.9
45A NARELLE AVENUE EAST CASTLE HILL,EAST CASTLE HILL,NSW,,28,1998,71.9
6 SILKY OAK PLACE CASTLE HILL,CASTLE HILL,NSW,2154,28,1998,71.9
12 LEMONGRASS PLACE CHERRYBROOK,CHERRYBROOK,NSW,2126,28,1998,71.9
17 ROWENA PLACE CHERRYBROOK,CHERRYBROOK,NSW,2126,28,1998,71.9
10 ADAIR PLACE EAST KILLARA,EAST KILLARA,NSW,2071,28,1998,71.9
76 AYRES ROAD ST IVES,ST IVES,NSW,2075,28,1998,71.9
50C WARRAGAL ROAD TURRAMURRA,TURRAMURRA,NSW,2074,28,1998,71.9
3 ASHMORE AVENUE PYMBLE,PYMBLE,NSW,2073,28,1998,71.9
9 NELSON STREET GORDON,GORDON,NSW,2072,28,1998,71.9
10-12 WEST STREET PYMBLE,PYMBLE,NSW,2073,28,1998,71.9
1 TORRES PLACE ST IVES,ST IVES,NSW,2075,28,1998,71.9
92 WARRIMOO AVENUE ST IVES,ST IVES,NSW,2075,28,1998,71.9
49A BUNDARRA AVENUE WAHROONGA,WAHROONGA,NSW,2076,28,1998,71.9
58 LENTHALL STREET KENSINGTON,KENSINGTON,NSW,2033,35,1991,71.8
2 RAVENNA STREET STRATHFIELD,STRATHFIELD,NSW,2135,35,1991,71.8
155 THE BOULEVARDE STRATHFIELD,STRATHFIELD,NSW,2135,40,1986,71.8
48 BROUGHTON ROAD STRATHFIELD,STRATHFIELD,NSW,2135,35,1991,71.8
12 MEREDITH STREET HOMEBUSH,HOMEBUSH,NSW,2140,35,1991,71.8
57 BELLEVUE ROAD BELLEVUE HILL,BELLEVUE HILL,NSW,2023,28,1998,71.8
21 LEITH ROAD PENNANT HILLS,PENNANT HILLS,NSW,2120,35,1991,71.8
476A WINDSOR ROAD BAULKHAM HILLS,BAULKHAM HILLS,NSW,2153,35,1991,71.8
16 BUCKINGHAM ROAD BAULKHAM HILLS,BAULKHAM HILLS,NSW,2153,35,1991,71.8
41 YELLOW ROCK ROAD YELLOW ROCK,YELLOW ROCK,NSW,2777,28,1998,71.8
26 WHITEHAVEN STREET ST IVES,ST IVES,NSW,2075,35,1991,71.8
7 CHAMBERLAIN AVENUE CARINGBAH,CARINGBAH,NSW,2229,28,1998,71.7
9 MERIEL STREET SANS SOUCI,SANS SOUCI,NSW,2219,28,1998,71.7
9 VIRGINIA STREET KENSINGTON,KENSINGTON,NSW,2033,35,1991,71.7
58 BARKER ROAD STRATHFIELD,STRATHFIELD,NSW,2135,35,1991,71.7
1 THOMAS STREET STRATHFIELD,STRATHFIELD,NSW,2135,35,1991,71.7
49 CHALMERS ROAD STRATHFIELD,STRATHFIELD,NSW,2135,28,1998,71.7
599-601 NEW SOUTH HEAD ROAD ROSE BAY,ROSE BAY,NSW,2029,28,1998,71.7
67 SHEPHERDS DRIVE CHERRYBROOK,CHERRYBROOK,NSW,2126,28,1998,71.7
2 ALBION STREET PENNANT HILLS,PENNANT HILLS,NSW,2120,35,1991,71.7
26 CHERRYBROOK ROAD WEST PENNANT HILLS,WEST PENNANT HILLS,NSW,2125,28,1998,71.7
50A BEECROFT ROAD BEECROFT,BEECROFT,NSW,2119,28,1998,71.7
7 BOLDREWOOD PLACE CHERRYBROOK,CHERRYBROOK,NSW,2126,28,1998,71.7
8 BARKLEY CLOSE CHERRYBROOK,CHERRYBROOK,NSW,2126,28,1998,71.7
23 ALTONA AVENUE FORESTVILLE,FORESTVILLE,NSW,2087,28,1998,71.7
TRUMAN AVENUE CROMER,CROMER,NSW,2099,28,1998,71.7
17 WARRABINA AVENUE ST IVES,ST IVES,NSW,2075,28,1998,71.7
2 WOODBURY ROAD ST IVES,ST IVES,NSW,2075,28,1998,71.7
14 COLLINS ROAD ST IVES,ST IVES,NSW,2075,28,1998,71.7
29 BARWON AVENUE SOUTH TURRAMURRA,SOUTH TURRAMURRA,NSW,2074,28,1998,71.7
9/7 AVON ROAD PYMBLE,PYMBLE,NSW,2073,28,1998,71.7
21 KONDA PLACE TURRAMURRA,TURRAMURRA,NSW,2074,28,1998,71.7
49 CARBEEN AVENUE ST IVES,ST IVES,NSW,2075,28,1998,71.7
120 PURCHASE ROAD CHERRYBROOK,CHERRYBROOK,NSW,2126,28,1998,71.7
83 PALMERSTON ROAD HORNSBY,HORNSBY,NSW,2077,28,1998,71.7
33 SOMERSET AVENUE NORTH TURRAMURRA,NORTH TURRAMURRA,NSW,2074,28,1998,71.7
9 PARKVIEW STREET MIRANDA,MIRANDA,NSW,2228,28,1998,71.6
38 DARLING POINT ROAD DARLING POINT,DARLING POINT,NSW,2027,28,1998,71.6
1 FITZWILLIAM ROAD VAUCLUSE,VAUCLUSE,NSW,2030,28,1998,71.6
33 WALLAROY ROAD WOOLLAHRA,WOOLLAHRA,NSW,2025,28,1998,71.6
3 GAIETY PLACE DOONSIDE,DOONSIDE,NSW,2767,28,1998,71.6
118 NORFOLK ROAD NORTH EPPING,NORTH EPPING,NSW,2121,28,1998,71.6
6 POWELL PLACE CHERRYBROOK,CHERRYBROOK,NSW,2126,28,1998,71.6
165 HULL ROAD WEST PENNANT HILLS,WEST PENNANT HILLS,NSW,2125,35,1991,71.6
14 LLOYD WRIGHT WAY BEECROFT,BEECROFT,NSW,2119,35,1991,71.6
9 HOLLY ROAD CHERRYBROOK,CHERRYBROOK,NSW,2126,35,1991,71.6
68 PURCHASE ROAD CHERRYBROOK,CHERRYBROOK,NSW,2126,28,1998,71.6
23 HAMPDEN AVENUE WAHROONGA,WAHROONGA,NSW,2076,28,1998,71.6
163-167 TODMAN AVENUE KENSINGTON,KENSINGTON,NSW,2033,28,1998,71.5
6 MOLLOY AVENUE SOUTH COOGEE,SOUTH COOGEE,NSW,2034,28,1998,71.5
57 OXFORD ROAD STRATHFIELD,STRATHFIELD,NSW,2135,35,1991,71.5
4 MITCHELL ROAD STRATHFIELD,STRATHFIELD,NSW,2135,28,1998,71.5
49 NEWTON ROAD STRATHFIELD,STRATHFIELD,NSW,2135,28,1998,71.5
58 GROSVENOR CRESCENT SUMMER HILL,SUMMER HILL,NSW,2130,28,1998,71.5
165-169 HOLDEN STREET ASHBURY,ASHBURY,NSW,2193,28,1998,71.5
80 VICTORIA ROAD BELLEVUE HILL,BELLEVUE HILL,NSW,2023,28,1998,71.5
10 NORTON AVENUE DOVER HEIGHTS,DOVER HEIGHTS,NSW,2030,28,1998,71.5
559 OLD SOUTH HEAD ROAD ROSE BAY,ROSE BAY,NSW,2029,28,1998,71.5
170 MILITARY ROAD DOVER HEIGHTS,DOVER HEIGHTS,NSW,2030,28,1998,71.5
19 OCEANVIEW AVENUE DOVER HEIGHTS,DOVER HEIGHTS,NSW,2030,28,1998,71.5
79 BELLEVUE ROAD BELLEVUE HILL,BELLEVUE HILL,NSW,2023,28,1998,71.5
19 GILGANDRA ROAD NORTH BONDI,NORTH BONDI,NSW,2026,28,1998,71.5
17 ATTUNGA STREET WOOLLAHRA,WOOLLAHRA,NSW,2025,28,1998,71.5
45 CHATEAU CRESCENT ST CLAIR,ST CLAIR,NSW,2759,35,1991,71.5
19 OLD SOUTH HEAD ROAD VAUCLUSE,VAUCLUSE,NSW,2030,28,1998,71.5
6 TREBOR ROAD PENNANT HILLS,PENNANT HILLS,NSW,2120,28,1998,71.5
3X WARNE STREET PENNANT HILLS,PENNANT HILLS,NSW,2120,28,1998,71.5
91 VICTORIA ROAD WEST PENNANT HILLS,WEST PENNANT HILLS,NSW,2125,28,1998,71.5
131 BEECROFT ROAD BEECROFT,BEECROFT,NSW,2119,28,1998,71.5
34 BORONIA AVENUE CHELTENHAM,CHELTENHAM,NSW,2119,28,1998,71.5
12 FLEUR CLOSE WEST PENNANT HILLS,WEST PENNANT HILLS,NSW,2125,28,1998,71.5
190 EXCELSIOR AVENUE CASTLE HILL,CASTLE HILL,NSW,2154,28,1998,71.5
6 CANHAM CLOSE CASTLE HILL,CASTLE HILL,NSW,2154,28,1998,71.5
2-4 FEDERAL PARADE BROOKVALE,BROOKVALE,NSW,2100,28,1998,71.5
15A TORONTO AVENUE CROMER,CROMER,NSW,2099,28,1998,71.5
311 MONA VALE ROAD ST IVES,ST IVES,NSW,2075,28,1998,71.5
ATHENA AVENUE ST IVES,ST IVES,NSW,2075,28,1998,71.5
PATERSON ROAD YELLOW ROCK,YELLOW ROCK,NSW,2777,28,1998,71.5
55A LINKSVIEW ROAD SPRINGWOOD,SPRINGWOOD,NSW,2777,28,1998,71.5
2 FOREST GLEN DRIVE CRANEBROOK,CRANEBROOK,NSW,2749,28,1998,71.5
42 FLOREY CRESCENT SPRINGWOOD,SPRINGWOOD,NSW,2777,28,1998,71.5
80 ROSS CRESCENT BLAXLAND,BLAXLAND,NSW,2774,28,1998,71.5
206 FOREST WAY BELROSE,BELROSE,NSW,2085,28,1998,71.5
10 THE GREENWAY DUFFYS FOREST,FOREST,NSW,,28,1998,71.5
14 BILLYARD AVENUE WAHROONGA,WAHROONGA,NSW,2076,28,1998,71.5
6-18 BRIDGE ROAD HORNSBY,HORNSBY,NSW,2077,28,1998,71.5
41-43 BANKSIA ROAD CARINGBAH,CARINGBAH,NSW,2229,28,1998,71.4
9 MIRRABOOKA AVENUE STRATHFIELD,STRATHFIELD,NSW,2135,35,1991,71.4
33 CARLISLE STREET ROSE BAY,ROSE BAY,NSW,2029,35,1991,71.4
30 DAVID STREET MOSMAN,MOSMAN,NSW,2088,35,1991,71.4
3 WHITING BEACH ROAD MOSMAN,MOSMAN,NSW,2088,28,1998,71.4
6 STATION STREET GLENBROOK,GLENBROOK,NSW,2773,35,1991,71.4
4 ACER COURT CHERRYBROOK,CHERRYBROOK,NSW,2126,28,1998,71.4
4 BRAEMORE COURT CASTLE HILL,CASTLE HILL,NSW,2154,28,1998,71.4
172 KARIMBLA ROAD MIRANDA,MIRANDA,NSW,2228,28,1998,71.3
49 DOLANS ROAD WOOLOOWARE,WOOLOOWARE,NSW,2230,28,1998,71.3
77 ALBYN ROAD STRATHFIELD,STRATHFIELD,NSW,2135,28,1998,71.3
6-8 ELWIN STREET STRATHFIELD,STRATHFIELD,NSW,2135,28,1998,71.3
41 CHALMERS ROAD STRATHFIELD,STRATHFIELD,NSW,2135,28,1998,71.3
6 PORTLAND STREET DOVER HEIGHTS,DOVER HEIGHTS,NSW,2030,28,1998,71.3
21 ROSEMONT AVENUE WOOLLAHRA,WOOLLAHRA,NSW,2025,28,1998,71.3
4 COMET GLEN ST CLAIR,ST CLAIR,NSW,2759,28,1998,71.3
29A WOLSELEY ROAD MOSMAN,MOSMAN,NSW,2088,28,1998,71.3
22A BROOK ROAD GLENBROOK,GLENBROOK,NSW,2773,28,1998,71.3
38 LUCASVILLE ROAD GLENBROOK,GLENBROOK,NSW,2773,28,1998,71.3
23 DUER PLACE CHERRYBROOK,CHERRYBROOK,NSW,2126,28,1998,71.3
8 PARADISE CLOSE CHERRYBROOK,CHERRYBROOK,NSW,2126,28,1998,71.3
24 WELHAM STREET BEECROFT,BEECROFT,NSW,2119,28,1998,71.3
68 GEORGE MOBBS DRIVE CASTLE HILL,CASTLE HILL,NSW,2154,28,1998,71.3
11 TANGLEWOOD PLACE WEST PENNANT HILLS,WEST PENNANT HILLS,NSW,2125,28,1998,71.3
19 HIBISCUS PLACE CHERRYBROOK,CHERRYBROOK,NSW,2126,35,1991,71.3
4 MCNAMARA ROAD CROMER,CROMER,NSW,2099,28,1998,71.3
63 KENTHURST ROAD ST IVES,ST IVES,NSW,2075,28,1998,71.3
8 DURACK PLACE ST IVES,ST IVES,NSW,2075,28,1998,71.3
2 PITT STREET SPRINGWOOD,SPRINGWOOD,NSW,2777,28,1998,71.3
94 WARRAGAL ROAD TURRAMURRA,TURRAMURRA,NSW,2074,28,1998,71.3
57 ADA AVENUE WAHROONGA,WAHROONGA,NSW,2076,28,1998,71.3
81 MITCHELLS PASS BLAXLAND,BLAXLAND,NSW,2774,28,1998,71.3
71 PERISHER ROAD BEAUMONT HILLS,BEAUMONT HILLS,NSW,2155,35,1991,71.3
17 APPLETREE DRIVE CHERRYBROOK,CHERRYBROOK,NSW,2126,35,1991,71.3
7 HANCOCK DRIVE CHERRYBROOK,CHERRYBROOK,NSW,2126,28,1998,71.3
24 BOORALIE ROAD TERREY HILLS,TERREY HILLS,NSW,2084,35,1991,71.3
226 BOBBIN HEAD ROAD NORTH TURRAMURRA,NORTH TURRAMURRA,NSW,2074,28,1998,71.3
4 ROSSFORD AVENUE JANNALI,JANNALI,NSW,2226,28,1998,71.2
2 HENDY AVENUE PANANIA,PANANIA,NSW,2213,28,1998,71.2
129-131 COPELAND ROAD BEECROFT,BEECROFT,NSW,2119,28,1998,71.2
16 CLIFTON PLACE CHERRYBROOK,CHERRYBROOK,NSW,2126,28,1998,71.2
6 ILUKA PLACE ST IVES,ST IVES,NSW,2075,28,1998,71.2
12 PROTEA PLACE CHERRYBROOK,CHERRYBROOK,NSW,2126,28,1998,71.2
11 PARKWOOD CLOSE CASTLE HILL,CASTLE HILL,NSW,2154,28,1998,71.2
323 MCCARRS CREEK ROAD TERREY HILLS,TERREY HILLS,NSW,2084,28,1998,71.2
54 JOHNSTON PARADE SOUTH COOGEE,SOUTH COOGEE,NSW,2034,28,1998,71.1
59 PARK STREET CAMPSIE,CAMPSIE,NSW,2194,28,1998,71.1
113 HOMEBUSH ROAD STRATHFIELD,STRATHFIELD,NSW,2135,35,1991,71.1
55 ALBYN ROAD STRATHFIELD,STRATHFIELD,NSW,2135,40,1986,71.1
32 FRASER STREET STRATHFIELD,STRATHFIELD,NSW,2135,35,1991,71.1
118A BARKER ROAD STRATHFIELD,STRATHFIELD,NSW,2135,28,1998,71.1
63-65 DRUMALBYN ROAD BELLEVUE HILL,BELLEVUE HILL,NSW,2023,28,1998,71.1
5 ELLAMATTA AVENUE MOSMAN,MOSMAN,NSW,2088,28,1998,71.1
34 LINKSVIEW AVENUE LEONAY,LEONAY,NSW,2750,28,1998,71.1
22 TALLOWWOOD AVENUE CHERRYBROOK,CHERRYBROOK,NSW,2126,28,1998,71.1
70 MACQUARIE DRIVE CHERRYBROOK,CHERRYBROOK,NSW,2126,35,1991,71.1
6B LEE ROAD PENNANT HILLS,PENNANT HILLS,NSW,2120,28,1998,71.1
12 DOUGLAS STREET ST IVES,ST IVES,NSW,2075,28,1998,71.1
59 MELALEUCA DRIVE ST IVES,ST IVES,NSW,2075,28,1998,71.1
84 MEEKS CRESCENT FAULCONBRIDGE,FAULCONBRIDGE,NSW,2776,35,1991,71.1
29-31 WATKIN WOMBAT WAY FAULCONBRIDGE,FAULCONBRIDGE,NSW,2776,28,1998,71.1
86A WARRAGAL ROAD TURRAMURRA,TURRAMURRA,NSW,2074,28,1998,71.1
28 BANOOL AVENUE ST IVES,ST IVES,NSW,2075,35,1991,71.1
343 MONA VALE ROAD ST IVES,ST IVES,NSW,2075,28,1998,71.1
28-32 KINGSWAY CRONULLA,CRONULLA,NSW,2230,28,1998,71.0
445 HOMER STREET EARLWOOD,EARLWOOD,NSW,2206,28,1998,71.0
35A SUTHERLAND CRESCENT DARLING POINT,DARLING POINT,NSW,2027,28,1998,71.0
7 MARATHON ROAD DARLING POINT,DARLING POINT,NSW,2027,28,1998,71.0
9 ST MARKS ROAD DARLING POINT,DARLING POINT,NSW,2027,28,1998,71.0
22/2-6 ALBERT STREET EDGECLIFF,EDGECLIFF,NSW,2027,28,1998,71.0
14 JOHN STREET BLACKTOWN,BLACKTOWN,NSW,2148,28,1998,71.0
20-22 FAIRLIGHT STREET FAIRLIGHT,FAIRLIGHT,NSW,2094,28,1998,71.0
3 CASTLE HOWARD ROAD CHELTENHAM,CHELTENHAM,NSW,2119,28,1998,71.0
40 MARCELLA STREET NORTH EPPING,NORTH EPPING,NSW,2121,28,1998,71.0
324 MALTON ROAD NORTH EPPING,NORTH EPPING,NSW,2121,28,1998,71.0
5 SHEPHERDS DRIVE CHERRYBROOK,CHERRYBROOK,NSW,2126,28,1998,71.0
11 YANDERRA GROVE CHERRYBROOK,CHERRYBROOK,NSW,2126,35,1991,71.0
1/16 CASUARINA DRIVE CHERRYBROOK,CHERRYBROOK,NSW,2126,28,1998,71.0
20 WEARNE AVENUE PENNANT HILLS,PENNANT HILLS,NSW,2120,28,1998,71.0
3 ELDERBERRY PLACE CHERRYBROOK,CHERRYBROOK,NSW,2126,35,1991,71.0
370 PENNANT HILLS ROAD PENNANT HILLS,PENNANT HILLS,NSW,2120,28,1998,71.0
89 CASTLEWOOD DRIVE CASTLE HILL,CASTLE HILL,NSW,2154,28,1998,71.0
162 EXCELSIOR AVENUE CASTLE HILL,CASTLE HILL,NSW,2154,28,1998,71.0
10 ROSE AVENUE WHEELER HEIGHTS,WHEELER HEIGHTS,NSW,2097,28,1998,71.0
45 MARY STREET BEACON HILL,BEACON HILL,NSW,2100,28,1998,71.0
7 MURRAY ROAD FRESHWATER,FRESHWATER,NSW,2096,35,1991,71.0
24 ASHMORE AVENUE PYMBLE,PYMBLE,NSW,2073,28,1998,71.0
35 CARBEEN AVENUE ST IVES,ST IVES,NSW,2075,28,1998,71.0
2 THE GREENWAY DUFFYS FOREST,FOREST,NSW,,28,1998,71.0
27 HORNINGSEA PARK DRIVE HORNINGSEA PARK,HORNINGSEA PARK,NSW,2171,28,1998,70.9
2-12 EASTBOURNE ROAD DARLING POINT,DARLING POINT,NSW,2027,28,1998,70.9
9 KIRKOSWALD AVENUE MOSMAN,MOSMAN,NSW,2088,28,1998,70.9
DARLEY ROAD MANLY,MANLY,NSW,2095,28,1998,70.9
8 KENWYN CLOSE ST IVES,ST IVES,NSW,2075,35,1991,70.9
23 DULHUNTY COURT CRANEBROOK,CRANEBROOK,NSW,2749,35,1991,70.9
12 TEDDICK PLACE CHERRYBROOK,CHERRYBROOK,NSW,2126,35,1991,70.9
22 MURRELL PLACE DURAL,DURAL,NSW,2158,28,1998,70.9
16-18 JACARANDA ROAD CARINGBAH,CARINGBAH,NSW,2229,28,1998,70.8
106 KIORA ROAD MIRANDA,MIRANDA,NSW,2228,28,1998,70.8
40 ALBERT STREET REVESBY,REVESBY,NSW,2212,28,1998,70.8
8 MARINE PARADE MAROUBRA,MAROUBRA,NSW,2035,28,1998,70.8
27-29 AGNES STREET STRATHFIELD,STRATHFIELD,NSW,2135,28,1998,70.8
108 REDMYRE ROAD STRATHFIELD,STRATHFIELD,NSW,2135,28,1998,70.8
8 SUMMIT PLACE STRATHFIELD,STRATHFIELD,NSW,2135,28,1998,70.8
31 WENTWORTH STREET POINT PIPER,POINT PIPER,NSW,2027,28,1998,70.8
8 QUAMBI PLACE EDGECLIFF,EDGECLIFF,NSW,2027,28,1998,70.8
1 MARION CRESCENT LAPSTONE,LAPSTONE,NSW,2773,28,1998,70.8
1 TEKLA STREET WEST PENNANT HILLS,WEST PENNANT HILLS,NSW,2125,28,1998,70.8
6 HELEN COURT CASTLE HILL,CASTLE HILL,NSW,2154,35,1991,70.8
12 MACQUARIE STREET CROMER,CROMER,NSW,2099,28,1998,70.8
21 DELAWARE AVENUE ST IVES,ST IVES,NSW,2075,28,1998,70.8
7 WOODWARD PLACE ST IVES,ST IVES,NSW,2075,28,1998,70.8
65 BEE FARM ROAD SPRINGWOOD,SPRINGWOOD,NSW,2777,28,1998,70.8
16 KIMBARRA ROAD PYMBLE,PYMBLE,NSW,2073,28,1998,70.8
24 BOYNTON STREET BLAXLAND,BLAXLAND,NSW,2774,28,1998,70.8
7 FOLKESTONE PLACE DURAL,DURAL,NSW,2158,28,1998,70.8
12 RALEIGH CRESCENT ST IVES CHASE,ST IVES CHASE,NSW,2075,28,1998,70.8
70A BURNS ROAD WAHROONGA,WAHROONGA,NSW,2076,28,1998,70.8
12A WATER STREET WAHROONGA,WAHROONGA,NSW,2076,28,1998,70.8
6 HUON STREET NORTH WAHROONGA,NORTH WAHROONGA,NSW,2076,28,1998,70.8
144 JUNCTION LANE WAHROONGA,WAHROONGA,NSW,2076,28,1998,70.8
36 ILUKA AVENUE ELANORA HEIGHTS,ELANORA HEIGHTS,NSW,2101,28,1998,70.8
15 STACEY STREET CRONULLA,CRONULLA,NSW,2230,28,1998,70.7
25 GRENADA ROAD GLENFIELD,GLENFIELD,NSW,2167,28,1998,70.7
221 BRAIDWOOD DRIVE PRESTONS,PRESTONS,NSW,2170,28,1998,70.7
112 DOVER ROAD DOVER HEIGHTS,DOVER HEIGHTS,NSW,2030,35,1991,70.7
33 RUSSELL STREET VAUCLUSE,VAUCLUSE,NSW,2030,28,1998,70.7
190 RICHMOND ROAD BLACKTOWN,BLACKTOWN,NSW,2148,28,1998,70.7
10 VERONICA PLACE CHERRYBROOK,CHERRYBROOK,NSW,2126,28,1998,70.7
24 GUMNUT ROAD CHERRYBROOK,CHERRYBROOK,NSW,2126,28,1998,70.7
21 MARY ANN PLACE CHERRYBROOK,CHERRYBROOK,NSW,2126,35,1991,70.7
10 STONE COTTAGE COURT CASTLE HILL,CASTLE HILL,NSW,2154,35,1991,70.7
4 HUNTER WAY FAULCONBRIDGE,FAULCONBRIDGE,NSW,2776,35,1991,70.7
14 MARTHA CRESCENT CRANEBROOK,CRANEBROOK,NSW,2749,28,1998,70.7
53 FIREBALL AVENUE CRANEBROOK,CRANEBROOK,NSW,2749,28,1998,70.7
87 PERISHER ROAD BEAUMONT HILLS,BEAUMONT HILLS,NSW,2155,28,1998,70.7
15 CARBEEN ROAD WESTLEIGH,WESTLEIGH,NSW,2120,28,1998,70.7
11 HILLOAK COURT CASTLE HILL,CASTLE HILL,NSW,2154,28,1998,70.7
6 PINEVIEW PLACE DURAL,DURAL,NSW,2158,28,1998,70.7
21 HOTHAM ROAD GYMEA,GYMEA,NSW,2227,28,1998,70.6
18 KIRKBY PLACE MIRANDA,MIRANDA,NSW,2228,28,1998,70.6
10 VERONA RANGE COMO,COMO,NSW,2226,28,1998,70.6
50-52 REDMYRE ROAD STRATHFIELD,STRATHFIELD,NSW,2135,28,1998,70.6
33 SUTHERLAND CRESCENT DARLING POINT,DARLING POINT,NSW,2027,28,1998,70.6
37 THE AVENUE ROSE BAY,ROSE BAY,NSW,2029,28,1998,70.6
54 GLENAYR AVENUE NORTH BONDI,NORTH BONDI,NSW,2026,28,1998,70.6
65 DARLING POINT ROAD DARLING POINT,DARLING POINT,NSW,2027,28,1998,70.6
2 EDWARDS BAY ROAD MOSMAN,MOSMAN,NSW,2088,35,1991,70.6
3 CLIFFORD AVENUE THORNLEIGH,THORNLEIGH,NSW,2120,28,1998,70.6
5 PARKHILL CRESCENT CHERRYBROOK,CHERRYBROOK,NSW,2126,28,1998,70.6
18 BEECROFT ROAD BEECROFT,BEECROFT,NSW,2119,28,1998,70.6
23 CHISWICK PLACE CHERRYBROOK,CHERRYBROOK,NSW,2126,28,1998,70.6
3 MARCOALA PLACE ST IVES,ST IVES,NSW,2075,28,1998,70.6
19 EDWARD STREET GORDON,GORDON,NSW,2072,28,1998,70.6
46 TOROKINA AVENUE ST IVES,ST IVES,NSW,2075,28,1998,70.6
36 CAMBOURNE AVENUE ST IVES,ST IVES,NSW,2075,28,1998,70.6
5 ARONIA AVENUE ST IVES,ST IVES,NSW,2075,28,1998,70.6
6 JOALAH CLOSE ST IVES,ST IVES,NSW,2075,28,1998,70.6
9 SHAND CRESCENT TURRAMURRA,TURRAMURRA,NSW,2074,28,1998,70.6
9 EDWARD STREET GORDON,GORDON,NSW,2072,28,1998,70.6
63 WALKER STREET QUAKERS HILL,QUAKERS HILL,NSW,2763,28,1998,70.6
12 YOORANA PLACE CASTLE HILL,CASTLE HILL,NSW,2154,28,1998,70.6
44 MULYAN STREET COMO,COMO,NSW,2226,28,1998,70.5
2 ORTONA PARADE COMO,COMO,NSW,2226,28,1998,70.5
7-9 MEREDITH STREET HOMEBUSH,HOMEBUSH,NSW,2140,35,1991,70.5
48 GEORGE STREET DOVER HEIGHTS,DOVER HEIGHTS,NSW,2030,28,1998,70.5
1 OSBORNE ROAD MARAYONG,MARAYONG,NSW,2148,28,1998,70.5
42 MARCELLA STREET NORTH EPPING,NORTH EPPING,NSW,2121,28,1998,70.5
4 GLENOAK WAY CHERRYBROOK,CHERRYBROOK,NSW,2126,28,1998,70.5
25A BOWEN CLOSE CHERRYBROOK,CHERRYBROOK,NSW,2126,28,1998,70.5
14 WARRINA AVENUE BAULKHAM HILLS,BAULKHAM HILLS,NSW,2153,35,1991,70.5
70 PURCHASE ROAD CHERRYBROOK,CHERRYBROOK,NSW,2126,28,1998,70.5
9 GWYDIR AVENUE NORTH TURRAMURRA,NORTH TURRAMURRA,NSW,2074,35,1991,70.5
110 WORONORA RIVER WORONORA HEIGHTS,HEIGHTS,NSW,,28,1998,70.4
17 NULLABURRA ROAD CARINGBAH,CARINGBAH,NSW,2229,28,1998,70.4
50-52 URUNGA PARADE MIRANDA,MIRANDA,NSW,2228,28,1998,70.4
85-91 BRANSGROVE ROAD REVESBY,REVESBY,NSW,2212,28,1998,70.4
MARINE PARADE MAROUBRA,MAROUBRA,NSW,2035,28,1998,70.4
HOMEBUSH ROAD STRATHFIELD,STRATHFIELD,NSW,2135,28,1998,70.4
53 WALLIS AVENUE STRATHFIELD,STRATHFIELD,NSW,2135,35,1991,70.4
328 NEW SOUTH HEAD ROAD DOUBLE BAY,DOUBLE BAY,NSW,2028,28,1998,70.4
30A LANCASTER ROAD DOVER HEIGHTS,DOVER HEIGHTS,NSW,2030,28,1998,70.4
42 KAMBALA ROAD BELLEVUE HILL,BELLEVUE HILL,NSW,2023,28,1998,70.4
1 BLACK STREET VAUCLUSE,VAUCLUSE,NSW,2030,28,1998,70.4
WYLDE STREET POTTS POINT,POTTS POINT,NSW,2011,28,1998,70.4
15 BROOK ROAD GLENBROOK,GLENBROOK,NSW,2773,28,1998,70.4
207 BEECROFT ROAD CHELTENHAM,CHELTENHAM,NSW,2119,28,1998,70.4
18X WOODS STREET NORTH EPPING,NORTH EPPING,NSW,2121,28,1998,70.4
89-119 BOUNDARY ROAD NORTH EPPING,NORTH EPPING,NSW,2121,28,1998,70.4
MALTON ROAD NORTH EPPING,NORTH EPPING,NSW,2121,28,1998,70.4
3 TORRENS PLACE CHERRYBROOK,CHERRYBROOK,NSW,2126,35,1991,70.4
64/61 MACQUARIE DRIVE CHERRYBROOK,CHERRYBROOK,NSW,2126,28,1998,70.4
11 FRANKLIN ROAD CHERRYBROOK,CHERRYBROOK,NSW,2126,28,1998,70.4
2A GIRRALONG AVENUE BAULKHAM HILLS,BAULKHAM HILLS,NSW,2153,28,1998,70.4
76 BRUCEDALE DRIVE BAULKHAM HILLS,BAULKHAM HILLS,NSW,2153,35,1991,70.4
38 CASTLEWOOD DRIVE CASTLE HILL,CASTLE HILL,NSW,2154,28,1998,70.4
35 COONARA AVENUE WEST PENNANT HILLS,WEST PENNANT HILLS,NSW,2125,28,1998,70.4
1014 OXFORD FALLS ROAD OXFORD FALLS,OXFORD FALLS,NSW,2100,28,1998,70.4
PINDURO PLACE CROMER,CROMER,NSW,2099,28,1998,70.4
NORTHCOTT ROAD CROMER,CROMER,NSW,2099,28,1998,70.4
RALSTON AVENUE BELROSE,BELROSE,NSW,2085,28,1998,70.4
1 DOBELL PLACE ST IVES,ST IVES,NSW,2075,28,1998,70.4
56A TOROKINA AVENUE ST IVES,ST IVES,NSW,2075,28,1998,70.4
8 JUBILEE AVENUE PYMBLE,PYMBLE,NSW,2073,28,1998,70.4
100 BOORALIE ROAD TERREY HILLS,TERREY HILLS,NSW,2084,28,1998,70.4
3 MANOR ROAD HORNSBY,HORNSBY,NSW,2077,28,1998,70.4
LISTER STREET NORTH WAHROONGA,NORTH WAHROONGA,NSW,2076,28,1998,70.4
48 BUNDARRA AVENUE WAHROONGA,WAHROONGA,NSW,2076,28,1998,70.4
47 BUNDARRA AVENUE WAHROONGA,WAHROONGA,NSW,2076,28,1998,70.4
11-15 CURAGUL ROAD NORTH TURRAMURRA,NORTH TURRAMURRA,NSW,2074,28,1998,70.4
61 CLISSOLD ROAD WAHROONGA,WAHROONGA,NSW,2076,35,1991,70.4
6 BLUE GUM AVENUE GYMEA BAY,GYMEA BAY,NSW,2227,28,1998,70.3
26 WAY STREET KINGSGROVE,KINGSGROVE,NSW,2208,28,1998,70.3
57 BARKER ROAD STRATHFIELD,STRATHFIELD,NSW,2135,28,1998,70.3
116 WALLIS AVENUE STRATHFIELD,STRATHFIELD,NSW,2135,28,1998,70.3
53 CHALMERS ROAD STRATHFIELD,STRATHFIELD,NSW,2135,28,1998,70.3
152 HOMEBUSH ROAD STRATHFIELD,STRATHFIELD,NSW,2135,28,1998,70.3
141 HOMEBUSH ROAD STRATHFIELD,STRATHFIELD,NSW,2135,28,1998,70.3
13 ANGEL ROAD STRATHFIELD,STRATHFIELD,NSW,2135,28,1998,70.3
35 NICHOLSON STREET BURWOOD,BURWOOD,NSW,2134,28,1998,70.3
100 THE BOULEVARDE STRATHFIELD,STRATHFIELD,NSW,2135,28,1998,70.3
2 FLORENCE STREET STRATHFIELD,STRATHFIELD,NSW,2135,28,1998,70.3
19 WAKEFORD ROAD STRATHFIELD,STRATHFIELD,NSW,2135,28,1998,70.3
37-39 LINDSAY STREET BURWOOD,BURWOOD,NSW,2134,28,1998,70.3
21 WAKEFORD ROAD STRATHFIELD,STRATHFIELD,NSW,2135,28,1998,70.3
80 NICHOLSON STREET STRATHFIELD,STRATHFIELD,NSW,2135,28,1998,70.3
29 ALBYN ROAD STRATHFIELD,STRATHFIELD,NSW,2135,28,1998,70.3
32 WOODSIDE AVENUE STRATHFIELD,STRATHFIELD,NSW,2135,28,1998,70.3
54 BAREENA STREET STRATHFIELD,STRATHFIELD,NSW,2135,28,1998,70.3
17 WILSON STREET STRATHFIELD,STRATHFIELD,NSW,2135,28,1998,70.3
5 MELVILLE AVENUE STRATHFIELD,STRATHFIELD,NSW,2135,28,1998,70.3
2 BAREENA STREET STRATHFIELD,STRATHFIELD,NSW,2135,28,1998,70.3
1 BIRNAM GROVE STRATHFIELD,STRATHFIELD,NSW,2135,28,1998,70.3
47 BARKER ROAD STRATHFIELD,STRATHFIELD,NSW,2135,28,1998,70.3
37 HIGH STREET STRATHFIELD,STRATHFIELD,NSW,2135,28,1998,70.3
23 FITZGERALD CRESCENT STRATHFIELD,STRATHFIELD,NSW,2135,28,1998,70.3
10 FITZGERALD CRESCENT STRATHFIELD,STRATHFIELD,NSW,2135,28,1998,70.3
25 MYEE AVENUE STRATHFIELD,STRATHFIELD,NSW,2135,28,1998,70.3
2 LEICESTER AVENUE STRATHFIELD,STRATHFIELD,NSW,2135,28,1998,70.3
41 MINTARO AVENUE STRATHFIELD,STRATHFIELD,NSW,2135,28,1998,70.3
95 HOMEBUSH ROAD STRATHFIELD,STRATHFIELD,NSW,2135,28,1998,70.3
26 KINGSLAND ROAD STRATHFIELD,STRATHFIELD,NSW,2135,28,1998,70.3
81 RAMSAY STREET HABERFIELD,HABERFIELD,NSW,2045,28,1998,70.3
71 BAY STREET DOUBLE BAY,DOUBLE BAY,NSW,2028,28,1998,70.3
21 DUDLEY ROAD ROSE BAY,ROSE BAY,NSW,2029,28,1998,70.3
239 MILITARY ROAD DOVER HEIGHTS,DOVER HEIGHTS,NSW,2030,28,1998,70.3
40 CHAMBERLAIN AVENUE ROSE BAY,ROSE BAY,NSW,2029,28,1998,70.3
20 IAN STREET ROSE BAY,ROSE BAY,NSW,2029,28,1998,70.3
12 DUMARESQ ROAD ROSE BAY,ROSE BAY,NSW,2029,28,1998,70.3
66 GILBERT STREET DOVER HEIGHTS,DOVER HEIGHTS,NSW,2030,28,1998,70.3
12 BLACK STREET VAUCLUSE,VAUCLUSE,NSW,2030,28,1998,70.3
2A DALLEY AVENUE VAUCLUSE,VAUCLUSE,NSW,2030,28,1998,70.3
26 FARADAY AVENUE ROSE BAY,ROSE BAY,NSW,2029,28,1998,70.3
27 BURRAN AVENUE MOSMAN,MOSMAN,NSW,2088,28,1998,70.3
7 CLANALPINE STREET MOSMAN,MOSMAN,NSW,2088,28,1998,70.3
17 MIDDLE HEAD ROAD MOSMAN,MOSMAN,NSW,2088,28,1998,70.3
7 RALEIGH STREET DOVER HEIGHTS,DOVER HEIGHTS,NSW,2030,28,1998,70.3
9 CAMBRIDGE AVENUE VAUCLUSE,VAUCLUSE,NSW,2030,28,1998,70.3
74 MACQUARIE DRIVE CHERRYBROOK,CHERRYBROOK,NSW,2126,28,1998,70.3
43 MACQUARIE DRIVE CHERRYBROOK,CHERRYBROOK,NSW,2126,28,1998,70.3
51 YANDERRA GROVE CHERRYBROOK,CHERRYBROOK,NSW,2126,28,1998,70.3
29 MCCUSKER CRESCENT CHERRYBROOK,CHERRYBROOK,NSW,2126,28,1998,70.3
22 MAYBUSH PLACE CHERRYBROOK,CHERRYBROOK,NSW,2126,28,1998,70.3
15A CHERRYBROOK ROAD WEST PENNANT HILLS,WEST PENNANT HILLS,NSW,2125,28,1998,70.3
39 CEDARWOOD DRIVE CHERRYBROOK,CHERRYBROOK,NSW,2126,28,1998,70.3
2 BEECROFT ROAD PENNANT HILLS,PENNANT HILLS,NSW,2120,28,1998,70.3
12 BAYDON STREET CASTLE HILL,CASTLE HILL,NSW,2154,28,1998,70.3
1 ARMIDALE CRESCENT CASTLE HILL,CASTLE HILL,NSW,2154,28,1998,70.3
31 TORNADO CRESCENT CRANEBROOK,CRANEBROOK,NSW,2749,28,1998,70.3
14 GRAYS LANE CRANEBROOK,CRANEBROOK,NSW,2749,28,1998,70.3
116-118 GREAT WESTERN HIGHWAY BLAXLAND,BLAXLAND,NSW,2774,28,1998,70.3
5 MELISSA PLACE CHERRYBROOK,CHERRYBROOK,NSW,2126,28,1998,70.3
11 WYLLIE PLACE CHERRYBROOK,CHERRYBROOK,NSW,2126,28,1998,70.3
185A KINGSWAY WOOLOOWARE,WOOLOOWARE,NSW,2230,28,1998,70.2
21 FIRST STREET ASHBURY,ASHBURY,NSW,2193,28,1998,70.2
15 HOLLYDENE CRESCENT EDENSOR PARK,EDENSOR PARK,NSW,2176,28,1998,70.2
67 HIGH STREET STRATHFIELD,STRATHFIELD,NSW,2135,35,1991,70.2
34 NEWTON ROAD STRATHFIELD,STRATHFIELD,NSW,2135,28,1998,70.2
41 WILLIAM STREET DOUBLE BAY,DOUBLE BAY,NSW,2028,28,1998,70.2
268-280 OXFORD STREET BONDI JUNCTION,BONDI JUNCTION,NSW,2022,28,1998,70.2
2/36 PRINCE ALBERT STREET MOSMAN,MOSMAN,NSW,2088,28,1998,70.2
19 FINLAY AVENUE BEECROFT,BEECROFT,NSW,2119,28,1998,70.2
147A NORFOLK ROAD NORTH EPPING,NORTH EPPING,NSW,2121,28,1998,70.2
48 CEDARWOOD DRIVE CHERRYBROOK,CHERRYBROOK,NSW,2126,35,1991,70.2
27 COPPERLEAF WAY CASTLE HILL,CASTLE HILL,NSW,2154,28,1998,70.2
7 ARONIA AVENUE ST IVES,ST IVES,NSW,2075,28,1998,70.2
1 CALLISTO DRIVE CRANEBROOK,CRANEBROOK,NSW,2749,35,1991,70.2
15 KANANGRA CRESCENT CHERRYBROOK,CHERRYBROOK,NSW,2126,35,1991,70.2
10 STONECROP ROAD NORTH TURRAMURRA,NORTH TURRAMURRA,NSW,2074,28,1998,70.2
2-2A PARK STREET CLOVELLY,CLOVELLY,NSW,2031,28,1998,70.1
2 MINNA STREET BURWOOD,BURWOOD,NSW,2134,28,1998,70.1
4 GELLING AVENUE STRATHFIELD,STRATHFIELD,NSW,2135,28,1998,70.1
5 WOODSIDE AVENUE BURWOOD,BURWOOD,NSW,2134,28,1998,70.1
47 HIGHGATE STREET STRATHFIELD,STRATHFIELD,NSW,2135,28,1998,70.1
59 BROUGHTON ROAD STRATHFIELD,STRATHFIELD,NSW,2135,28,1998,70.1
17 HOMEBUSH ROAD STRATHFIELD,STRATHFIELD,NSW,2135,28,1998,70.1
29-31 SUTHERLAND CRESCENT DARLING POINT,DARLING POINT,NSW,2027,28,1998,70.1
246 OLD SOUTH HEAD ROAD VAUCLUSE,VAUCLUSE,NSW,2030,28,1998,70.1
20 SHADFORTH STREET MOSMAN,MOSMAN,NSW,2088,28,1998,70.1
11 ALLERTON ROAD BEECROFT,BEECROFT,NSW,2119,28,1998,70.1
36 MARCELLA STREET NORTH EPPING,NORTH EPPING,NSW,2121,28,1998,70.1
21 NIRIMBA AVENUE NORTH EPPING,NORTH EPPING,NSW,2121,28,1998,70.1
9 GUMNUT ROAD CHERRYBROOK,CHERRYBROOK,NSW,2126,28,1998,70.1
35 ROSSIAN PLACE CHERRYBROOK,CHERRYBROOK,NSW,2126,28,1998,70.1
15 BEAHAN PLACE CHERRYBROOK,CHERRYBROOK,NSW,2126,28,1998,70.1
1 DEVLIN ROAD NORTH EPPING,NORTH EPPING,NSW,2121,28,1998,70.1
26 HUNTINGDALE CIRCLE CASTLE HILL,CASTLE HILL,NSW,2154,28,1998,70.1
111 DAVID ROAD CASTLE HILL,CASTLE HILL,NSW,2154,28,1998,70.1
46 WABASH AVENUE CROMER,CROMER,NSW,2099,28,1998,70.1
26 BANOOL AVENUE ST IVES,ST IVES,NSW,2075,28,1998,70.1
17 TORRES PLACE ST IVES,ST IVES,NSW,2075,28,1998,70.1
102 CRANE PLACE CRANEBROOK,CRANEBROOK,NSW,2749,28,1998,70.1
37 FERNDALE ROAD NORMANHURST,NORMANHURST,NSW,2076,35,1991,70.1
2 CAPE PLACE CHERRYBROOK,CHERRYBROOK,NSW,2126,28,1998,70.1
35 ILLOURA AVENUE WAHROONGA,WAHROONGA,NSW,2076,28,1998,70.1
5 DALTON ROAD ST IVES CHASE,ST IVES CHASE,NSW,2075,28,1998,70.1
17 CUZCO STREET SOUTH COOGEE,SOUTH COOGEE,NSW,2034,28,1998,70.0
18 KOBADA ROAD DOVER HEIGHTS,DOVER HEIGHTS,NSW,2030,28,1998,70.0
22 DERBY STREET VAUCLUSE,VAUCLUSE,NSW,2030,28,1998,70.0
18-30 HOSKING STREET CRANEBROOK,CRANEBROOK,NSW,2749,28,1998,70.0
RENOWN ROAD BAULKHAM HILLS,BAULKHAM HILLS,NSW,2153,28,1998,70.0
15 ARMIDALE CRESCENT CASTLE HILL,CASTLE HILL,NSW,2154,28,1998,70.0
19 SNUGGLEPOT DRIVE FAULCONBRIDGE,FAULCONBRIDGE,NSW,2776,35,1991,70.0
2R ALEXANDER AVENUE TAREN POINT,TAREN POINT,NSW,2229,28,1998,69.9
26-28 BIRNAM GROVE STRATHFIELD,STRATHFIELD,NSW,2135,28,1998,69.9
104 WALLIS AVENUE STRATHFIELD,STRATHFIELD,NSW,2135,28,1998,69.9
16 ALBYN ROAD STRATHFIELD,STRATHFIELD,NSW,2135,28,1998,69.9
2 HENRIETTA STREET DOUBLE BAY,DOUBLE BAY,NSW,2028,28,1998,69.9
16 TIVOLI AVENUE ROSE BAY,ROSE BAY,NSW,2029,28,1998,69.9
13 EDWARD STREET BONDI BEACH,BONDI BEACH,NSW,2026,28,1998,69.9
8 ARABANOO STREET SEAFORTH,SEAFORTH,NSW,2092,28,1998,69.9
2 CABBAN STREET MOSMAN,MOSMAN,NSW,2088,35,1991,69.9
3 OYAMA AVENUE MANLY,MANLY,NSW,2095,28,1998,69.9
30 CHELTENHAM ROAD CHELTENHAM,CHELTENHAM,NSW,2119,28,1998,69.9
5 HOLLY ROAD CHERRYBROOK,CHERRYBROOK,NSW,2126,28,1998,69.9
1 BEAHAN PLACE CHERRYBROOK,CHERRYBROOK,NSW,2126,28,1998,69.9
25 CHAPMAN AVENUE BEECROFT,BEECROFT,NSW,2119,28,1998,69.9
201B BEECROFT ROAD CHELTENHAM,CHELTENHAM,NSW,2119,28,1998,69.9
4 COPPERLEAF PLACE CASTLE HILL,CASTLE HILL,NSW,2154,28,1998,69.9
9 JANICE PLACE CHERRYBROOK,CHERRYBROOK,NSW,2126,28,1998,69.9
69 MACKILLOP DRIVE BAULKHAM HILLS,BAULKHAM HILLS,NSW,2153,28,1998,69.9
1 CRUMMOCK STREET WHEELER HEIGHTS,WHEELER HEIGHTS,NSW,2097,28,1998,69.9
308 MONA VALE ROAD ST IVES,ST IVES,NSW,2075,28,1998,69.9
23 MAUNDER AVENUE ST IVES,ST IVES,NSW,2075,28,1998,69.9
137 OAKS AVENUE DEE WHY,DEE WHY,NSW,2099,28,1998,69.9
46 BOUNDARY ROAD NORTH EPPING,NORTH EPPING,NSW,2121,28,1998,69.9
25 TIMOTHY CLOSE CHERRYBROOK,CHERRYBROOK,NSW,2126,28,1998,69.9
4 JONATHON PLACE CHERRYBROOK,CHERRYBROOK,NSW,2126,28,1998,69.9
24 CAROB PLACE CHERRYBROOK,CHERRYBROOK,NSW,2126,28,1998,69.9
9 TANBARK PLACE DURAL,DURAL,NSW,2158,28,1998,69.9
6/108 WARRIMOO AVENUE ST IVES CHASE,ST IVES CHASE,NSW,2075,28,1998,69.9
20 DAMEELI AVENUE KIRRAWEE,KIRRAWEE,NSW,2232,28,1998,69.8
63 HAWKESBURY ESPLANADE SYLVANIA WATERS,SYLVANIA WATERS,NSW,2224,28,1998,69.8
9 STRATHFIELD AVENUE STRATHFIELD,STRATHFIELD,NSW,2135,28,1998,69.8
1 NEW BEACH ROAD DARLING POINT,DARLING POINT,NSW,2027,28,1998,69.8
613 OLD SOUTH HEAD ROAD ROSE BAY,ROSE BAY,NSW,2029,28,1998,69.8
19 EBSWORTH ROAD ROSE BAY,ROSE BAY,NSW,2029,28,1998,69.8
271-275 BOURKE STREET DARLINGHURST,DARLINGHURST,NSW,2010,28,1998,69.8
14A BICKELL ROAD MOSMAN,MOSMAN,NSW,2088,28,1998,69.8
97 RAGLAN STREET MOSMAN,MOSMAN,NSW,2088,28,1998,69.8
6 LAPSTONE PLACE LEONAY,LEONAY,NSW,2750,28,1998,69.8
15 IRRIBIN STREET MARAYONG,MARAYONG,NSW,2148,28,1998,69.8
5 VERONICA PLACE CHERRYBROOK,CHERRYBROOK,NSW,2126,28,1998,69.8
62 TALLOWWOOD AVENUE CHERRYBROOK,CHERRYBROOK,NSW,2126,28,1998,69.8
26 SHEPHERDS DRIVE CHERRYBROOK,CHERRYBROOK,NSW,2126,28,1998,69.8
28 MYSON DRIVE CHERRYBROOK,CHERRYBROOK,NSW,2126,28,1998,69.8
47 FAIRMONT AVENUE NORWEST,NORWEST,NSW,2153,28,1998,69.8
34 CONNAUGHT STREET NARRAWEENA,NARRAWEENA,NSW,2099,28,1998,69.8
313 MONA VALE ROAD ST IVES,ST IVES,NSW,2075,28,1998,69.8
5 HANLAN STREET CRANEBROOK,CRANEBROOK,NSW,2749,28,1998,69.8
35 THE SERPENTINE KENSINGTON,KENSINGTON,NSW,2033,28,1998,69.7
9 NYMBOIDA STREET SOUTH COOGEE,SOUTH COOGEE,NSW,2034,28,1998,69.7
4 CENTENNIAL AVENUE RANDWICK,RANDWICK,NSW,2031,28,1998,69.7
51 BOYCE ROAD MAROUBRA,MAROUBRA,NSW,2035,28,1998,69.7
188A FOWLER ROAD GUILDFORD,GUILDFORD,NSW,2161,28,1998,69.7
42 WOODSIDE AVENUE STRATHFIELD,STRATHFIELD,NSW,2135,28,1998,69.7
17 WOODWARD AVENUE STRATHFIELD,STRATHFIELD,NSW,2135,28,1998,69.7
5 COTSWOLD ROAD STRATHFIELD,STRATHFIELD,NSW,2135,28,1998,69.7
40 WILLIAM STREET ASHFIELD,ASHFIELD,NSW,2131,28,1998,69.7
1 YARRANABBE ROAD DARLING POINT,DARLING POINT,NSW,2027,28,1998,69.7
75 ELIZABETH BAY ROAD ELIZABETH BAY,ELIZABETH BAY,NSW,2011,28,1998,69.7
59 PORTLAND STREET DOVER HEIGHTS,DOVER HEIGHTS,NSW,2030,28,1998,69.7
750 NEW SOUTH HEAD ROAD ROSE BAY,ROSE BAY,NSW,2029,28,1998,69.7
14 OCEANVIEW AVENUE VAUCLUSE,VAUCLUSE,NSW,2030,28,1998,69.7
1/36 MITCHELL STREET NORTH BONDI,NORTH BONDI,NSW,2026,28,1998,69.7
22 PATTERSON STREET NORTH BONDI,NORTH BONDI,NSW,2026,28,1998,69.7
111 HOPETOUN AVENUE VAUCLUSE,VAUCLUSE,NSW,2030,28,1998,69.7
436 OXFORD STREET PADDINGTON,PADDINGTON,NSW,2021,28,1998,69.7
10A MCLAREN GROVE ST CLAIR,ST CLAIR,NSW,2759,28,1998,69.7
19 KILLARNEY STREET MOSMAN,MOSMAN,NSW,2088,28,1998,69.7
134 MURRIVERIE ROAD NORTH BONDI,NORTH BONDI,NSW,2026,28,1998,69.7
54 EMU ROAD GLENBROOK,GLENBROOK,NSW,2773,28,1998,69.7
38 THE CRESCENT FAIRLIGHT,FAIRLIGHT,NSW,2094,28,1998,69.7
8 NUNDA CLOSE PENNANT HILLS,PENNANT HILLS,NSW,2120,28,1998,69.7
2/358 PENNANT HILLS ROAD PENNANT HILLS,PENNANT HILLS,NSW,2120,28,1998,69.7
29 KOOKABURRA PLACE WEST PENNANT HILLS,WEST PENNANT HILLS,NSW,2125,28,1998,69.7
67B CAMBEWARRA AVENUE CASTLE HILL,CASTLE HILL,NSW,2154,28,1998,69.7
12 CHISWICK PLACE CHERRYBROOK,CHERRYBROOK,NSW,2126,28,1998,69.7
30 BASSETT PLACE CASTLE HILL,CASTLE HILL,NSW,2154,35,1991,69.7
140 BANTRY BAY ROAD FRENCHS FOREST,FRENCHS FOREST,NSW,2086,28,1998,69.7
9 BINNOWEE AVENUE ST IVES,ST IVES,NSW,2075,28,1998,69.7
1A SURREY AVENUE COLLAROY,COLLAROY,NSW,2097,28,1998,69.7
31 PYMBLE AVENUE PYMBLE,PYMBLE,NSW,2073,28,1998,69.7
4 HOYA PLACE CHERRYBROOK,CHERRYBROOK,NSW,2126,35,1991,69.7
9 MONTEREY STREET ST IVES,ST IVES,NSW,2075,28,1998,69.7
6 CAROL AVENUE JANNALI,JANNALI,NSW,2226,28,1998,69.6
9 BADGERY AVENUE HOMEBUSH,HOMEBUSH,NSW,2140,28,1998,69.6
319-321 LIVERPOOL ROAD STRATHFIELD,STRATHFIELD,NSW,2135,28,1998,69.6
45 LLANDILO AVENUE STRATHFIELD,STRATHFIELD,NSW,2135,28,1998,69.6
33 OCEAN AVENUE DOUBLE BAY,DOUBLE BAY,NSW,2028,28,1998,69.6
794-796 NEW SOUTH HEAD ROAD ROSE BAY,ROSE BAY,NSW,2029,28,1998,69.6
18 WALLANGRA ROAD DOVER HEIGHTS,DOVER HEIGHTS,NSW,2030,28,1998,69.6
50 BROWN STREET PENRITH,PENRITH,NSW,2750,28,1998,69.6
173 NEW LINE ROAD CHERRYBROOK,CHERRYBROOK,NSW,2126,28,1998,69.6
22 BENEDICTINE PLACE CHERRYBROOK,CHERRYBROOK,NSW,2126,28,1998,69.6
11 THORN STREET PENNANT HILLS,PENNANT HILLS,NSW,2120,28,1998,69.6
27 BOYD AVENUE WEST PENNANT HILLS,WEST PENNANT HILLS,NSW,2125,28,1998,69.6
7 LOCKERBIE ROAD THORNLEIGH,THORNLEIGH,NSW,2120,28,1998,69.6
11 MIRETTA PLACE CASTLE HILL,CASTLE HILL,NSW,2154,28,1998,69.6
14 BELLWOOD PLACE CASTLE HILL,CASTLE HILL,NSW,2154,28,1998,69.6
10 PHOENIX CLOSE CASTLE HILL,CASTLE HILL,NSW,2154,28,1998,69.6
33 MILLCROFT WAY BEAUMONT HILLS,BEAUMONT HILLS,NSW,2155,35,1991,69.6
84 SHEPHERDS DRIVE CHERRYBROOK,CHERRYBROOK,NSW,2126,28,1998,69.6
28 KANANGRA CRESCENT CHERRYBROOK,CHERRYBROOK,NSW,2126,28,1998,69.6
87 PURCHASE ROAD CHERRYBROOK,CHERRYBROOK,NSW,2126,28,1998,69.6
20 JENNER ROAD DURAL,DURAL,NSW,2158,28,1998,69.6
4 GLENWOOD CLOSE WAHROONGA,WAHROONGA,NSW,2076,35,1991,69.6
1/469-471 PRESIDENT AVENUE KIRRAWEE,KIRRAWEE,NSW,2232,28,1998,69.5
88-92 YATHONG ROAD CARINGBAH,CARINGBAH,NSW,2229,28,1998,69.5
119 ALBERT ROAD STRATHFIELD,STRATHFIELD,NSW,2135,28,1998,69.5
5 VICTORIA STREET STRATHFIELD,STRATHFIELD,NSW,2135,28,1998,69.5
13 PEMBERTON STREET STRATHFIELD,STRATHFIELD,NSW,2135,28,1998,69.5
29-21 GRANTHAM STREET BURWOOD,BURWOOD,NSW,2134,28,1998,69.5
2 COLLEGE STREET SYDNEY,SYDNEY,NSW,2000,28,1998,69.5
73A VICTORIA ROAD BELLEVUE HILL,BELLEVUE HILL,NSW,2023,28,1998,69.5
10 AMAROO CRESCENT MOSMAN,MOSMAN,NSW,2088,28,1998,69.5
138 HOPETOUN AVENUE VAUCLUSE,VAUCLUSE,NSW,2030,28,1998,69.5
12 WARWICK STREET PENRITH,PENRITH,NSW,2750,28,1998,69.5
8 WOODVILLE STREET GLENBROOK,GLENBROOK,NSW,2773,28,1998,69.5
80 BOUNDARY ROAD NORTH EPPING,NORTH EPPING,NSW,2121,28,1998,69.5
76 FRANCIS GREENWAY DRIVE CHERRYBROOK,CHERRYBROOK,NSW,2126,28,1998,69.5
69-85X SHEPHERDS DRIVE CHERRYBROOK,CHERRYBROOK,NSW,2126,28,1998,69.5
11 WELHAM STREET BEECROFT,BEECROFT,NSW,2119,28,1998,69.5
86 PARSONAGE ROAD CASTLE HILL,CASTLE HILL,NSW,2154,28,1998,69.5
3 FITZPATRICK AVENUE WEST FRENCHS FOREST,WEST FRENCHS FOREST,NSW,,28,1998,69.5
35 MEMORIAL AVENUE ST IVES,ST IVES,NSW,2075,28,1998,69.5
57 AVON ROAD PYMBLE,PYMBLE,NSW,2073,35,1991,69.5
BOUNDARY ROAD NORTH WAHROONGA,NORTH WAHROONGA,NSW,2076,28,1998,69.5
34 HUON STREET NORTH WAHROONGA,NORTH WAHROONGA,NSW,2076,28,1998,69.5
23 UTINGU PLACE BAYVIEW,BAYVIEW,NSW,2104,28,1998,69.5
35-39 WARATAH STREET KIRRAWEE,KIRRAWEE,NSW,2232,28,1998,69.4
17 CARRAMAR CRESCENT MIRANDA,MIRANDA,NSW,2228,28,1998,69.4
305 EVELYN STREET MACQUARIE FIELDS,MACQUARIE FIELDS,NSW,2564,28,1998,69.4
67 SPRINGMEAD DRIVE DENHAM COURT,,NSW,,28,1998,69.4
6 WEST STREET STRATHFIELD,STRATHFIELD,NSW,2135,28,1998,69.4
54 LLANDILO AVENUE STRATHFIELD,STRATHFIELD,NSW,2135,28,1998,69.4
22 FLORENCE STREET STRATHFIELD,STRATHFIELD,NSW,2135,28,1998,69.4
109 HOMEBUSH ROAD STRATHFIELD,STRATHFIELD,NSW,2135,28,1998,69.4
69 AUGUSTA STREET STRATHFIELD,STRATHFIELD,NSW,2135,28,1998,69.4
606 LIVERPOOL ROAD STRATHFIELD SOUTH,STRATHFIELD SOUTH,NSW,2136,28,1998,69.4
5 ARTHUR STREET STRATHFIELD,STRATHFIELD,NSW,2135,28,1998,69.4
15 HEDGES AVENUE STRATHFIELD,STRATHFIELD,NSW,2135,28,1998,69.4
32 SHAFTESBURY ROAD BURWOOD,BURWOOD,NSW,2134,28,1998,69.4
85 CANN STREET BASS HILL,BASS HILL,NSW,2197,28,1998,69.4
MITCHELL ROAD DARLING POINT,DARLING POINT,NSW,2027,28,1998,69.4
10A TIVOLI AVENUE ROSE BAY,ROSE BAY,NSW,2029,28,1998,69.4
336 MILITARY ROAD VAUCLUSE,VAUCLUSE,NSW,2030,28,1998,69.4
9 WELLINGTON STREET WOOLLAHRA,WOOLLAHRA,NSW,2025,28,1998,69.4
QUARRY STREET PADDINGTON,PADDINGTON,NSW,2021,28,1998,69.4
76-78 WENTWORTH ROAD VAUCLUSE,VAUCLUSE,NSW,2030,28,1998,69.4
1 AVENUE ROAD MOSMAN,MOSMAN,NSW,2088,28,1998,69.4
425 RESERVOIR ROAD PROSPECT,PROSPECT,NSW,2148,28,1998,69.4
ALEXANDER AVENUE MOSMAN,MOSMAN,NSW,2088,28,1998,69.4
15 BELMONT ROAD MOSMAN,MOSMAN,NSW,2088,28,1998,69.4
1 BEACONSFIELD ROAD MOSMAN,MOSMAN,NSW,2088,28,1998,69.4
6 KENT ROAD ROSE BAY,ROSE BAY,NSW,2029,28,1998,69.4
4 OLYMPIC PLACE DOONSIDE,DOONSIDE,NSW,2767,28,1998,69.4
29 TALLOWWOOD AVENUE CHERRYBROOK,CHERRYBROOK,NSW,2126,28,1998,69.4
23-29 WEEMALA ROAD PENNANT HILLS,PENNANT HILLS,NSW,2120,28,1998,69.4
4 GWYNELLEN PLACE CHERRYBROOK,CHERRYBROOK,NSW,2126,28,1998,69.4
111X BEECROFT ROAD BEECROFT,BEECROFT,NSW,2119,28,1998,69.4
11X-14X MARY STREET BEECROFT,BEECROFT,NSW,2119,28,1998,69.4
76 THE CRESCENT CHELTENHAM,CHELTENHAM,NSW,2119,28,1998,69.4
7 PEARCE STREET BAULKHAM HILLS,BAULKHAM HILLS,NSW,2153,28,1998,69.4
27 SANCTUARY POINT ROAD WEST PENNANT HILLS,WEST PENNANT HILLS,NSW,2125,28,1998,69.4
15 JORDANA PLACE CASTLE HILL,CASTLE HILL,NSW,2154,28,1998,69.4
77 CRANE ROAD CASTLE HILL,CASTLE HILL,NSW,2154,28,1998,69.4
18-20 PEARCE STREET BAULKHAM HILLS,BAULKHAM HILLS,NSW,2153,28,1998,69.4
139A CECIL AVENUE CASTLE HILL,CASTLE HILL,NSW,2154,28,1998,69.4
27 BOLDREWOOD PLACE CHERRYBROOK,CHERRYBROOK,NSW,2126,28,1998,69.4
10 HIGHS ROAD WEST PENNANT HILLS,WEST PENNANT HILLS,NSW,2125,28,1998,69.4
20 MARGARET STREET BEACON HILL,BEACON HILL,NSW,2100,28,1998,69.4
11 JEFFERSON AVENUE ST IVES,ST IVES,NSW,2075,28,1998,69.4
99 CHAPMAN PARADE FAULCONBRIDGE,FAULCONBRIDGE,NSW,2776,28,1998,69.4
30 NEREID ROAD CRANEBROOK,CRANEBROOK,NSW,2749,28,1998,69.4
1 SOLING CRESCENT CRANEBROOK,CRANEBROOK,NSW,2749,28,1998,69.4
924 PACIFIC HIGHWAY GORDON,GORDON,NSW,2072,28,1998,69.4
10 CLIFFORD STREET GORDON,GORDON,NSW,2072,28,1998,69.4
37 BRUCE ROAD GLENBROOK,GLENBROOK,NSW,2773,28,1998,69.4
42 BEECHWOOD PARADE CHERRYBROOK,CHERRYBROOK,NSW,2126,28,1998,69.4
2R HOTHAM ROAD KIRRAWEE,KIRRAWEE,NSW,2232,28,1998,69.3
1-5 GERRALE STREET CRONULLA,CRONULLA,NSW,2230,28,1998,69.3
333 PORT HACKING ROAD MIRANDA,MIRANDA,NSW,2228,28,1998,69.3
41 BUCHANAN AVENUE BONNET BAY,BONNET BAY,NSW,2226,28,1998,69.3
1A STRATHYRE DRIVE PRESTONS,PRESTONS,NSW,2170,28,1998,69.3
44 FOWLER CRESCENT MAROUBRA,MAROUBRA,NSW,2035,28,1998,69.3
23 BARINGA ROAD EARLWOOD,EARLWOOD,NSW,2206,28,1998,69.3
53 ROCHESTER STREET HOMEBUSH,HOMEBUSH,NSW,2140,28,1998,69.3
4 WARATAH STREET RUSHCUTTERS BAY,RUSHCUTTERS BAY,NSW,2011,28,1998,69.3
211 MILITARY ROAD DOVER HEIGHTS,DOVER HEIGHTS,NSW,2030,28,1998,69.3
16A OWEN STREET NORTH BONDI,NORTH BONDI,NSW,2026,28,1998,69.3
14 LESLIE ROAD GLENBROOK,GLENBROOK,NSW,2773,28,1998,69.3
16 ELDER AVENUE BAULKHAM HILLS,BAULKHAM HILLS,NSW,2153,28,1998,69.3
5 GILBERT PLACE FRENCHS FOREST,FRENCHS FOREST,NSW,2086,35,1991,69.3
1 WIRRA CLOSE ST IVES,ST IVES,NSW,2075,28,1998,69.3
8 TAUNTON STREET PYMBLE,PYMBLE,NSW,2073,28,1998,69.3
6 LINDEN AVENUE PYMBLE,PYMBLE,NSW,2073,28,1998,69.3
328 MALTON ROAD NORTH EPPING,NORTH EPPING,NSW,2121,28,1998,69.3
7 GARRICK ROAD ST IVES,ST IVES,NSW,2075,28,1998,69.3
134 YELLOW ROCK ROAD YELLOW ROCK,YELLOW ROCK,NSW,2777,28,1998,69.3
2 ROMA ROAD ST IVES,ST IVES,NSW,2075,28,1998,69.3
11X JOYCE PLACE DURAL,DURAL,NSW,2158,28,1998,69.3
46 CABER CLOSE DURAL,DURAL,NSW,2158,28,1998,69.3
22 SHERBROOK ROAD HORNSBY,HORNSBY,NSW,2077,28,1998,69.3
WAHROONGA AVENUE WAHROONGA,WAHROONGA,NSW,2076,28,1998,69.3
27 CLEVELAND STREET WAHROONGA,WAHROONGA,NSW,2076,28,1998,69.3
70 PRINCE CHARLES PARADE KURNELL,KURNELL,NSW,2231,28,1998,69.2
8-8A BALFOUR ROAD KENSINGTON,KENSINGTON,NSW,2033,28,1998,69.2
15 BATES STREET STRATHFIELD,STRATHFIELD,NSW,2135,28,1998,69.2
102 REDMYRE ROAD STRATHFIELD,STRATHFIELD,NSW,2135,28,1998,69.2
14 AGNES STREET STRATHFIELD,STRATHFIELD,NSW,2135,28,1998,69.2
49 WOODSIDE AVENUE STRATHFIELD,STRATHFIELD,NSW,2135,28,1998,69.2
53 WOODSIDE AVENUE STRATHFIELD,STRATHFIELD,NSW,2135,28,1998,69.2
109 ALBERT ROAD STRATHFIELD,STRATHFIELD,NSW,2135,28,1998,69.2
6 FRASER STREET HOMEBUSH,HOMEBUSH,NSW,2140,28,1998,69.2
3 PALOMAR PARADE FRESHWATER,FRESHWATER,NSW,2096,28,1998,69.2
29 BAMBARA CRESCENT BEECROFT,BEECROFT,NSW,2119,21,2005,69.2
132 BOUNDARY ROAD NORTH EPPING,NORTH EPPING,NSW,2121,28,1998,69.2
204 MALTON ROAD NORTH EPPING,NORTH EPPING,NSW,2121,28,1998,69.2
6 MASON AVENUE CHELTENHAM,CHELTENHAM,NSW,2119,28,1998,69.2
27 WALSH AVENUE CASTLE HILL,CASTLE HILL,NSW,2154,28,1998,69.2
79 GUMNUT ROAD CHERRYBROOK,CHERRYBROOK,NSW,2126,28,1998,69.2
8 FERNBANK PLACE CHERRYBROOK,CHERRYBROOK,NSW,2126,28,1998,69.2
5 DORIS HIRST PLACE WEST PENNANT HILLS,WEST PENNANT HILLS,NSW,2125,28,1998,69.2
9 DYMPNA STREET CROMER,CROMER,NSW,2099,28,1998,69.2
50 COLLINS ROAD ST IVES,ST IVES,NSW,2075,28,1998,69.2
19 HORACE STREET ST IVES,ST IVES,NSW,2075,28,1998,69.2
60 MAXWELL STREET SOUTH TURRAMURRA,SOUTH TURRAMURRA,NSW,2074,28,1998,69.2
7 BINDON PLACE KELLYVILLE,KELLYVILLE,NSW,2155,28,1998,69.2
21 KENTIA PARADE CHERRYBROOK,CHERRYBROOK,NSW,2126,28,1998,69.2
41 OAKHILL DRIVE CASTLE HILL,CASTLE HILL,NSW,2154,28,1998,69.2
4 KIAMA CLOSE TERREY HILLS,TERREY HILLS,NSW,2084,28,1998,69.2
131-133 JERSEY STREET NORTH ASQUITH,NORTH ASQUITH,NSW,,28,1998,69.2
2 BAREENA AVENUE WAHROONGA,WAHROONGA,NSW,2076,28,1998,69.2
1042 BARRENJOEY ROAD PALM BEACH,PALM BEACH,NSW,2108,28,1998,69.2
98 CRINAN STREET HURLSTONE PARK,HURLSTONE PARK,NSW,2193,28,1998,69.1
1-7 BELMORE STREET SURRY HILLS,SURRY HILLS,NSW,2010,28,1998,69.1
6 DUGALD ROAD MOSMAN,MOSMAN,NSW,2088,28,1998,69.1
34 EXPLORERS ROAD GLENBROOK,GLENBROOK,NSW,2773,28,1998,69.1
53 CHURCH STREET CASTLE HILL,CASTLE HILL,NSW,2154,28,1998,69.1
WILLANDRA ROAD BEACON HILL,BEACON HILL,NSW,2100,28,1998,69.1
13 HILLSIDE CIRCUIT CRANEBROOK,CRANEBROOK,NSW,2749,28,1998,69.1
103 PRESIDENT AVENUE CARINGBAH,CARINGBAH,NSW,2229,28,1998,69.0
18B HINKLER AVENUE CARINGBAH,CARINGBAH,NSW,2229,28,1998,69.0
64 SUTHERLAND ROAD JANNALI,JANNALI,NSW,2226,28,1998,69.0
38 GLEBE STREET RANDWICK,RANDWICK,NSW,2031,28,1998,69.0
6 INGRAM STREET KENSINGTON,KENSINGTON,NSW,2033,35,1991,69.0
11 WAKEFORD ROAD STRATHFIELD,STRATHFIELD,NSW,2135,28,1998,69.0
5 ROCKWALL CRESCENT POTTS POINT,POTTS POINT,NSW,2011,28,1998,69.0
100 MARKET STREET SYDNEY,SYDNEY,NSW,2000,28,1998,69.0
16 KENT ROAD ROSE BAY,ROSE BAY,NSW,2029,28,1998,69.0
10 KINGS ROAD VAUCLUSE,VAUCLUSE,NSW,2030,28,1998,69.0
11 BERESFORD ROAD ROSE BAY,ROSE BAY,NSW,2029,28,1998,69.0
28 CAMELOT DRIVE CRANEBROOK,CRANEBROOK,NSW,2749,28,1998,69.0
9 CASCADE ROAD CRANEBROOK,CRANEBROOK,NSW,2749,28,1998,69.0
25 COBRAN ROAD CHELTENHAM,CHELTENHAM,NSW,2119,28,1998,69.0
6 ROSEMARY PLACE CHERRYBROOK,CHERRYBROOK,NSW,2126,28,1998,69.0
5 MERRIWA PLACE CHERRYBROOK,CHERRYBROOK,NSW,2126,28,1998,69.0
5 ROSEWOOD PLACE CHERRYBROOK,CHERRYBROOK,NSW,2126,28,1998,69.0
46 CASTLEWOOD DRIVE CASTLE HILL,CASTLE HILL,NSW,2154,28,1998,69.0
29 MILEHAM AVENUE BAULKHAM HILLS,BAULKHAM HILLS,NSW,2153,28,1998,69.0
42A COONARA AVENUE WEST PENNANT HILLS,WEST PENNANT HILLS,NSW,2125,28,1998,69.0
14 RODBOROUGH ROAD FRENCHS FOREST,FRENCHS FOREST,NSW,2086,28,1998,69.0
17 APPS AVENUE TURRAMURRA,TURRAMURRA,NSW,2074,28,1998,69.0
102 DOUGLAS STREET SPRINGWOOD,SPRINGWOOD,NSW,2777,28,1998,69.0
11 AVON ROAD PYMBLE,PYMBLE,NSW,2073,28,1998,69.0
151 PURCHASE ROAD CHERRYBROOK,CHERRYBROOK,NSW,2126,28,1998,69.0
5 KANANGRA CRESCENT CHERRYBROOK,CHERRYBROOK,NSW,2126,28,1998,69.0
20 BELLTREE CRESCENT CASTLE HILL,CASTLE HILL,NSW,2154,28,1998,69.0
12 ISABEL CLOSE CHERRYBROOK,CHERRYBROOK,NSW,2126,28,1998,69.0
36 HANCOCK DRIVE CHERRYBROOK,CHERRYBROOK,NSW,2126,28,1998,69.0
4 BRENNAN CLOSE ASQUITH,ASQUITH,NSW,2077,28,1998,69.0
93 ALEXANDER STREET BLIGH PARK,BLIGH PARK,NSW,2756,28,1998,69.0
5 JEDDA PLACE MONA VALE,MONA VALE,NSW,2103,28,1998,69.0
58 VINEYARD STREET MONA VALE,MONA VALE,NSW,2103,28,1998,69.0
45 CONNELL ROAD OYSTER BAY,OYSTER BAY,NSW,2225,28,1998,68.9
49 GREY STREET CARLTON,CARLTON,NSW,2218,28,1998,68.9
3/11 TIPPER AVENUE BRONTE,BRONTE,NSW,2024,28,1998,68.9
6 HYDEBRAE STREET STRATHFIELD,STRATHFIELD,NSW,2135,35,1991,68.9
193 GEORGES RIVER ROAD CROYDON PARK,CROYDON PARK,NSW,2133,28,1998,68.9
5 BADGERY AVENUE HOMEBUSH,HOMEBUSH,NSW,2140,28,1998,68.9
51 OCEAN AVENUE DOUBLE BAY,DOUBLE BAY,NSW,2028,28,1998,68.9
4/585 OLD SOUTH HEAD ROAD ROSE BAY,ROSE BAY,NSW,2029,28,1998,68.9
21 WENTWORTH STREET POINT PIPER,POINT PIPER,NSW,2027,28,1998,68.9
36 STREATFIELD ROAD BELLEVUE HILL,BELLEVUE HILL,NSW,2023,28,1998,68.9
25 FAIRWEATHER STREET BELLEVUE HILL,BELLEVUE HILL,NSW,2023,28,1998,68.9
20 BURRAWONG AVENUE MOSMAN,MOSMAN,NSW,2088,28,1998,68.9
1 NEWARK PLACE ST CLAIR,ST CLAIR,NSW,2759,28,1998,68.9
2/3 BELAH GARDENS VAUCLUSE,VAUCLUSE,NSW,2030,28,1998,68.9
215 KNOX ROAD DOONSIDE,DOONSIDE,NSW,2767,28,1998,68.9
22 STATION STREET THORNLEIGH,THORNLEIGH,NSW,2120,28,1998,68.9
60 FRANCIS GREENWAY DRIVE CHERRYBROOK,CHERRYBROOK,NSW,2126,28,1998,68.9
11 MACQUARIE DRIVE CHERRYBROOK,CHERRYBROOK,NSW,2126,28,1998,68.9
40 TALLOWWOOD AVENUE CHERRYBROOK,CHERRYBROOK,NSW,2126,28,1998,68.9
26 RYRIE AVENUE CROMER,CROMER,NSW,2099,28,1998,68.9
9 MOUNT CLOSE CRANEBROOK,CRANEBROOK,NSW,2749,28,1998,68.9
29 ASHMORE AVENUE PYMBLE,PYMBLE,NSW,2073,28,1998,68.9
69 PURCHASE ROAD CHERRYBROOK,CHERRYBROOK,NSW,2126,28,1998,68.9
74 PURCHASE ROAD CHERRYBROOK,CHERRYBROOK,NSW,2126,28,1998,68.9
23 HANCOCK DRIVE CHERRYBROOK,CHERRYBROOK,NSW,2126,28,1998,68.9
2 YALLAMBEE PLACE TERREY HILLS,TERREY HILLS,NSW,2084,28,1998,68.9
GAWLER PLACE NORTH TURRAMURRA,NORTH TURRAMURRA,NSW,2074,28,1998,68.9
46 WATERVIEW STREET MONA VALE,MONA VALE,NSW,2103,28,1998,68.9
2 RAWSON CRESCENT HORNINGSEA PARK,HORNINGSEA PARK,NSW,2171,28,1998,68.8
232 BARKER STREET RANDWICK,RANDWICK,NSW,2031,28,1998,68.8
327/20 GADIGAL AVENUE ZETLAND,ZETLAND,NSW,2017,28,1998,68.8
UNION STREET DULWICH HILL,DULWICH HILL,NSW,2203,28,1998,68.8
5 FLORENCE STREET STRATHFIELD,STRATHFIELD,NSW,2135,28,1998,68.8
58 WALLIS AVENUE STRATHFIELD,STRATHFIELD,NSW,2135,28,1998,68.8
81 VICTORIA ROAD BELLEVUE HILL,BELLEVUE HILL,NSW,2023,28,1998,68.8
62 WALLAROY ROAD WOOLLAHRA,WOOLLAHRA,NSW,2025,28,1998,68.8
11/23 UNDERWOOD STREET PADDINGTON,PADDINGTON,NSW,2021,28,1998,68.8
1 WHARF ROAD VAUCLUSE,VAUCLUSE,NSW,2030,28,1998,68.8
327 MALTON ROAD NORTH EPPING,NORTH EPPING,NSW,2121,28,1998,68.8
154 NEW LINE ROAD CHERRYBROOK,CHERRYBROOK,NSW,2126,28,1998,68.8
16 BOWEN CLOSE CHERRYBROOK,CHERRYBROOK,NSW,2126,28,1998,68.8
86 FRANKLIN ROAD CHERRYBROOK,CHERRYBROOK,NSW,2126,35,1991,68.8
11 FOREST KNOLL CASTLE HILL,HILL,NSW,,28,1998,68.8
2 STANLEY STREET ST IVES,ST IVES,NSW,2075,28,1998,68.8
5 TOROKINA AVENUE ST IVES,ST IVES,NSW,2075,28,1998,68.8
52 HANCOCK DRIVE CHERRYBROOK,CHERRYBROOK,NSW,2126,35,1991,68.8
3 WILDWOOD WAY DURAL,DURAL,NSW,2158,35,1991,68.8
13 ANNAM ROAD BAYVIEW,BAYVIEW,NSW,2104,28,1998,68.8
11A PARK ROAD KENTHURST,KENTHURST,NSW,2156,28,1998,68.8
54 GARNET ROAD MIRANDA,MIRANDA,NSW,2228,28,1998,68.7
4 HOTHAM ROAD KIRRAWEE,KIRRAWEE,NSW,2232,28,1998,68.7
22 TUDAR ROAD BONNET BAY,BONNET BAY,NSW,2226,28,1998,68.7
209 MALABAR ROAD SOUTH COOGEE,SOUTH COOGEE,NSW,2034,28,1998,68.7
2 WHITE ROAD PAGEWOOD,PAGEWOOD,NSW,2035,28,1998,68.7
29 NEWTON ROAD STRATHFIELD,STRATHFIELD,NSW,2135,28,1998,68.7
38 SHORTLAND AVENUE STRATHFIELD,STRATHFIELD,NSW,2135,28,1998,68.7
53 MACKENZIE STREET STRATHFIELD,STRATHFIELD,NSW,2135,28,1998,68.7
33 NICHOLSON STREET BURWOOD,BURWOOD,NSW,2134,28,1998,68.7
22 BRAND STREET CROYDON,CROYDON,NSW,2132,28,1998,68.7
85 YARRANABBE ROAD DARLING POINT,DARLING POINT,NSW,2027,28,1998,68.7
22 DUDLEY ROAD ROSE BAY,ROSE BAY,NSW,2029,28,1998,68.7
5 KNOX STREET DOUBLE BAY,DOUBLE BAY,NSW,2028,28,1998,68.7
77 BULKARA ROAD BELLEVUE HILL,BELLEVUE HILL,NSW,2023,28,1998,68.7
SVERGE STREET MOSMAN,MOSMAN,NSW,2088,28,1998,68.7
36/107-121 QUAY STREET HAYMARKET,HAYMARKET,NSW,2000,28,1998,68.7
42 STEWART STREET NORTH BONDI,NORTH BONDI,NSW,2026,28,1998,68.7
27 WOOD STREET MANLY,MANLY,NSW,2095,28,1998,68.7
66 FRANKLIN ROAD CHERRYBROOK,CHERRYBROOK,NSW,2126,28,1998,68.7
10 WALSH AVENUE CASTLE HILL,CASTLE HILL,NSW,2154,28,1998,68.7
16 DALPURA STREET CROMER,CROMER,NSW,2099,28,1998,68.7
CROMER VALLEY ROAD CROMER,CROMER,NSW,2099,28,1998,68.7
7 MOTH CLOSE CRANEBROOK,CRANEBROOK,NSW,2749,28,1998,68.7
30 FIRST AVENUE LOFTUS,LOFTUS,NSW,2232,28,1998,68.6
6 HARRISON AVENUE BONNET BAY,BONNET BAY,NSW,2226,28,1998,68.6
96A BARKER ROAD STRATHFIELD,STRATHFIELD,NSW,2135,28,1998,68.6
18-20 ELWIN STREET STRATHFIELD,STRATHFIELD,NSW,2135,28,1998,68.6
1-3 STEWART PLACE STRATHFIELD,STRATHFIELD,NSW,2135,28,1998,68.6
5 AUGUSTA STREET STRATHFIELD,STRATHFIELD,NSW,2135,28,1998,68.6
66 REDMYRE ROAD STRATHFIELD,STRATHFIELD,NSW,2135,28,1998,68.6
38 WOODSIDE AVENUE STRATHFIELD,STRATHFIELD,NSW,2135,28,1998,68.6
14 MEREDITH STREET HOMEBUSH,HOMEBUSH,NSW,2140,28,1998,68.6
79 HOMEBUSH ROAD STRATHFIELD,STRATHFIELD,NSW,2135,28,1998,68.6
11A ROBERTS STREET STRATHFIELD,STRATHFIELD,NSW,2135,28,1998,68.6
DOBROYD PARADE HABERFIELD,HABERFIELD,NSW,2045,28,1998,68.6
102 MANNING ROAD DOUBLE BAY,DOUBLE BAY,NSW,2028,28,1998,68.6
22 TALLWOOD AVENUE GLENMORE PARK,GLENMORE PARK,NSW,2745,28,1998,68.6
1A TRINITY DRIVE CAMBRIDGE GARDENS,,NSW,,28,1998,68.6
27 BROOKLANDS ROAD GLENBROOK,GLENBROOK,NSW,2773,28,1998,68.6
57 RUSDEN ROAD BLAXLAND,BLAXLAND,NSW,2774,28,1998,68.6
42 VICTORIA PARADE MANLY,MANLY,NSW,2095,28,1998,68.6
58 ALBERT ROAD BEECROFT,BEECROFT,NSW,2119,28,1998,68.6
1 ELM COURT CHERRYBROOK,CHERRYBROOK,NSW,2126,35,1991,68.6
71 NEW FARM ROAD WEST PENNANT HILLS,WEST PENNANT HILLS,NSW,2125,28,1998,68.6
4 SHORT STREET THORNLEIGH,THORNLEIGH,NSW,2120,28,1998,68.6
6A LILLA ROAD PENNANT HILLS,PENNANT HILLS,NSW,2120,28,1998,68.6
239 PENNANT HILLS ROAD THORNLEIGH,THORNLEIGH,NSW,2120,28,1998,68.6
2/47 EDWARD BENNETT DRIVE CHERRYBROOK,CHERRYBROOK,NSW,2126,28,1998,68.6
32 HANNAH STREET BEECROFT,BEECROFT,NSW,2119,28,1998,68.6
22 MCINTOSH ROAD DEE WHY,DEE WHY,NSW,2099,28,1998,68.6
29 DOUGLAS STREET ST IVES,ST IVES,NSW,2075,28,1998,68.6
49 GREVILLEA AVENUE ST IVES,ST IVES,NSW,2075,28,1998,68.6
6 ADELINE STREET FAULCONBRIDGE,FAULCONBRIDGE,NSW,2776,28,1998,68.6
8 CHURCHILL STREET SPRINGWOOD,SPRINGWOOD,NSW,2777,35,1991,68.6
6 CLIFFORD STREET GORDON,GORDON,NSW,2072,28,1998,68.6
11 PARK AVENUE GORDON,GORDON,NSW,2072,28,1998,68.6
4 HOPE STREET BLAXLAND,BLAXLAND,NSW,2774,28,1998,68.6
45 APPLETREE DRIVE CHERRYBROOK,CHERRYBROOK,NSW,2126,28,1998,68.6
7 JACANA CLOSE WAHROONGA,WAHROONGA,NSW,2076,28,1998,68.6
15 BRADLEY CRESCENT WILEY PARK,WILEY PARK,NSW,2195,28,1998,68.5
26 GREGORY STREET SOUTH COOGEE,SOUTH COOGEE,NSW,2034,28,1998,68.5
41 MYRNA ROAD STRATHFIELD,STRATHFIELD,NSW,2135,28,1998,68.5
24 NICHOLSON STREET BURWOOD,BURWOOD,NSW,2134,28,1998,68.5
188 HOMEBUSH ROAD STRATHFIELD,STRATHFIELD,NSW,2135,28,1998,68.5
55 MINTARO AVENUE STRATHFIELD,STRATHFIELD,NSW,2135,28,1998,68.5
5 MACARTHUR AVENUE STRATHFIELD,STRATHFIELD,NSW,2135,28,1998,68.5
27-29 LINDSAY STREET BURWOOD,BURWOOD,NSW,2134,28,1998,68.5
18 PORTLAND STREET DOVER HEIGHTS,DOVER HEIGHTS,NSW,2030,28,1998,68.5
8 WYUNA ROAD POINT PIPER,POINT PIPER,NSW,2027,28,1998,68.5
56 BERESFORD ROAD ROSE BAY,ROSE BAY,NSW,2029,28,1998,68.5
22-24 WOLSELEY ROAD POINT PIPER,POINT PIPER,NSW,2027,28,1998,68.5
28 KAREELA ROAD CREMORNE POINT,CREMORNE POINT,NSW,2090,21,2005,68.5
7 SIMPSON STREET MOSMAN,MOSMAN,NSW,2088,28,1998,68.5
24 SWAMPHEN STREET ERSKINE PARK,ERSKINE PARK,NSW,2759,28,1998,68.5
13 BLACKBIRD GLEN ERSKINE PARK,ERSKINE PARK,NSW,2759,28,1998,68.5
21 KIRKOSWALD AVENUE MOSMAN,MOSMAN,NSW,2088,21,2005,68.5
45 RANGERS AVENUE MOSMAN,MOSMAN,NSW,2088,28,1998,68.5
10 WOLSELEY ROAD MOSMAN,MOSMAN,NSW,2088,28,1998,68.5
13 BEACONSFIELD ROAD MOSMAN,MOSMAN,NSW,2088,28,1998,68.5
5 RODBOROUGH AVENUE CROWS NEST,CROWS NEST,NSW,2065,21,2005,68.5
9 MCCLEAN STREET BLACKTOWN,BLACKTOWN,NSW,2148,28,1998,68.5
49 BOWER STREET MANLY,MANLY,NSW,2095,28,1998,68.5
10 STUART STREET MANLY,MANLY,NSW,2095,28,1998,68.5
23A GLOUCESTER ROAD EPPING,EPPING,NSW,2121,21,2005,68.5
1/292 PENNANT HILLS ROAD THORNLEIGH,THORNLEIGH,NSW,2120,28,1998,68.5
75 DARLINGTON DRIVE CHERRYBROOK,CHERRYBROOK,NSW,2126,28,1998,68.5
11/8 CASUARINA DRIVE CHERRYBROOK,CHERRYBROOK,NSW,2126,28,1998,68.5
20A CHERRYBROOK ROAD WEST PENNANT HILLS,WEST PENNANT HILLS,NSW,2125,28,1998,68.5
92 BOUNDARY ROAD PENNANT HILLS,PENNANT HILLS,NSW,2120,28,1998,68.5
79 NEW LINE ROAD CHERRYBROOK,CHERRYBROOK,NSW,2126,28,1998,68.5
17 BRUSHFORD AVENUE CASTLE HILL,CASTLE HILL,NSW,2154,28,1998,68.5
18-30 TERMINUS STREET CASTLE HILL,CASTLE HILL,NSW,2154,28,1998,68.5
3 SUTTOR PLACE BAULKHAM HILLS,BAULKHAM HILLS,NSW,2153,28,1998,68.5
1 SUNRIDGE PLACE WEST PENNANT HILLS,WEST PENNANT HILLS,NSW,2125,28,1998,68.5
37 PARNI PLACE FRENCHS FOREST,FRENCHS FOREST,NSW,2086,28,1998,68.5
RANDALL COURT COLLAROY PLATEAU,COLLAROY PLATEAU,NSW,2097,28,1998,68.5
24 MIDDLETON ROAD CROMER,CROMER,NSW,2099,28,1998,68.5
50 CROMER ROAD CROMER,CROMER,NSW,2099,28,1998,68.5
21 BEECHWOOD PARADE CHERRYBROOK,CHERRYBROOK,NSW,2126,28,1998,68.5
20 TAMARISK CRESCENT CHERRYBROOK,CHERRYBROOK,NSW,2126,28,1998,68.5
9A BUNYANA AVENUE WAHROONGA,WAHROONGA,NSW,2076,28,1998,68.5
5 NEILSON CRESCENT BLIGH PARK,BLIGH PARK,NSW,2756,28,1998,68.5
7 DUNBIL COURT BANGOR,BANGOR,NSW,2234,28,1998,68.4
4 KALMIA PLACE MIRANDA,MIRANDA,NSW,2228,28,1998,68.4
4 ELWIN STREET STRATHFIELD,STRATHFIELD,NSW,2135,28,1998,68.4
4-6 ELVA STREET STRATHFIELD,STRATHFIELD,NSW,2135,28,1998,68.4
303/589 NEW CANTERBURY ROAD DULWICH HILL,DULWICH HILL,NSW,2203,28,1998,68.4
5 WENTWORTH PLACE POINT PIPER,POINT PIPER,NSW,2027,28,1998,68.4
51 GLENVIEW STREET PADDINGTON,PADDINGTON,NSW,2021,28,1998,68.4
59 AVENUE ROAD MOSMAN,MOSMAN,NSW,2088,28,1998,68.4
NORTH HEAD SCENIC DRIVE MANLY,MANLY,NSW,2095,28,1998,68.4
29 DUER PLACE CHERRYBROOK,CHERRYBROOK,NSW,2126,28,1998,68.4
11A BERNARD PLACE CHERRYBROOK,CHERRYBROOK,NSW,2126,28,1998,68.4
50 CHELTENHAM ROAD CHELTENHAM,CHELTENHAM,NSW,2119,28,1998,68.4
10 LEWIS COURT CASTLE HILL,CASTLE HILL,NSW,2154,28,1998,68.4
244 OLD NORTHERN ROAD CASTLE HILL,CASTLE HILL,NSW,2154,28,1998,68.4
45 BELLATRIX STREET CRANEBROOK,CRANEBROOK,NSW,2749,28,1998,68.4
39 ASHMORE AVENUE PYMBLE,PYMBLE,NSW,2073,28,1998,68.4
3 LEVY STREET GLENBROOK,GLENBROOK,NSW,2773,28,1998,68.4
10 OLD BATHURST ROAD BLAXLAND,BLAXLAND,NSW,2774,28,1998,68.4
18 FERNBROOK PLACE CASTLE HILL,CASTLE HILL,NSW,2154,28,1998,68.4
1 BUNBURY AVENUE SUTHERLAND,SUTHERLAND,NSW,2232,28,1998,68.3
54-64 PRESIDENT AVENUE CARINGBAH,CARINGBAH,NSW,2229,28,1998,68.3
1 BORONIA STREET KENSINGTON,KENSINGTON,NSW,2033,28,1998,68.3
7 BLACK LION PLACE KENSINGTON,KENSINGTON,NSW,2033,28,1998,68.3
3 WILLIAMS PARADE DULWICH HILL,DULWICH HILL,NSW,2203,28,1998,68.3
26 BARKER ROAD STRATHFIELD,STRATHFIELD,NSW,2135,28,1998,68.3
9 BYER STREET ENFIELD,ENFIELD,NSW,2136,28,1998,68.3
103 REDMYRE ROAD STRATHFIELD,STRATHFIELD,NSW,2135,28,1998,68.3
1-3 WOODWARD AVENUE STRATHFIELD,STRATHFIELD,NSW,2135,28,1998,68.3
52 OXFORD ROAD STRATHFIELD,STRATHFIELD,NSW,2135,28,1998,68.3
42 REDMYRE ROAD STRATHFIELD,STRATHFIELD,NSW,2135,28,1998,68.3
16 BODEN AVENUE STRATHFIELD,STRATHFIELD,NSW,2135,28,1998,68.3
27 RAVENNA STREET STRATHFIELD,STRATHFIELD,NSW,2135,28,1998,68.3
132 THE BOULEVARDE STRATHFIELD,STRATHFIELD,NSW,2135,28,1998,68.3
1 AGNES STREET STRATHFIELD,STRATHFIELD,NSW,2135,28,1998,68.3
78-82 ALBERT ROAD STRATHFIELD,STRATHFIELD,NSW,2135,28,1998,68.3
669 NEW SOUTH HEAD ROAD ROSE BAY,ROSE BAY,NSW,2029,28,1998,68.3
42 BILLYARD AVENUE ELIZABETH BAY,ELIZABETH BAY,NSW,2011,28,1998,68.3
20 FULLERTON STREET WOOLLAHRA,WOOLLAHRA,NSW,2025,28,1998,68.3
8 GROSE STREET PARRAMATTA,PARRAMATTA,NSW,2150,28,1998,68.3
52 EMU ROAD GLENBROOK,GLENBROOK,NSW,2773,21,2005,68.3
6 ALAMEIN AVENUE CARLINGFORD,CARLINGFORD,NSW,2118,21,2005,68.3
269-271 MALTON ROAD NORTH EPPING,NORTH EPPING,NSW,2121,28,1998,68.3
CASTLE HOWARD ROAD BEECROFT,BEECROFT,NSW,2119,28,1998,68.3
67 FRANCIS GREENWAY DRIVE CHERRYBROOK,CHERRYBROOK,NSW,2126,28,1998,68.3
140 NEW LINE ROAD CHERRYBROOK,CHERRYBROOK,NSW,2126,28,1998,68.3
146 HULL ROAD WEST PENNANT HILLS,WEST PENNANT HILLS,NSW,2125,28,1998,68.3
35 ROSEWOOD PLACE CHERRYBROOK,CHERRYBROOK,NSW,2126,28,1998,68.3
79 NEW FARM ROAD WEST PENNANT HILLS,WEST PENNANT HILLS,NSW,2125,28,1998,68.3
32 VICTORIA ROAD PENNANT HILLS,PENNANT HILLS,NSW,2120,28,1998,68.3
80 THE ESPLANADE THORNLEIGH,THORNLEIGH,NSW,2120,28,1998,68.3
96 COPELAND ROAD BEECROFT,BEECROFT,NSW,2119,28,1998,68.3
13 HENRY STREET BAULKHAM HILLS,BAULKHAM HILLS,NSW,2153,28,1998,68.3
17 KNIGHT WAY CASTLE HILL,CASTLE HILL,NSW,2154,28,1998,68.3
4 BROKENWOOD PLACE CHERRYBROOK,CHERRYBROOK,NSW,2126,28,1998,68.3
27 OLOLA AVENUE CASTLE HILL,CASTLE HILL,NSW,2154,28,1998,68.3
141 CASTLE HILL ROAD WEST PENNANT HILLS,WEST PENNANT HILLS,NSW,2125,28,1998,68.3
63 FITZPATRICK AVENUE EAST FRENCHS FOREST,EAST FRENCHS FOREST,NSW,,28,1998,68.3
5 SUFFOLK CLOSE ST IVES,ST IVES,NSW,2075,28,1998,68.3
2 TOROKINA AVENUE ST IVES,ST IVES,NSW,2075,28,1998,68.3
59 ATHENA AVENUE ST IVES,ST IVES,NSW,2075,28,1998,68.3
9 ASHMORE AVENUE PYMBLE,PYMBLE,NSW,2073,28,1998,68.3
95 BEECHWORTH ROAD PYMBLE,PYMBLE,NSW,2073,28,1998,68.3
12 TEAK PLACE CHERRYBROOK,CHERRYBROOK,NSW,2126,28,1998,68.3
18 ELABANA CRESCENT CASTLE HILL,CASTLE HILL,NSW,2154,28,1998,68.3
36 LOCHVILLE STREET WAHROONGA,WAHROONGA,NSW,2076,28,1998,68.3
1 VENTURA AVENUE MIRANDA,MIRANDA,NSW,2228,28,1998,68.2
244-258 YOUNG STREET WATERLOO,WATERLOO,NSW,2017,28,1998,68.2
45 ROSLYN STREET ASHBURY,ASHBURY,NSW,2193,28,1998,68.2
RODNEY STREET DOVER HEIGHTS,DOVER HEIGHTS,NSW,2030,28,1998,68.2
27 WUNULLA ROAD POINT PIPER,POINT PIPER,NSW,2027,28,1998,68.2
4 BAY STREET MOSMAN,MOSMAN,NSW,2088,21,2005,68.2
53 HARDY STREET DOVER HEIGHTS,DOVER HEIGHTS,NSW,2030,28,1998,68.2
12 REDGUM CIRCUIT GLENDENNING,GLENDENNING,NSW,2761,28,1998,68.2
39 GOVERNMENT ROAD BEACON HILL,BEACON HILL,NSW,2100,28,1998,68.2
16 HAWEA PLACE BELROSE,BELROSE,NSW,2085,35,1991,68.2
10X CECIL ROAD HORNSBY,HORNSBY,NSW,2077,28,1998,68.2
13 YAMBA ROAD COMO,COMO,NSW,2226,28,1998,68.1
10 NELLA STREET PADSTOW,PADSTOW,NSW,2211,28,1998,68.1
18 WOODWARD AVENUE STRATHFIELD,STRATHFIELD,NSW,2135,28,1998,68.1
3 GELLING AVENUE STRATHFIELD,STRATHFIELD,NSW,2135,28,1998,68.1
24 MINTARO AVENUE STRATHFIELD,STRATHFIELD,NSW,2135,28,1998,68.1
19 NEWTON ROAD STRATHFIELD,STRATHFIELD,NSW,2135,28,1998,68.1
56 BATES STREET STRATHFIELD,STRATHFIELD,NSW,2135,28,1998,68.1
28 COURTENAY ROAD ROSE BAY,ROSE BAY,NSW,2029,28,1998,68.1
24 COONAWARRA DRIVE ST CLAIR,ST CLAIR,NSW,2759,28,1998,68.1
4 BALLANTYNE STREET MOSMAN,MOSMAN,NSW,2088,28,1998,68.1
4 ADELPHI CRESCENT DOONSIDE,DOONSIDE,NSW,2767,28,1998,68.1
9 LEMONGRASS PLACE CHERRYBROOK,CHERRYBROOK,NSW,2126,28,1998,68.1
24A CHERRYBROOK ROAD WEST PENNANT HILLS,WEST PENNANT HILLS,NSW,2125,28,1998,68.1
2 LAURENCE STREET PENNANT HILLS,PENNANT HILLS,NSW,2120,28,1998,68.1
8 MARK PLACE CHERRYBROOK,CHERRYBROOK,NSW,2126,28,1998,68.1
21A HANNAH STREET BEECROFT,BEECROFT,NSW,2119,28,1998,68.1
122 COPELAND ROAD BEECROFT,BEECROFT,NSW,2119,28,1998,68.1
12 WELHAM STREET BEECROFT,BEECROFT,NSW,2119,28,1998,68.1
94 THE CRESCENT CHELTENHAM,CHELTENHAM,NSW,2119,28,1998,68.1
36 CHELTENHAM ROAD CHELTENHAM,CHELTENHAM,NSW,2119,28,1998,68.1
7 STRINGYBARK PLACE CASTLE HILL,CASTLE HILL,NSW,2154,28,1998,68.1
1/49 MARY STREET BEACON HILL,BEACON HILL,NSW,2100,28,1998,68.1
9 MACQUARIE STREET CROMER,CROMER,NSW,2099,28,1998,68.1
14 PENRITH AVENUE WHEELER HEIGHTS,WHEELER HEIGHTS,NSW,2097,28,1998,68.1
TORONTO AVENUE CROMER,CROMER,NSW,2099,28,1998,68.1
11 HAYLE STREET ST IVES,ST IVES,NSW,2075,28,1998,68.1
38 FLINDERS AVENUE ST IVES,ST IVES,NSW,2075,28,1998,68.1
8 TREE TOPS PLACE VALLEY HEIGHTS,VALLEY HEIGHTS,NSW,2777,28,1998,68.1
44 GREAT WESTERN HIGHWAY BLAXLAND,BLAXLAND,NSW,2774,28,1998,68.1
63 WILSON WAY BLAXLAND,BLAXLAND,NSW,2774,28,1998,68.1
61 JENNER ROAD DURAL,DURAL,NSW,2158,28,1998,68.1
38 OAKHILL DRIVE CASTLE HILL,CASTLE HILL,NSW,2154,28,1998,68.1
34A PARK AVENUE WAITARA,WAITARA,NSW,2077,28,1998,68.1
15/5-15 BALMORAL STREET WAITARA,WAITARA,NSW,2077,28,1998,68.1
6 BAREENA AVENUE WAHROONGA,WAHROONGA,NSW,2076,28,1998,68.1
21 ALBERTA AVENUE COWAN,COWAN,NSW,2081,28,1998,68.1
314 TAREN POINT ROAD CARINGBAH,CARINGBAH,NSW,2229,28,1998,68.0
HEATHCOTE ROAD HOLSWORTHY,HOLSWORTHY,NSW,2173,28,1998,68.0
30 FOX VALLEY ROAD DENHAM COURT,,NSW,,28,1998,68.0
9 QUAAMA CLOSE PRESTONS,PRESTONS,NSW,2170,28,1998,68.0
75 MARIGOLD STREET REVESBY,REVESBY,NSW,2212,28,1998,68.0
2R DARLEY ROAD CENTENNIAL PARK,CENTENNIAL PARK,NSW,2021,28,1998,68.0
1R MARINE PARADE MAROUBRA,MAROUBRA,NSW,2035,28,1998,68.0
271R FRANKLIN STREET MALABAR,MALABAR,NSW,2036,28,1998,68.0
8 CHILTERN STREET RANDWICK,RANDWICK,NSW,2031,28,1998,68.0
30-32 BEACONSFIELD STREET ALEXANDRIA,ALEXANDRIA,NSW,2015,28,1998,68.0
2-18 TUNSTALL AVENUE KENSINGTON,KENSINGTON,NSW,2033,28,1998,68.0
385 PARK ROAD LUDDENHAM,LUDDENHAM,NSW,2745,28,1998,68.0
54 WILSON STREET STRATHFIELD,STRATHFIELD,NSW,2135,28,1998,68.0
9 DICKSON STREET STRATHFIELD,STRATHFIELD,NSW,2135,28,1998,68.0
2 ADA AVENUE STRATHFIELD,STRATHFIELD,NSW,2135,28,1998,68.0
30 NEWTON ROAD STRATHFIELD,STRATHFIELD,NSW,2135,28,1998,68.0
185 GREAT NORTH ROAD FIVE DOCK,FIVE DOCK,NSW,2046,28,1998,68.0
6-14 WARATAH STREET RUSHCUTTERS BAY,RUSHCUTTERS BAY,NSW,2011,28,1998,68.0
3 ITHACA ROAD ELIZABETH BAY,ELIZABETH BAY,NSW,2011,28,1998,68.0
364 EDGECLIFF ROAD WOOLLAHRA,WOOLLAHRA,NSW,2025,28,1998,68.0
2 VAUCLUSE ROAD VAUCLUSE,VAUCLUSE,NSW,2030,28,1998,68.0
28 MANION AVENUE ROSE BAY,ROSE BAY,NSW,2029,28,1998,68.0
4 KARINGAL COURT GLENMORE PARK,GLENMORE PARK,NSW,2745,28,1998,68.0
5 SPOONBILL AVENUE BLACKTOWN,BLACKTOWN,NSW,2148,28,1998,68.0
18 BANKS DRIVE ST CLAIR,ST CLAIR,NSW,2759,28,1998,68.0
6 ENDEAVOUR AVENUE ST CLAIR,ST CLAIR,NSW,2759,28,1998,68.0
16/121 BOWDEN STREET MEADOWBANK,MEADOWBANK,NSW,2114,21,2005,68.0
30 SUAKIN DRIVE MOSMAN,MOSMAN,NSW,2088,28,1998,68.0
28 SPIT ROAD MOSMAN,MOSMAN,NSW,2088,28,1998,68.0
CROSS STREET MOSMAN,MOSMAN,NSW,2088,28,1998,68.0
88 RAGLAN STREET MOSMAN,MOSMAN,NSW,2088,28,1998,68.0
1/60 BOUNDARY STREET ROSEVILLE,ROSEVILLE,NSW,2069,21,2005,68.0
74 ALLEYNE STREET CHATSWOOD,CHATSWOOD,NSW,2067,21,2005,68.0
MULGOA ROAD PENRITH,PENRITH,NSW,2750,28,1998,68.0
GREAT WESTERN HIGHWAY EMU PLAINS,EMU PLAINS,NSW,2750,28,1998,68.0
5 EXPLORERS ROAD LAPSTONE,LAPSTONE,NSW,2773,28,1998,68.0
2-10 WATSON STREET GLENBROOK,GLENBROOK,NSW,2773,28,1998,68.0
31 GREAT WESTERN HIGHWAY GLENBROOK,GLENBROOK,NSW,2773,28,1998,68.0
BOWER STREET MANLY,MANLY,NSW,2095,28,1998,68.0
150 DARLEY ROAD MANLY,MANLY,NSW,2095,28,1998,68.0
275 KISSING POINT ROAD SOUTH TURRAMURRA,SOUTH TURRAMURRA,NSW,2074,28,1998,68.0
152-154X KURRAJONG STREET CHELTENHAM,CHELTENHAM,NSW,2119,28,1998,68.0
54X SHEPHERDS DRIVE CHERRYBROOK,CHERRYBROOK,NSW,2126,28,1998,68.0
17 YANDERRA GROVE CHERRYBROOK,CHERRYBROOK,NSW,2126,35,1991,68.0
1-7 KITCHENER ROAD CHERRYBROOK,CHERRYBROOK,NSW,2126,28,1998,68.0
1 BOXWOOD PLACE CHERRYBROOK,CHERRYBROOK,NSW,2126,28,1998,68.0
10 LEMONGRASS PLACE CHERRYBROOK,CHERRYBROOK,NSW,2126,28,1998,68.0
139X BOUNDARY ROAD PENNANT HILLS,PENNANT HILLS,NSW,2120,28,1998,68.0
53-119 BOUNDARY ROAD PENNANT HILLS,PENNANT HILLS,NSW,2120,28,1998,68.0
18 BOUNDARY ROAD PENNANT HILLS,PENNANT HILLS,NSW,2120,28,1998,68.0
3 WILGA STREET WEST PENNANT HILLS,WEST PENNANT HILLS,NSW,2125,28,1998,68.0
9 TUDOR AVENUE CHERRYBROOK,CHERRYBROOK,NSW,2126,28,1998,68.0
67 COPELAND ROAD BEECROFT,BEECROFT,NSW,2119,28,1998,68.0
14-44 MILEHAM AVENUE BAULKHAM HILLS,BAULKHAM HILLS,NSW,2153,28,1998,68.0
14 BENEDICTINE PLACE CHERRYBROOK,CHERRYBROOK,NSW,2126,28,1998,68.0
37-43 FEDERAL PARADE BROOKVALE,BROOKVALE,NSW,2100,28,1998,68.0
25 FRENCHS FOREST ROAD EAST FRENCHS FOREST,EAST FRENCHS FOREST,NSW,,28,1998,68.0
1A WAROON ROAD CROMER,CROMER,NSW,2099,28,1998,68.0
MAYBROOK AVENUE CROMER,CROMER,NSW,2099,28,1998,68.0
7 OXFORD FALLS ROAD OXFORD FALLS,OXFORD FALLS,NSW,2100,28,1998,68.0
57 NORTHCOTT ROAD CROMER,CROMER,NSW,2099,28,1998,68.0
CROMER VALLEY ROAD OXFORD FALLS,OXFORD FALLS,NSW,2100,28,1998,68.0
WAKEHURST PARKWAY OXFORD FALLS,OXFORD FALLS,NSW,2100,28,1998,68.0
53 WASHINGTON AVENUE CROMER,CROMER,NSW,2099,28,1998,68.0
21 GROVER AVENUE CROMER,CROMER,NSW,2099,28,1998,68.0
62 CLEVELAND AVENUE CROMER,CROMER,NSW,2099,28,1998,68.0
1 THEW PARADE CROMER,CROMER,NSW,2099,28,1998,68.0
1334 OXFORD FALLS ROAD OXFORD FALLS,OXFORD FALLS,NSW,2100,28,1998,68.0
14 COLLEGE CRESCENT ST IVES,ST IVES,NSW,2075,28,1998,68.0
WOODBURY ROAD ST IVES,ST IVES,NSW,2075,28,1998,68.0
40 ATHENA AVENUE ST IVES,ST IVES,NSW,2075,28,1998,68.0
MARLBOROUGH PLACE ST IVES,ST IVES,NSW,2075,28,1998,68.0
70 MEEKS CRESCENT FAULCONBRIDGE,FAULCONBRIDGE,NSW,2776,28,1998,68.0
180 SUN VALLEY ROAD SUN VALLEY,SUN VALLEY,NSW,2777,28,1998,68.0
3 WATERFALL CRESCENT CRANEBROOK,CRANEBROOK,NSW,2749,28,1998,68.0
72 CANOON ROAD SOUTH TURRAMURRA,SOUTH TURRAMURRA,NSW,2074,28,1998,68.0
17 LARNOCK AVENUE PYMBLE,PYMBLE,NSW,2073,28,1998,68.0
GREAT WESTERN HIGHWAY WARRIMOO,WARRIMOO,NSW,2774,28,1998,68.0
35 THE AVENUE WARRIMOO,WARRIMOO,NSW,2774,28,1998,68.0
42A PLATEAU PARADE BLAXLAND,BLAXLAND,NSW,2774,28,1998,68.0
KAMBER ROAD TERREY HILLS,TERREY HILLS,NSW,2084,28,1998,68.0
CALDER PLACE ST IVES,ST IVES,NSW,2075,28,1998,68.0
WHITEHAVEN STREET ST IVES,ST IVES,NSW,2075,28,1998,68.0
3 DAVID ROAD CASTLE HILL,CASTLE HILL,NSW,2154,28,1998,68.0
35 ELABANA CRESCENT CASTLE HILL,CASTLE HILL,NSW,2154,28,1998,68.0
101 OAKHILL DRIVE CASTLE HILL,CASTLE HILL,NSW,2154,28,1998,68.0
20 BARCOTE PLACE CASTLE HILL,CASTLE HILL,NSW,2154,28,1998,68.0
154-156 ELANORA ROAD ELANORA HEIGHTS,ELANORA HEIGHTS,NSW,2101,28,1998,68.0
87 BOORALIE ROAD TERREY HILLS,TERREY HILLS,NSW,2084,28,1998,68.0
419 BOORALIE ROAD TERREY HILLS,TERREY HILLS,NSW,2084,28,1998,68.0
35 LAITOKI ROAD TERREY HILLS,TERREY HILLS,NSW,2084,28,1998,68.0
292R THE BOULEVARDE MIRANDA,MIRANDA,NSW,2228,28,1998,67.9
63 WILLS ROAD LONG POINT,LONG POINT,NSW,2564,28,1998,67.9
102 BARKER ROAD STRATHFIELD,STRATHFIELD,NSW,2135,28,1998,67.9
1 WALLIS AVENUE STRATHFIELD,STRATHFIELD,NSW,2135,28,1998,67.9
64-70 ALBERT ROAD STRATHFIELD,STRATHFIELD,NSW,2135,28,1998,67.9
19 WALLIS AVENUE STRATHFIELD,STRATHFIELD,NSW,2135,28,1998,67.9
111 ALT STREET ASHFIELD,ASHFIELD,NSW,2131,28,1998,67.9
21 KOBADA ROAD DOVER HEIGHTS,DOVER HEIGHTS,NSW,2030,28,1998,67.9
74 ONSLOW STREET ROSE BAY,ROSE BAY,NSW,2029,28,1998,67.9
38 ROSLYNDALE AVENUE WOOLLAHRA,WOOLLAHRA,NSW,2025,28,1998,67.9
76-82 BELLEVUE ROAD BELLEVUE HILL,BELLEVUE HILL,NSW,2023,28,1998,67.9
86 OCEAN STREET WOOLLAHRA,WOOLLAHRA,NSW,2025,28,1998,67.9
40 TOMAH STREET CARLINGFORD,CARLINGFORD,NSW,2118,21,2005,67.9
10 NORTHCOTT WAY CHERRYBROOK,CHERRYBROOK,NSW,2126,28,1998,67.9
14X REDGUM AVENUE PENNANT HILLS,PENNANT HILLS,NSW,2120,28,1998,67.9
24 MONTEREY PLACE CHERRYBROOK,CHERRYBROOK,NSW,2126,28,1998,67.9
33 PRITCHARD STREET THORNLEIGH,THORNLEIGH,NSW,2120,28,1998,67.9
166A BEECROFT ROAD CHELTENHAM,CHELTENHAM,NSW,2119,28,1998,67.9
31 BORONIA AVENUE BEECROFT,BEECROFT,NSW,2119,28,1998,67.9
18 COBRAN ROAD CHELTENHAM,CHELTENHAM,NSW,2119,28,1998,67.9
65 DOULTON DRIVE CHERRYBROOK,CHERRYBROOK,NSW,2126,28,1998,67.9
42 COLES ROAD FRESHWATER,FRESHWATER,NSW,2096,28,1998,67.9
BELLATRIX STREET CRANEBROOK,CRANEBROOK,NSW,2749,28,1998,67.9
19 BARWON AVENUE SOUTH TURRAMURRA,SOUTH TURRAMURRA,NSW,2074,28,1998,67.9
43 CARBEEN AVENUE ST IVES,ST IVES,NSW,2075,28,1998,67.9
30 NELSON STREET GORDON,GORDON,NSW,2072,28,1998,67.9
45 KENTIA PARADE CHERRYBROOK,CHERRYBROOK,NSW,2126,28,1998,67.9
93 COONANBARRA ROAD WAHROONGA,WAHROONGA,NSW,2076,28,1998,67.9
82 BAY ROAD BERRILEE,BERRILEE,NSW,2159,28,1998,67.9
25A BLACKWOOD STREET MIRANDA,MIRANDA,NSW,2228,28,1998,67.8
95 RAMSAY STREET HABERFIELD,HABERFIELD,NSW,2045,28,1998,67.8
35 WILBERFORCE AVENUE ROSE BAY,ROSE BAY,NSW,2029,28,1998,67.8
57A ONSLOW STREET ROSE BAY,ROSE BAY,NSW,2029,28,1998,67.8
25 STREATFIELD ROAD BELLEVUE HILL,BELLEVUE HILL,NSW,2023,28,1998,67.8
9 ALEXANDRA ROAD GLEBE,GLEBE,NSW,2037,28,1998,67.8
182 HOPETOUN AVENUE WATSONS BAY,WATSONS BAY,NSW,2030,28,1998,67.8
7 HAITE CLOSE WEST PYMBLE,WEST PYMBLE,NSW,2073,28,1998,67.8
2 MANUKA CIRCLE CHERRYBROOK,CHERRYBROOK,NSW,2126,28,1998,67.8
423-521 OLD NORTHERN ROAD CASTLE HILL,CASTLE HILL,NSW,2154,28,1998,67.8
11 BOXWOOD PLACE CHERRYBROOK,CHERRYBROOK,NSW,2126,28,1998,67.8
39 MYSON DRIVE CHERRYBROOK,CHERRYBROOK,NSW,2126,28,1998,67.8
17 TILLOCK STREET THORNLEIGH,THORNLEIGH,NSW,2120,28,1998,67.8
18/27 THORNLEIGH STREET THORNLEIGH,THORNLEIGH,NSW,2120,28,1998,67.8
75 TALLOWWOOD AVENUE CHERRYBROOK,CHERRYBROOK,NSW,2126,28,1998,67.8
3 IWAN PLACE BEAUMONT HILLS,BEAUMONT HILLS,NSW,2155,28,1998,67.8
69 HANCOCK DRIVE CHERRYBROOK,CHERRYBROOK,NSW,2126,28,1998,67.8
89 BOORALIE ROAD TERREY HILLS,TERREY HILLS,NSW,2084,28,1998,67.8
84 BOORALIE ROAD TERREY HILLS,TERREY HILLS,NSW,2084,28,1998,67.8
146 BOUNDARY ROAD NORTH WAHROONGA,NORTH WAHROONGA,NSW,2076,28,1998,67.8
2 ALLARA AVENUE NORTH TURRAMURRA,NORTH TURRAMURRA,NSW,2074,28,1998,67.8
11 HAFEY ROAD KENTHURST,KENTHURST,NSW,2156,28,1998,67.8
13 WOLSTENHOLME AVENUE GYMEA,GYMEA,NSW,2227,28,1998,67.7
141 COOGEE BAY ROAD COOGEE,COOGEE,NSW,2034,28,1998,67.7
98 KING STREET CANTERBURY,CANTERBURY,NSW,2193,28,1998,67.7
30 PALMER AVENUE STRATHFIELD,STRATHFIELD,NSW,2135,35,1991,67.7
5A JERSEY ROAD STRATHFIELD,STRATHFIELD,NSW,2135,28,1998,67.7
10 SOUTH STREET STRATHFIELD,STRATHFIELD,NSW,2135,28,1998,67.7
162-164 ALBERT ROAD STRATHFIELD,STRATHFIELD,NSW,2135,28,1998,67.7
5 AGNES STREET STRATHFIELD,STRATHFIELD,NSW,2135,28,1998,67.7
34 MURRAY STREET CROYDON,CROYDON,NSW,2132,28,1998,67.7
14 CARRINGTON ROAD WAVERLEY,WAVERLEY,NSW,2024,28,1998,67.7
34 TOWNS ROAD VAUCLUSE,VAUCLUSE,NSW,2030,28,1998,67.7
23 GEORGE STREET DOVER HEIGHTS,DOVER HEIGHTS,NSW,2030,28,1998,67.7
297-297A EDGECLIFF ROAD WOOLLAHRA,WOOLLAHRA,NSW,2025,28,1998,67.7
2 MURRAY STREET SYDNEY,SYDNEY,NSW,2000,28,1998,67.7
30 RANGERS ROAD CREMORNE,CREMORNE,NSW,2090,21,2005,67.7
30 KIRKOSWALD AVENUE MOSMAN,MOSMAN,NSW,2088,28,1998,67.7
12 CHALEYER STREET ROSE BAY,ROSE BAY,NSW,2029,28,1998,67.7
28 BANGALLA ROAD ROSE BAY,ROSE BAY,NSW,2029,28,1998,67.7
40X THE COMENARRA PARKWAY THORNLEIGH,THORNLEIGH,NSW,2120,28,1998,67.7
29-33X CALLISTEMON CLOSE NORTH EPPING,NORTH EPPING,NSW,2121,28,1998,67.7
65 FRANCIS GREENWAY DRIVE CHERRYBROOK,CHERRYBROOK,NSW,2126,28,1998,67.7
38B LAURENCE STREET PENNANT HILLS,PENNANT HILLS,NSW,2120,28,1998,67.7
7 HERITAGE COURT CASTLE HILL,CASTLE HILL,NSW,2154,28,1998,67.7
72 CROMER ROAD CROMER,CROMER,NSW,2099,28,1998,67.7
48 YARRABUNG ROAD ST IVES,ST IVES,NSW,2075,28,1998,67.7
194 CHAPMAN PARADE FAULCONBRIDGE,FAULCONBRIDGE,NSW,2776,28,1998,67.7
54 BEECHWORTH ROAD PYMBLE,PYMBLE,NSW,2073,28,1998,67.7
52 ST JOHNS AVENUE GORDON,GORDON,NSW,2072,28,1998,67.7
6 CATALPA AVENUE BLAXLAND,BLAXLAND,NSW,2774,28,1998,67.7
14 MACKS GLEN BEAUMONT HILLS,BEAUMONT HILLS,NSW,2155,28,1998,67.7
10-12 COLLEGE CRESCENT HORNSBY,HORNSBY,NSW,2077,28,1998,67.7
2 KULGOA CRESCENT DUFFYS FOREST,DUFFYS FOREST,NSW,2084,28,1998,67.7
23 PROTEA PLACE CHERRYBROOK,CHERRYBROOK,NSW,2126,28,1998,67.7
25 WAYFIELD ROAD GLENHAVEN,GLENHAVEN,NSW,2156,28,1998,67.7
414-416 OLD NORTHERN ROAD GLENHAVEN,GLENHAVEN,NSW,2156,28,1998,67.7
22 CATTAI RIDGE ROAD GLENORIE,GLENORIE,NSW,2157,28,1998,67.7
4 BARCOO ISLAND SYLVANIA WATERS,WATERS,NSW,,28,1998,67.6
26 KENSINGTON ROAD KENSINGTON,KENSINGTON,NSW,2033,28,1998,67.6
5 BODEN AVENUE STRATHFIELD,STRATHFIELD,NSW,2135,28,1998,67.6
167-169 ALBERT ROAD STRATHFIELD,STRATHFIELD,NSW,2135,28,1998,67.6
88-94 REDMYRE ROAD STRATHFIELD,STRATHFIELD,NSW,2135,28,1998,67.6
62 ALBYN ROAD STRATHFIELD,STRATHFIELD,NSW,2135,28,1998,67.6
103 ROCHESTER STREET STRATHFIELD,STRATHFIELD,NSW,2135,28,1998,67.6
7 BIRNAM GROVE STRATHFIELD,STRATHFIELD,NSW,2135,28,1998,67.6
126/108 ELIZABETH BAY ROAD ELIZABETH BAY,ELIZABETH BAY,NSW,2011,28,1998,67.6
1/356-366 NEW SOUTH HEAD ROAD DOUBLE BAY,DOUBLE BAY,NSW,2028,28,1998,67.6
8B BULKARA ROAD BELLEVUE HILL,BELLEVUE HILL,NSW,2023,28,1998,67.6
106 MURRIVERIE ROAD NORTH BONDI,NORTH BONDI,NSW,2026,28,1998,67.6
6 GINAHGULLA ROAD BELLEVUE HILL,BELLEVUE HILL,NSW,2023,28,1998,67.6
17 DOUGLAS PARADE DOVER HEIGHTS,DOVER HEIGHTS,NSW,2030,28,1998,67.6
18 KIAORA ROAD DOUBLE BAY,DOUBLE BAY,NSW,2028,28,1998,67.6
12 WEEROONA AVENUE WOOLLAHRA,WOOLLAHRA,NSW,2025,28,1998,67.6
14 RUSSELL STREET WOOLLAHRA,WOOLLAHRA,NSW,2025,28,1998,67.6
8 WEEROONA AVENUE WOOLLAHRA,WOOLLAHRA,NSW,2025,28,1998,67.6
42 THE CRESCENT VAUCLUSE,VAUCLUSE,NSW,2030,28,1998,67.6
EXPLORER STREET EVELEIGH,EVELEIGH,NSW,2015,28,1998,67.6
36 YODALLA AVENUE EMU PLAINS,EMU PLAINS,NSW,2750,28,1998,67.6
209 HILL END ROAD DOONSIDE,DOONSIDE,NSW,2767,28,1998,67.6
11 BAMBARA CRESCENT BEECROFT,BEECROFT,NSW,2119,21,2005,67.6
202 MALTON ROAD NORTH EPPING,NORTH EPPING,NSW,2121,28,1998,67.6
28 YANDERRA GROVE CHERRYBROOK,CHERRYBROOK,NSW,2126,28,1998,67.6
70 GUMNUT ROAD CHERRYBROOK,CHERRYBROOK,NSW,2126,28,1998,67.6
9 IVY PLACE CHERRYBROOK,CHERRYBROOK,NSW,2126,28,1998,67.6
31X SHEPHERDS DRIVE CHERRYBROOK,CHERRYBROOK,NSW,2126,28,1998,67.6
349-355 PENNANT HILLS ROAD PENNANT HILLS,PENNANT HILLS,NSW,2120,28,1998,67.6
CRANE ROAD CASTLE HILL,CASTLE HILL,NSW,2154,28,1998,67.6
21 TIMOTHY AVENUE CASTLE HILL,CASTLE HILL,NSW,2154,28,1998,67.6
21 JINDABYNE AVENUE BAULKHAM HILLS,BAULKHAM HILLS,NSW,2153,28,1998,67.6
11 BOWEN CLOSE CHERRYBROOK,CHERRYBROOK,NSW,2126,28,1998,67.6
12 MARIAM PLACE CHERRYBROOK,CHERRYBROOK,NSW,2126,28,1998,67.6
VANESSA AVENUE BAULKHAM HILLS,BAULKHAM HILLS,NSW,2153,28,1998,67.6
28 CHARLIE YANKOS STREET GLENWOOD,GLENWOOD,NSW,2768,28,1998,67.6
AQUATIC DRIVE FRENCHS FOREST,FRENCHS FOREST,NSW,2086,28,1998,67.6
3 ANDOVE STREET BELROSE,BELROSE,NSW,2085,28,1998,67.6
28 MEEKS CRESCENT FAULCONBRIDGE,FAULCONBRIDGE,NSW,2776,28,1998,67.6
5C GANMAIN ROAD PYMBLE,PYMBLE,NSW,2073,28,1998,67.6
11 FLORABELLA STREET WARRIMOO,WARRIMOO,NSW,2774,28,1998,67.6
23 ROSS CRESCENT BLAXLAND,BLAXLAND,NSW,2774,28,1998,67.6
101 SHEPHERDS DRIVE CHERRYBROOK,CHERRYBROOK,NSW,2126,28,1998,67.6
44 CABER CLOSE DURAL,DURAL,NSW,2158,28,1998,67.6
161 KANANGRA AVENUE TERREY HILLS,TERREY HILLS,NSW,2084,28,1998,67.6
10 CECIL ROAD HORNSBY,HORNSBY,NSW,2077,28,1998,67.6
42 WOONONA AVENUE WAHROONGA,WAHROONGA,NSW,2076,28,1998,67.6
37 WATER STREET WAHROONGA,WAHROONGA,NSW,2076,28,1998,67.6
12 DURBAR AVENUE KIRRAWEE,KIRRAWEE,NSW,2232,28,1998,67.5
182 OBERON STREET COOGEE,COOGEE,NSW,2034,28,1998,67.5
6 ATHOL STREET SOUTH COOGEE,SOUTH COOGEE,NSW,2034,28,1998,67.5
48 CANBERRA STREET RANDWICK,RANDWICK,NSW,2031,28,1998,67.5
33 ARTHUR STREET RANDWICK,RANDWICK,NSW,2031,28,1998,67.5
901/8 EBSWORTH STREET ZETLAND,ZETLAND,NSW,2017,28,1998,67.5
11 CAMERON STREET STRATHFIELD,STRATHFIELD,NSW,2135,28,1998,67.5
5 CROSS STREET STRATHFIELD,STRATHFIELD,NSW,2135,28,1998,67.5
37 WILLEE STREET STRATHFIELD,STRATHFIELD,NSW,2135,28,1998,67.5
5 ALVISTON STREET STRATHFIELD,STRATHFIELD,NSW,2135,28,1998,67.5
26 ELWIN STREET STRATHFIELD,STRATHFIELD,NSW,2135,28,1998,67.5
51 KINGSLAND ROAD STRATHFIELD,STRATHFIELD,NSW,2135,28,1998,67.5
6 SUNBEAM AVENUE BURWOOD,BURWOOD,NSW,2134,28,1998,67.5
42 TAHLEE STREET BURWOOD,BURWOOD,NSW,2134,28,1998,67.5
3 BOLD STREET BURWOOD,BURWOOD,NSW,2134,28,1998,67.5
43 WOODSIDE AVENUE BURWOOD,BURWOOD,NSW,2134,28,1998,67.5
36 NEWTON ROAD STRATHFIELD,STRATHFIELD,NSW,2135,28,1998,67.5
61 HIGHGATE STREET STRATHFIELD,STRATHFIELD,NSW,2135,28,1998,67.5
43 CAVE ROAD STRATHFIELD,STRATHFIELD,NSW,2135,28,1998,67.5
23 HEDGES AVENUE STRATHFIELD,STRATHFIELD,NSW,2135,28,1998,67.5
3B EMU STREET STRATHFIELD,STRATHFIELD,NSW,2135,28,1998,67.5
10 GRAINGER AVENUE ASHFIELD,ASHFIELD,NSW,2131,28,1998,67.5
1/29-33 MONA ROAD DARLING POINT,DARLING POINT,NSW,2027,28,1998,67.5
647 OLD SOUTH HEAD ROAD ROSE BAY,ROSE BAY,NSW,2029,28,1998,67.5
535 OLD SOUTH HEAD ROAD ROSE BAY,ROSE BAY,NSW,2029,28,1998,67.5
52 BAY STREET DOUBLE BAY,DOUBLE BAY,NSW,2028,28,1998,67.5
721 SOUTH DOWLING STREET REDFERN,REDFERN,NSW,2016,28,1998,67.5
2/78 CHALEYER STREET ROSE BAY,ROSE BAY,NSW,2029,28,1998,67.5
29 KENT ROAD ROSE BAY,ROSE BAY,NSW,2029,28,1998,67.5
67 CAMERON STREET EDGECLIFF,EDGECLIFF,NSW,2027,28,1998,67.5
61 RUSSELL STREET VAUCLUSE,VAUCLUSE,NSW,2030,28,1998,67.5
85 THE ESPLANADE THORNLEIGH,THORNLEIGH,NSW,2120,28,1998,67.5
24 WOODCREST PLACE CHERRYBROOK,CHERRYBROOK,NSW,2126,28,1998,67.5
27 STAR CRESCENT WEST PENNANT HILLS,WEST PENNANT HILLS,NSW,2125,28,1998,67.5
8A PATU PLACE CHERRYBROOK,CHERRYBROOK,NSW,2126,28,1998,67.5
3 HIGHS ROAD WEST PENNANT HILLS,WEST PENNANT HILLS,NSW,2125,28,1998,67.5
21 KALIANNA CRESCENT BEACON HILL,BEACON HILL,NSW,2100,28,1998,67.5
61 WASHINGTON AVENUE CROMER,CROMER,NSW,2099,28,1998,67.5
26A WOODBURY ROAD ST IVES,ST IVES,NSW,2075,28,1998,67.5
43 CAMBOURNE AVENUE ST IVES,ST IVES,NSW,2075,28,1998,67.5
101 WARRAGAL ROAD TURRAMURRA,TURRAMURRA,NSW,2074,28,1998,67.5
45 POGSON DRIVE CHERRYBROOK,CHERRYBROOK,NSW,2126,28,1998,67.5
333 MONA VALE ROAD TERREY HILLS,TERREY HILLS,NSW,2084,28,1998,67.5
28B CABER CLOSE DURAL,DURAL,NSW,2158,28,1998,67.5
MONA VALE ROAD INGLESIDE,INGLESIDE,NSW,2101,28,1998,67.5
47A BUNDARRA AVENUE WAHROONGA,WAHROONGA,NSW,2076,28,1998,67.5
22/23-29 WILLOCK AVENUE MIRANDA,MIRANDA,NSW,2228,21,2005,67.4
10 BONDELL AVENUE GYMEA,GYMEA,NSW,2227,28,1998,67.4
96 MOONS AVENUE LUGARNO,LUGARNO,NSW,2210,28,1998,67.4
60 ROSLYN STREET ASHBURY,ASHBURY,NSW,2193,28,1998,67.4
143 THE BOULEVARDE STRATHFIELD,STRATHFIELD,NSW,2135,28,1998,67.4
11 NEWTON ROAD STRATHFIELD,STRATHFIELD,NSW,2135,28,1998,67.4
6 ALBYN ROAD STRATHFIELD,STRATHFIELD,NSW,2135,28,1998,67.4
290 BURWOOD ROAD BURWOOD,BURWOOD,NSW,2134,28,1998,67.4
2 ALVISTON STREET STRATHFIELD,STRATHFIELD,NSW,2135,28,1998,67.4
35 ROSE CRESCENT AUBURN,AUBURN,NSW,2144,28,1998,67.4
17-19 GUILFOYLE AVENUE DOUBLE BAY,DOUBLE BAY,NSW,2028,28,1998,67.4
32 DARLING POINT ROAD DARLING POINT,DARLING POINT,NSW,2027,28,1998,67.4
PORTLAND STREET DOVER HEIGHTS,DOVER HEIGHTS,NSW,2030,28,1998,67.4
550 NEW SOUTH HEAD ROAD ROSE BAY,ROSE BAY,NSW,2029,28,1998,67.4
43A TOWNS ROAD VAUCLUSE,VAUCLUSE,NSW,2030,28,1998,67.4
64 SIR THOMAS MITCHELL ROAD BONDI BEACH,BONDI BEACH,NSW,2026,28,1998,67.4
70 RAGLAN STREET MOSMAN,MOSMAN,NSW,2088,21,2005,67.4
12 ELFRIDA STREET MOSMAN,MOSMAN,NSW,2088,28,1998,67.4
96 CROWN ROAD QUEENSCLIFF,QUEENSCLIFF,NSW,2096,28,1998,67.4
201A COPELAND ROAD BEECROFT,BEECROFT,NSW,2119,28,1998,67.4
9 BOWEN AVENUE SOUTH TURRAMURRA,SOUTH TURRAMURRA,NSW,2074,28,1998,67.4
28 THE BOULEVARD CHELTENHAM,CHELTENHAM,NSW,2119,28,1998,67.4
20 ROSSIAN PLACE CHERRYBROOK,CHERRYBROOK,NSW,2126,28,1998,67.4
15 TALLOWWOOD AVENUE CHERRYBROOK,CHERRYBROOK,NSW,2126,28,1998,67.4
71 TALLOWWOOD AVENUE CHERRYBROOK,CHERRYBROOK,NSW,2126,28,1998,67.4
66 GUMNUT ROAD CHERRYBROOK,CHERRYBROOK,NSW,2126,28,1998,67.4
36 ROSLYN PLACE CHERRYBROOK,CHERRYBROOK,NSW,2126,28,1998,67.4
14 LONICERA PLACE CHERRYBROOK,CHERRYBROOK,NSW,2126,28,1998,67.4
9 CECIL AVENUE PENNANT HILLS,PENNANT HILLS,NSW,2120,28,1998,67.4
31A WERONA STREET PENNANT HILLS,PENNANT HILLS,NSW,2120,28,1998,67.4
20 BRIDGEVIEW CRESCENT THORNLEIGH,THORNLEIGH,NSW,2120,28,1998,67.4
1 TUDOR AVENUE CHERRYBROOK,CHERRYBROOK,NSW,2126,28,1998,67.4
25 SUTHERLAND ROAD CHELTENHAM,CHELTENHAM,NSW,2119,28,1998,67.4
207A COPELAND ROAD BEECROFT,BEECROFT,NSW,2119,28,1998,67.4
15 TALINGA PLACE CHERRYBROOK,CHERRYBROOK,NSW,2126,28,1998,67.4
231-239 OLD NORTHERN ROAD CASTLE HILL,CASTLE HILL,NSW,2154,28,1998,67.4
33 WABASH AVENUE CROMER,CROMER,NSW,2099,28,1998,67.4
8 KENNA PLACE CROMER,CROMER,NSW,2099,28,1998,67.4
27 ATHENA AVENUE ST IVES,ST IVES,NSW,2075,28,1998,67.4
116 GROSE ROAD FAULCONBRIDGE,FAULCONBRIDGE,NSW,2776,28,1998,67.4
191-195 LINDEN CRESCENT CRANEBROOK,CRANEBROOK,NSW,2749,28,1998,67.4
29 WARATAH ROAD TURRAMURRA,TURRAMURRA,NSW,2074,28,1998,67.4
3 LINDEN AVENUE PYMBLE,PYMBLE,NSW,2073,28,1998,67.4
1 ANDERSON AVENUE SOUTH TURRAMURRA,SOUTH TURRAMURRA,NSW,2074,21,2005,67.4
10 CARTER STREET GORDON,GORDON,NSW,2072,28,1998,67.4
5A BURGOYNE STREET GORDON,GORDON,NSW,2072,28,1998,67.4
21 VIEW STREET BLAXLAND,BLAXLAND,NSW,2774,28,1998,67.4
71 OAKHILL DRIVE CASTLE HILL,CASTLE HILL,NSW,2154,28,1998,67.4
25 CURRONG CIRCUIT TERREY HILLS,TERREY HILLS,NSW,2084,28,1998,67.4
61 ILUKA AVENUE ELANORA HEIGHTS,ELANORA HEIGHTS,NSW,2101,28,1998,67.4
107-115 PACIFIC HIGHWAY HORNSBY,HORNSBY,NSW,2077,28,1998,67.4
38 FARADAY ROAD PADSTOW,PADSTOW,NSW,2211,28,1998,67.3
14 WAKEFORD ROAD STRATHFIELD,STRATHFIELD,NSW,2135,28,1998,67.3
7 SUMMIT PLACE STRATHFIELD,STRATHFIELD,NSW,2135,28,1998,67.3
23 PALMER AVENUE STRATHFIELD,STRATHFIELD,NSW,2135,28,1998,67.3
83 HOMEBUSH ROAD STRATHFIELD,STRATHFIELD,NSW,2135,28,1998,67.3
6 WISTON GARDENS DOUBLE BAY,DOUBLE BAY,NSW,2028,28,1998,67.3
45 STREATFIELD ROAD BELLEVUE HILL,BELLEVUE HILL,NSW,2023,28,1998,67.3
1 BERESFORD ROAD ROSE BAY,ROSE BAY,NSW,2029,28,1998,67.3
1 KARDINIA ROAD MOSMAN,MOSMAN,NSW,2088,28,1998,67.3
247 SWALLOW DRIVE ERSKINE PARK,ERSKINE PARK,NSW,2759,28,1998,67.3
11 SIRIUS COVE ROAD MOSMAN,MOSMAN,NSW,2088,28,1998,67.3
1A BEACONSFIELD ROAD MOSMAN,MOSMAN,NSW,2088,28,1998,67.3
6 WATKIN STREET JORDAN SPRINGS,JORDAN SPRINGS,NSW,2747,28,1998,67.3
112 NEPEAN AVENUE PENRITH,PENRITH,NSW,2750,28,1998,67.3
1 FANE PLACE DOONSIDE,DOONSIDE,NSW,2767,28,1998,67.3
19 ORCHARD STREET PENNANT HILLS,PENNANT HILLS,NSW,2120,28,1998,67.3
96 CASUARINA DRIVE CHERRYBROOK,CHERRYBROOK,NSW,2126,28,1998,67.3
11 GRAYLIND AVENUE WEST PENNANT HILLS,WEST PENNANT HILLS,NSW,2125,28,1998,67.3
20 HAVEN COURT CHERRYBROOK,CHERRYBROOK,NSW,2126,28,1998,67.3
5 LES SHORE PLACE CASTLE HILL,CASTLE HILL,NSW,2154,28,1998,67.3
5 SAFORD STREET FORESTVILLE,FORESTVILLE,NSW,2087,28,1998,67.3
6 MAYBROOK AVENUE CROMER,CROMER,NSW,2099,28,1998,67.3
25 RYRIE AVENUE CROMER,CROMER,NSW,2099,28,1998,67.3
3 THEW PARADE CROMER,CROMER,NSW,2099,28,1998,67.3
97A SIR THOMAS MITCHELL DRIVE DAVIDSON,DAVIDSON,NSW,2085,28,1998,67.3
21/39 HAWKESBURY ROAD SPRINGWOOD,SPRINGWOOD,NSW,2777,28,1998,67.3
2 CROSBY AVENUE BEAUMONT HILLS,BEAUMONT HILLS,NSW,2155,28,1998,67.3
19 PARK ROAD KENTHURST,KENTHURST,NSW,2156,28,1998,67.3
22 PARTRIDGE AVENUE MIRANDA,MIRANDA,NSW,2228,28,1998,67.2
18-20 MOOKI STREET MIRANDA,MIRANDA,NSW,2228,28,1998,67.2
43 WILLS ROAD LONG POINT,LONG POINT,NSW,2564,28,1998,67.2
NELL STREET EDMONDSON PARK,EDMONDSON PARK,NSW,2174,28,1998,67.2
33 CLIFFORD CRESCENT INGLEBURN,INGLEBURN,NSW,2565,28,1998,67.2
6 GEORGES RIVER ROAD OYSTER BAY,OYSTER BAY,NSW,2225,28,1998,67.2
11 SPAGNOLO PLACE PRESTONS,PRESTONS,NSW,2170,28,1998,67.2
3 BAREENA STREET STRATHFIELD,STRATHFIELD,NSW,2135,28,1998,67.2
392 LIVERPOOL ROAD STRATHFIELD SOUTH,STRATHFIELD SOUTH,NSW,2136,28,1998,67.2
367-369 LIVERPOOL ROAD STRATHFIELD,STRATHFIELD,NSW,2135,28,1998,67.2
13-15 KINGSLAND ROAD STRATHFIELD,STRATHFIELD,NSW,2135,28,1998,67.2
39 MYRNA ROAD STRATHFIELD,STRATHFIELD,NSW,2135,28,1998,67.2
105 THE BOULEVARDE STRATHFIELD,STRATHFIELD,NSW,2135,28,1998,67.2
98-102 ALBERT ROAD STRATHFIELD,STRATHFIELD,NSW,2135,28,1998,67.2
58-64 DARLING POINT ROAD DARLING POINT,DARLING POINT,NSW,2027,28,1998,67.2
58 OCEAN STREET WOOLLAHRA,WOOLLAHRA,NSW,2025,28,1998,67.2
5 FAIRWEATHER STREET BELLEVUE HILL,BELLEVUE HILL,NSW,2023,28,1998,67.2
58A BLAIR STREET NORTH BONDI,NORTH BONDI,NSW,2026,28,1998,67.2
14-28 ULTIMO ROAD ULTIMO,ULTIMO,NSW,2007,28,1998,67.2
451-459 GLEBE POINT ROAD GLEBE,GLEBE,NSW,2037,28,1998,67.2
335 OLD SOUTH HEAD ROAD WATSONS BAY,WATSONS BAY,NSW,2030,28,1998,67.2
12A GREGORY TERRACE LAPSTONE,LAPSTONE,NSW,2773,28,1998,67.2
50 THE CRESCENT CHELTENHAM,CHELTENHAM,NSW,2119,28,1998,67.2
1 FRANKLIN ROAD CHERRYBROOK,CHERRYBROOK,NSW,2126,28,1998,67.2
5 TORRENS PLACE CHERRYBROOK,CHERRYBROOK,NSW,2126,28,1998,67.2
32A CHERRYBROOK ROAD WEST PENNANT HILLS,WEST PENNANT HILLS,NSW,2125,28,1998,67.2
3 CHEYNE WALK WEST PENNANT HILLS,WEST PENNANT HILLS,NSW,2125,28,1998,67.2
10A MALTON ROAD BEECROFT,BEECROFT,NSW,2119,28,1998,67.2
21 BELLWOOD PLACE CASTLE HILL,CASTLE HILL,NSW,2154,28,1998,67.2
4 WOODGROVE AVENUE CASTLE HILL,CASTLE HILL,NSW,2154,28,1998,67.2
17 FERNLEIGH CLOSE CHERRYBROOK,CHERRYBROOK,NSW,2126,28,1998,67.2
48 BEACON HILL ROAD BEACON HILL,BEACON HILL,NSW,2100,28,1998,67.2
25A TORONTO AVENUE CROMER,CROMER,NSW,2099,28,1998,67.2
5 GILLOTT WAY ST IVES,ST IVES,NSW,2075,28,1998,67.2
1 CARISSA AVENUE ST IVES,ST IVES,NSW,2075,28,1998,67.2
12 TORWOOD STREET WARRIMOO,WARRIMOO,NSW,2774,28,1998,67.2
5 DOUGLAS STREET ST IVES,ST IVES,NSW,2075,28,1998,67.2
6 BLACKTHORN PLACE KELLYVILLE,KELLYVILLE,NSW,2155,28,1998,67.2
1 TIMOTHY CLOSE CHERRYBROOK,CHERRYBROOK,NSW,2126,28,1998,67.2
30 BELLTREE CRESCENT CASTLE HILL,CASTLE HILL,NSW,2154,28,1998,67.2
79 ALEXANDRIA PARADE WAHROONGA,WAHROONGA,NSW,2076,28,1998,67.2
3 EDWIN WARD PLACE MONA VALE,MONA VALE,NSW,2103,28,1998,67.2
21 PRICES CIRCUIT WORONORA,WORONORA,NSW,2232,28,1998,67.1
417 THE BOULEVARDE KIRRAWEE,KIRRAWEE,NSW,2232,28,1998,67.1
45 GIRRAWEEN AVENUE COMO,COMO,NSW,2226,28,1998,67.1
25 NYMBOIDA STREET SOUTH COOGEE,SOUTH COOGEE,NSW,2034,28,1998,67.1
1B INGRAM STREET KENSINGTON,KENSINGTON,NSW,2033,28,1998,67.1
7 HANKS STREET ASHFIELD,ASHFIELD,NSW,2131,28,1998,67.1
100 NEWTON ROAD STRATHFIELD,STRATHFIELD,NSW,2135,28,1998,67.1
15 BAREENA STREET STRATHFIELD,STRATHFIELD,NSW,2135,28,1998,67.1
14 VICTORIA STREET STRATHFIELD,STRATHFIELD,NSW,2135,28,1998,67.1
52 BAREENA STREET STRATHFIELD,STRATHFIELD,NSW,2135,28,1998,67.1
8 SOUTH STREET STRATHFIELD,STRATHFIELD,NSW,2135,28,1998,67.1
39 PEMBERTON STREET STRATHFIELD,STRATHFIELD,NSW,2135,28,1998,67.1
11 HEYDE AVENUE STRATHFIELD,STRATHFIELD,NSW,2135,28,1998,67.1
52 BATES STREET STRATHFIELD,STRATHFIELD,NSW,2135,28,1998,67.1
144 THE BOULEVARDE STRATHFIELD,STRATHFIELD,NSW,2135,28,1998,67.1
1 ITHACA ROAD ELIZABETH BAY,ELIZABETH BAY,NSW,2011,28,1998,67.1
74 ELIZABETH BAY ROAD ELIZABETH BAY,ELIZABETH BAY,NSW,2011,28,1998,67.1
18 KARDINIA ROAD MOSMAN,MOSMAN,NSW,2088,28,1998,67.1
19 FOSTER STREET SURRY HILLS,SURRY HILLS,NSW,2010,28,1998,67.1
115 GOVERNORS DRIVE LAPSTONE,LAPSTONE,NSW,2773,28,1998,67.1
6 HOLDEN AVENUE EPPING,EPPING,NSW,2121,21,2005,67.1
46-60 PURCHASE ROAD CHERRYBROOK,CHERRYBROOK,NSW,2126,28,1998,67.1
25 FRANCIS GREENWAY DRIVE CHERRYBROOK,CHERRYBROOK,NSW,2126,28,1998,67.1
68 MACQUARIE DRIVE CHERRYBROOK,CHERRYBROOK,NSW,2126,28,1998,67.1
45X EDWARD BENNETT DRIVE CHERRYBROOK,CHERRYBROOK,NSW,2126,28,1998,67.1
13 GIRRALONG AVENUE BAULKHAM HILLS,BAULKHAM HILLS,NSW,2153,21,2005,67.1
2 GOLDEN GROVE CHERRYBROOK,CHERRYBROOK,NSW,2126,28,1998,67.1
82 ROSE AVENUE WHEELER HEIGHTS,WHEELER HEIGHTS,NSW,2097,28,1998,67.1
138 BANTRY BAY ROAD FRENCHS FOREST,FRENCHS FOREST,NSW,2086,28,1998,67.1
4A CRANFORD AVENUE ST IVES,ST IVES,NSW,2075,28,1998,67.1
41 WARATAH ROAD VALLEY HEIGHTS,VALLEY HEIGHTS,NSW,2777,28,1998,67.1
12 BLACKWATTLE PLACE CHERRYBROOK,CHERRYBROOK,NSW,2126,28,1998,67.1
99 WOORARRA AVENUE NORTH NARRABEEN,NORTH NARRABEEN,NSW,2101,28,1998,67.1
49 ARTHUR STREET HORNSBY,HORNSBY,NSW,2077,28,1998,67.1
31A STONECROP ROAD NORTH TURRAMURRA,NORTH TURRAMURRA,NSW,2074,28,1998,67.1
148R KINGSWAY CRONULLA,CRONULLA,NSW,2230,28,1998,67.0
143 PRESIDENT AVENUE MIRANDA,MIRANDA,NSW,2228,28,1998,67.0
41 WILBERFORCE ROAD REVESBY,REVESBY,NSW,2212,28,1998,67.0
26 MARINE PARADE MAROUBRA,MAROUBRA,NSW,2035,28,1998,67.0
370 ALISON ROAD COOGEE,COOGEE,NSW,2034,28,1998,67.0
115-117 KING STREET MASCOT,MASCOT,NSW,2020,28,1998,67.0
59 SHORTLAND AVENUE STRATHFIELD,STRATHFIELD,NSW,2135,28,1998,67.0
73 WALLIS AVENUE STRATHFIELD,STRATHFIELD,NSW,2135,35,1991,67.0
16 ELWIN STREET STRATHFIELD,STRATHFIELD,NSW,2135,28,1998,67.0
65 CHALMERS ROAD STRATHFIELD,STRATHFIELD,NSW,2135,28,1998,67.0
10 EDGAR STREET STRATHFIELD,STRATHFIELD,NSW,2135,28,1998,67.0
10/18 MARGARET STREET STRATHFIELD,STRATHFIELD,NSW,2135,28,1998,67.0
20 ANGEL ROAD STRATHFIELD,STRATHFIELD,NSW,2135,28,1998,67.0
19-21 MEREDITH STREET HOMEBUSH,HOMEBUSH,NSW,2140,28,1998,67.0
11 STRATHFIELD AVENUE STRATHFIELD,STRATHFIELD,NSW,2135,28,1998,67.0
12 VICTORIA STREET ASHFIELD,ASHFIELD,NSW,2131,28,1998,67.0
50 CHAMBERLAIN AVENUE ROSE BAY,ROSE BAY,NSW,2029,28,1998,67.0
19 BLACK STREET VAUCLUSE,VAUCLUSE,NSW,2030,28,1998,67.0
6-8 CRANBROOK ROAD BELLEVUE HILL,BELLEVUE HILL,NSW,2023,28,1998,67.0
85 OCEAN STREET WOOLLAHRA,WOOLLAHRA,NSW,2025,28,1998,67.0
105 MANNING ROAD WOOLLAHRA,WOOLLAHRA,NSW,2025,28,1998,67.0
6/18A ALBERT STREET EDGECLIFF,EDGECLIFF,NSW,2027,28,1998,67.0
32 STANTON ROAD MOSMAN,MOSMAN,NSW,2088,28,1998,67.0
42 CALYPSO AVENUE MOSMAN,MOSMAN,NSW,2088,28,1998,67.0
8 LORD HOWE STREET DOVER HEIGHTS,DOVER HEIGHTS,NSW,2030,28,1998,67.0
3 CHURCHILL CRESCENT CAMMERAY,CAMMERAY,NSW,2062,21,2005,67.0
121 GOVERNORS DRIVE LAPSTONE,LAPSTONE,NSW,2773,28,1998,67.0
10 WILKIE CRESCENT DOONSIDE,DOONSIDE,NSW,2767,28,1998,67.0
33 PALOMAR PARADE FRESHWATER,FRESHWATER,NSW,2096,28,1998,67.0
3-9 KAY CLOSE CHERRYBROOK,CHERRYBROOK,NSW,2126,28,1998,67.0
11 HOLLY ROAD CHERRYBROOK,CHERRYBROOK,NSW,2126,28,1998,67.0
34 BEAHAN PLACE CHERRYBROOK,CHERRYBROOK,NSW,2126,28,1998,67.0
20 LONICERA PLACE CHERRYBROOK,CHERRYBROOK,NSW,2126,28,1998,67.0
10 NUNDA CLOSE PENNANT HILLS,PENNANT HILLS,NSW,2120,28,1998,67.0
203 BEECROFT ROAD CHELTENHAM,CHELTENHAM,NSW,2119,28,1998,67.0
21 MARGARET STREET BEACON HILL,BEACON HILL,NSW,2100,28,1998,67.0
78 TORONTO AVENUE CROMER,CROMER,NSW,2099,28,1998,67.0
61A KENTHURST ROAD ST IVES,ST IVES,NSW,2075,28,1998,67.0
11 CASSANDRA AVENUE ST IVES,ST IVES,NSW,2075,28,1998,67.0
6 LALANDA CLOSE CRANEBROOK,CRANEBROOK,NSW,2749,28,1998,67.0
1 VERNON STREET SOUTH TURRAMURRA,SOUTH TURRAMURRA,NSW,2074,28,1998,67.0
11 BOYNTON STREET BLAXLAND,BLAXLAND,NSW,2774,28,1998,67.0
15 ISABEL CLOSE CHERRYBROOK,CHERRYBROOK,NSW,2126,28,1998,67.0
1/26-30 TEPKO ROAD TERREY HILLS,TERREY HILLS,NSW,2084,28,1998,67.0
194 PACIFIC HIGHWAY HORNSBY,HORNSBY,NSW,2077,28,1998,67.0
209 WILLARONG ROAD CARINGBAH,CARINGBAH,NSW,2229,28,1998,66.9
25-35 KINGSWAY CRONULLA,CRONULLA,NSW,2230,28,1998,66.9
55 SOLDIERS ROAD JANNALI,JANNALI,NSW,2226,28,1998,66.9
12 RYAN ROAD PADSTOW,PADSTOW,NSW,2211,28,1998,66.9
13 MALABAR ROAD SOUTH COOGEE,SOUTH COOGEE,NSW,2034,28,1998,66.9
1/21 PACIFIC STREET BRONTE,BRONTE,NSW,2024,28,1998,66.9
22A NORTON STREET KINGSFORD,KINGSFORD,NSW,2032,28,1998,66.9
46 ARTHUR STREET STRATHFIELD,STRATHFIELD,NSW,2135,28,1998,66.9
69 WOODSIDE AVENUE STRATHFIELD,STRATHFIELD,NSW,2135,28,1998,66.9
18 JERSEY ROAD STRATHFIELD,STRATHFIELD,NSW,2135,28,1998,66.9
2 STRATHFIELD AVENUE STRATHFIELD,STRATHFIELD,NSW,2135,28,1998,66.9
10 SUMMIT PLACE STRATHFIELD,STRATHFIELD,NSW,2135,28,1998,66.9
93 THE BOULEVARDE STRATHFIELD,STRATHFIELD,NSW,2135,28,1998,66.9
57 HIGH STREET STRATHFIELD,STRATHFIELD,NSW,2135,28,1998,66.9
82 MURRIVERIE ROAD NORTH BONDI,NORTH BONDI,NSW,2026,28,1998,66.9
1 MANION AVENUE ROSE BAY,ROSE BAY,NSW,2029,28,1998,66.9
27 KENT ROAD ROSE BAY,ROSE BAY,NSW,2029,28,1998,66.9
41 SUTTIE ROAD BELLEVUE HILL,BELLEVUE HILL,NSW,2023,28,1998,66.9
29 THORNE STREET EDGECLIFF,EDGECLIFF,NSW,2027,28,1998,66.9
4 ROSEMONT AVENUE WOOLLAHRA,WOOLLAHRA,NSW,2025,28,1998,66.9
32 GORDON STREET EASTWOOD,EASTWOOD,NSW,2122,21,2005,66.9
133 BETTINGTON ROAD OATLANDS,OATLANDS,NSW,2117,21,2005,66.9
16 MORTON STREET WOLLSTONECRAFT,WOLLSTONECRAFT,NSW,2065,21,2005,66.9
1/31 BELMONT AVENUE WOLLSTONECRAFT,WOLLSTONECRAFT,NSW,2065,21,2005,66.9
66 CLIFF ROAD EPPING,EPPING,NSW,2121,21,2005,66.9
85 EPPING AVENUE EPPING,EPPING,NSW,2121,21,2005,66.9
239 MIDSON ROAD EPPING,EPPING,NSW,2121,21,2005,66.9
42 PARKHILL CRESCENT CHERRYBROOK,CHERRYBROOK,NSW,2126,28,1998,66.9
41 YANDERRA GROVE CHERRYBROOK,CHERRYBROOK,NSW,2126,28,1998,66.9
113 COUNTY DRIVE CHERRYBROOK,CHERRYBROOK,NSW,2126,28,1998,66.9
39 FRANCIS GREENWAY DRIVE CHERRYBROOK,CHERRYBROOK,NSW,2126,28,1998,66.9
90 BOUNDARY ROAD PENNANT HILLS,PENNANT HILLS,NSW,2120,28,1998,66.9
2 ATTUNGA AVENUE WEST PENNANT HILLS,WEST PENNANT HILLS,NSW,2125,28,1998,66.9
7 LYONS PLACE CHERRYBROOK,CHERRYBROOK,NSW,2126,28,1998,66.9
25 FRANKLIN ROAD CHERRYBROOK,CHERRYBROOK,NSW,2126,28,1998,66.9
4 COWAN ROAD ST IVES,ST IVES,NSW,2075,28,1998,66.9
47 MOXHAM STREET CRANEBROOK,CRANEBROOK,NSW,2749,28,1998,66.9
4 DELLVIEW STREET GLENBROOK,GLENBROOK,NSW,2773,28,1998,66.9
38 GREAT WESTERN HIGHWAY BLAXLAND,BLAXLAND,NSW,2774,28,1998,66.9
15 BOLDREWOOD PLACE CHERRYBROOK,CHERRYBROOK,NSW,2126,28,1998,66.9
15 CUBITT DRIVE DENHAM COURT,,NSW,,28,1998,66.8
20 HINCHINBROOK DRIVE HINCHINBROOK,HINCHINBROOK,NSW,2168,28,1998,66.8
151 ROBEY STREET MAROUBRA,MAROUBRA,NSW,2035,28,1998,66.8
9 ABBOTT STREET COOGEE,COOGEE,NSW,2034,28,1998,66.8
59-63 THE BOULEVARDE STRATHFIELD,STRATHFIELD,NSW,2135,28,1998,66.8
34 WOODSIDE AVENUE STRATHFIELD,STRATHFIELD,NSW,2135,28,1998,66.8
34 BATES STREET HOMEBUSH,HOMEBUSH,NSW,2140,28,1998,66.8
13 EDWARD STREET SUMMER HILL,SUMMER HILL,NSW,2130,28,1998,66.8
66-66A DARLING POINT ROAD DARLING POINT,DARLING POINT,NSW,2027,28,1998,66.8
4-12 CADIGAL PLACE DOVER HEIGHTS,DOVER HEIGHTS,NSW,2030,28,1998,66.8
2351-2357 THE NORTHERN ROAD MULGOA,MULGOA,NSW,2745,28,1998,66.8
76 GREAT WESTERN HIGHWAY PARRAMATTA,PARRAMATTA,NSW,2150,28,1998,66.8
89 CLONTARF STREET SEAFORTH,SEAFORTH,NSW,2092,28,1998,66.8
6 ACACIA ROAD SEAFORTH,SEAFORTH,NSW,2092,28,1998,66.8
3 CASTLE CIRCUIT CLOSE SEAFORTH,SEAFORTH,NSW,2092,28,1998,66.8
515 OLD SOUTH HEAD ROAD ROSE BAY,ROSE BAY,NSW,2029,28,1998,66.8
161-175 BEECROFT ROAD CHELTENHAM,CHELTENHAM,NSW,2119,28,1998,66.8
190 BEECROFT ROAD CHELTENHAM,CHELTENHAM,NSW,2119,28,1998,66.8
8 HARTREE PLACE CHERRYBROOK,CHERRYBROOK,NSW,2126,28,1998,66.8
21A ALBION STREET PENNANT HILLS,PENNANT HILLS,NSW,2120,28,1998,66.8
37 BOWERMAN PLACE CHERRYBROOK,CHERRYBROOK,NSW,2126,28,1998,66.8
3 FRERE PLACE CHERRYBROOK,CHERRYBROOK,NSW,2126,28,1998,66.8
56 CHELTENHAM ROAD CHELTENHAM,CHELTENHAM,NSW,2119,28,1998,66.8
11A TANGLEWOOD PLACE WEST PENNANT HILLS,WEST PENNANT HILLS,NSW,2125,28,1998,66.8
7 DORIS HIRST PLACE WEST PENNANT HILLS,WEST PENNANT HILLS,NSW,2125,28,1998,66.8
2A GROVER AVENUE CROMER,CROMER,NSW,2099,28,1998,66.8
4A WOLBAH PLACE CROMER,CROMER,NSW,2099,28,1998,66.8
24 CROMER ROAD CROMER,CROMER,NSW,2099,28,1998,66.8
8 HAYLE STREET ST IVES,ST IVES,NSW,2075,28,1998,66.8
63 DAVIES AVENUE SPRINGWOOD,SPRINGWOOD,NSW,2777,28,1998,66.8
39 AVON ROAD PYMBLE,PYMBLE,NSW,2073,28,1998,66.8
154 GLENHAVEN ROAD GLENHAVEN,GLENHAVEN,NSW,2156,28,1998,66.8
256 KULGOA CRESCENT TERREY HILLS,TERREY HILLS,NSW,2084,28,1998,66.8
9 TIMOTHY CLOSE CHERRYBROOK,CHERRYBROOK,NSW,2126,28,1998,66.8
19 KOKODA AVENUE WAHROONGA,WAHROONGA,NSW,2076,28,1998,66.8
39 BUNDABAH AVENUE ST IVES,ST IVES,NSW,2075,28,1998,66.8
60 HAWKESBURY ESPLANADE SYLVANIA WATERS,SYLVANIA WATERS,NSW,2224,28,1998,66.7
59 MEMORIAL AVENUE LIVERPOOL,LIVERPOOL,NSW,2170,28,1998,66.7
15 BOMBO CLOSE PRESTONS,PRESTONS,NSW,2170,28,1998,66.7
8 BASS STREET KINGSFORD,KINGSFORD,NSW,2032,28,1998,66.7
50 DENNING STREET SOUTH COOGEE,SOUTH COOGEE,NSW,2034,28,1998,66.7
28 ADA AVENUE STRATHFIELD,STRATHFIELD,NSW,2135,28,1998,66.7
6 HOWARD STREET STRATHFIELD,STRATHFIELD,NSW,2135,28,1998,66.7
40 SHORTLAND AVENUE STRATHFIELD,STRATHFIELD,NSW,2135,28,1998,66.7
154 ALBERT ROAD STRATHFIELD,STRATHFIELD,NSW,2135,28,1998,66.7
166 THE BOULEVARDE STRATHFIELD,STRATHFIELD,NSW,2135,28,1998,66.7
158 HAWTHORNE PARADE HABERFIELD,HABERFIELD,NSW,2045,28,1998,66.7
23 VICTORY STREET ROSE BAY,ROSE BAY,NSW,2029,28,1998,66.7
6A DUMARESQ ROAD ROSE BAY,ROSE BAY,NSW,2029,28,1998,66.7
157-159 MILITARY ROAD DOVER HEIGHTS,DOVER HEIGHTS,NSW,2030,28,1998,66.7
33-35 KENT ROAD ROSE BAY,ROSE BAY,NSW,2029,28,1998,66.7
40 OCEANVIEW AVENUE VAUCLUSE,VAUCLUSE,NSW,2030,28,1998,66.7
115 CHALEYER STREET ROSE BAY,ROSE BAY,NSW,2029,28,1998,66.7
117B SEAFORTH CRESCENT SEAFORTH,SEAFORTH,NSW,2092,28,1998,66.7
35 GILLIES STREET WOLLSTONECRAFT,WOLLSTONECRAFT,NSW,2065,21,2005,66.7
21 BURTON STREET MOSMAN,MOSMAN,NSW,2088,21,2005,66.7
27 THE CRESCENT VAUCLUSE,VAUCLUSE,NSW,2030,28,1998,66.7
DELORAINE DRIVE LEONAY,LEONAY,NSW,2750,28,1998,66.7
3 MALOUF PLACE BLACKTOWN,BLACKTOWN,NSW,2148,28,1998,66.7
1/13 HIGHVIEW AVENUE QUEENSCLIFF,QUEENSCLIFF,NSW,2096,28,1998,66.7
134 RAY ROAD EPPING,EPPING,NSW,2121,21,2005,66.7
12 NORTHWOOD WAY CHERRYBROOK,CHERRYBROOK,NSW,2126,28,1998,66.7
25C CHERRYBROOK ROAD WEST PENNANT HILLS,WEST PENNANT HILLS,NSW,2125,28,1998,66.7
4 MAYBUSH WAY CASTLE HILL,CASTLE HILL,NSW,2154,28,1998,66.7
12 HILLGATE PLACE CASTLE HILL,CASTLE HILL,NSW,2154,28,1998,66.7
38 CASUARINA DRIVE CHERRYBROOK,CHERRYBROOK,NSW,2126,28,1998,66.7
11 TUSCAN PLACE BEACON HILL,BEACON HILL,NSW,2100,28,1998,66.7
28 BADCOE ROAD CROMER,CROMER,NSW,2099,28,1998,66.7
5 MOTH CLOSE CRANEBROOK,CRANEBROOK,NSW,2749,28,1998,66.7
44 BARWON AVENUE SOUTH TURRAMURRA,SOUTH TURRAMURRA,NSW,2074,28,1998,66.7
5 ELIZABETH STREET WAHROONGA,WAHROONGA,NSW,2076,28,1998,66.7
57A STATION STREET PYMBLE,PYMBLE,NSW,2073,28,1998,66.7
4-6 HARE STREET GLENBROOK,GLENBROOK,NSW,2773,28,1998,66.7
37 ALEXANDRIA PARADE WAITARA,WAITARA,NSW,2077,28,1998,66.7
2 MURRELL PLACE DURAL,DURAL,NSW,2158,28,1998,66.7
39-41 HASTINGS ROAD CASTLE HILL,CASTLE HILL,NSW,2154,28,1998,66.7
2 FIONA AVENUE WAHROONGA,WAHROONGA,NSW,2076,28,1998,66.7
147 RICKARD ROAD NORTH NARRABEEN,NORTH NARRABEEN,NSW,2101,28,1998,66.7
53B WARRIEWOOD ROAD WARRIEWOOD,WARRIEWOOD,NSW,2102,28,1998,66.7
27A BLACKWOOD STREET MIRANDA,MIRANDA,NSW,2228,28,1998,66.6
28 IRRUBEL ROAD CARINGBAH,CARINGBAH,NSW,2229,28,1998,66.6
662 PORT HACKING ROAD DOLANS BAY,DOLANS BAY,NSW,2229,28,1998,66.6
12 MILROY AVENUE KENSINGTON,KENSINGTON,NSW,2033,28,1998,66.6
102-112 JOYNTON AVENUE ZETLAND,ZETLAND,NSW,2017,28,1998,66.6
34 BODEN AVENUE STRATHFIELD,STRATHFIELD,NSW,2135,28,1998,66.6
38 MEREDITH STREET STRATHFIELD,STRATHFIELD,NSW,2135,28,1998,66.6
10A WONGA STREET STRATHFIELD,STRATHFIELD,NSW,2135,28,1998,66.6
108 BURLINGTON ROAD HOMEBUSH,HOMEBUSH,NSW,2140,28,1998,66.6
22 BRUNSWICK AVENUE STRATHFIELD,STRATHFIELD,NSW,2135,28,1998,66.6
701-703 NEW SOUTH HEAD ROAD ROSE BAY,ROSE BAY,NSW,2029,28,1998,66.6
2 MACLEAY STREET POTTS POINT,POTTS POINT,NSW,2011,28,1998,66.6
51 DRUMALBYN ROAD BELLEVUE HILL,BELLEVUE HILL,NSW,2023,28,1998,66.6
34 RANCH AVENUE GLENBROOK,GLENBROOK,NSW,2773,28,1998,66.6
31A BROOK ROAD GLENBROOK,GLENBROOK,NSW,2773,28,1998,66.6
589 PENNANT HILLS ROAD BEECROFT,BEECROFT,NSW,2119,28,1998,66.6
42-44X COBRAN ROAD CHELTENHAM,CHELTENHAM,NSW,2119,28,1998,66.6
41 BOUNDARY ROAD PENNANT HILLS,PENNANT HILLS,NSW,2120,28,1998,66.6
18A THORN STREET PENNANT HILLS,PENNANT HILLS,NSW,2120,28,1998,66.6
12 CYNTHIA AVENUE CASTLE HILL,CASTLE HILL,NSW,2154,28,1998,66.6
17 WINCHCOMBE PLACE CASTLE HILL,CASTLE HILL,NSW,2154,28,1998,66.6
CASTLEWOOD DRIVE CASTLE HILL,CASTLE HILL,NSW,2154,28,1998,66.6
317-321 MONA VALE ROAD ST IVES,ST IVES,NSW,2075,28,1998,66.6
20 MYRTLE PLACE ST IVES,ST IVES,NSW,2075,28,1998,66.6
7 CRESTA CLOSE ST IVES,ST IVES,NSW,2075,28,1998,66.6
5 HAREFIELD CLOSE NORTH EPPING,NORTH EPPING,NSW,2121,28,1998,66.6
10 ARRIONGA PLACE HORNSBY,HORNSBY,NSW,2077,28,1998,66.6
5 OXFORD PLACE ST IVES,ST IVES,NSW,2075,28,1998,66.6
571 OLD NORTHERN ROAD GLENHAVEN,GLENHAVEN,NSW,2156,28,1998,66.6
82 RICKARD ROAD NORTH NARRABEEN,NORTH NARRABEEN,NSW,2101,28,1998,66.6
59-65 WORONORA RIVER BANGOR,BANGOR,NSW,2234,28,1998,66.5
29 PARKVIEW STREET MIRANDA,MIRANDA,NSW,2228,28,1998,66.5
107-109 CARINGBAH ROAD CARINGBAH,CARINGBAH,NSW,2229,28,1998,66.5
139 WORONORA CRESCENT COMO,COMO,NSW,2226,28,1998,66.5
52 FRAZER STREET MARRICKVILLE,MARRICKVILLE,NSW,2204,28,1998,66.5
19 WILSON STREET STRATHFIELD,STRATHFIELD,NSW,2135,28,1998,66.5
24 ANGEL ROAD STRATHFIELD,STRATHFIELD,NSW,2135,28,1998,66.5
32-34 BARKER ROAD STRATHFIELD,STRATHFIELD,NSW,2135,28,1998,66.5
2 SHORTLAND AVENUE STRATHFIELD,STRATHFIELD,NSW,2135,28,1998,66.5
154 HOMEBUSH ROAD STRATHFIELD,STRATHFIELD,NSW,2135,28,1998,66.5
14 COVENTRY ROAD STRATHFIELD,STRATHFIELD,NSW,2135,28,1998,66.5
59 LONG STREET STRATHFIELD,STRATHFIELD,NSW,2135,28,1998,66.5
75 THE BOULEVARDE STRATHFIELD,STRATHFIELD,NSW,2135,28,1998,66.5
70 VICTORIA ROAD BELLEVUE HILL,BELLEVUE HILL,NSW,2023,28,1998,66.5
8 GREENOAKS AVENUE DARLING POINT,DARLING POINT,NSW,2027,28,1998,66.5
3 MANSION ROAD BELLEVUE HILL,BELLEVUE HILL,NSW,2023,28,1998,66.5
20 BRADLEYS HEAD ROAD MOSMAN,MOSMAN,NSW,2088,28,1998,66.5
2 KARDINIA ROAD MOSMAN,MOSMAN,NSW,2088,28,1998,66.5
59 WYCOMBE ROAD NEUTRAL BAY,NEUTRAL BAY,NSW,2089,21,2005,66.5
63 PRINCE ALBERT STREET MOSMAN,MOSMAN,NSW,2088,28,1998,66.5
14 WENTWORTH STREET DOVER HEIGHTS,DOVER HEIGHTS,NSW,2030,28,1998,66.5
53 UNDERCLIFF ROAD FRESHWATER,FRESHWATER,NSW,2096,28,1998,66.5
9 WINIFRED AVENUE EPPING,EPPING,NSW,2121,21,2005,66.5
125A NEW LINE ROAD CHERRYBROOK,CHERRYBROOK,NSW,2126,28,1998,66.5
75 VICTORIA ROAD WEST PENNANT HILLS,WEST PENNANT HILLS,NSW,2125,28,1998,66.5
9 TRELAWNEY STREET THORNLEIGH,THORNLEIGH,NSW,2120,28,1998,66.5
3 COOMALIE AVENUE CASTLE HILL,CASTLE HILL,NSW,2154,28,1998,66.5
6 WELHAM STREET BEECROFT,BEECROFT,NSW,2119,28,1998,66.5
5 MURRAY ROAD BEECROFT,BEECROFT,NSW,2119,28,1998,66.5
7 KNIGHT PLACE CASTLE HILL,CASTLE HILL,NSW,2154,28,1998,66.5
8 DAVENEY WAY WEST PENNANT HILLS,WEST PENNANT HILLS,NSW,2125,21,2005,66.5
28 FOLEY PLACE CASTLE HILL,CASTLE HILL,NSW,2154,28,1998,66.5
19 ROBERT ROAD CHERRYBROOK,CHERRYBROOK,NSW,2126,28,1998,66.5
159 CASTLE HILL ROAD CASTLE HILL,CASTLE HILL,NSW,2154,28,1998,66.5
19 PIONEER PLACE CASTLE HILL,CASTLE HILL,NSW,2154,28,1998,66.5
9 ALAMEIN AVENUE NARRAWEENA,NARRAWEENA,NSW,2099,28,1998,66.5
3-7 PORTERS LANE ST IVES,ST IVES,NSW,2075,28,1998,66.5
6 WITCOM STREET CRANEBROOK,CRANEBROOK,NSW,2749,28,1998,66.5
7 GREY HORSE CLOSE SOUTH TURRAMURRA,SOUTH TURRAMURRA,NSW,2074,28,1998,66.5
50B WARRAGAL ROAD TURRAMURRA,TURRAMURRA,NSW,2074,28,1998,66.5
27 SPURWOOD ROAD WARRIMOO,WARRIMOO,NSW,2774,28,1998,66.5
15 SHELLY CRESCENT BEAUMONT HILLS,BEAUMONT HILLS,NSW,2155,28,1998,66.5
160 PURCHASE ROAD CHERRYBROOK,CHERRYBROOK,NSW,2126,35,1991,66.5
2 COLLINGS STREET WAHROONGA,WAHROONGA,NSW,2076,28,1998,66.5
9 WATER STREET WAHROONGA,WAHROONGA,NSW,2076,28,1998,66.5
10 TAMAR PLACE NORTH WAHROONGA,NORTH WAHROONGA,NSW,2076,28,1998,66.5
23-27 CALVERT PARADE NEWPORT,NEWPORT,NSW,2106,28,1998,66.5
22R TIMBREY CIRCUIT BARDEN RIDGE,BARDEN RIDGE,NSW,2234,28,1998,66.4
11 TERMEIL PLACE PRESTONS,PRESTONS,NSW,2170,28,1998,66.4
12 BROOMAN STREET PRESTONS,PRESTONS,NSW,2170,28,1998,66.4
85 JOHNSTON PARADE MAROUBRA,MAROUBRA,NSW,2035,28,1998,66.4
2/43 RITCHARD AVENUE COOGEE,COOGEE,NSW,2034,28,1998,66.4
8 WOODBURY STREET MARRICKVILLE,MARRICKVILLE,NSW,2204,28,1998,66.4
4 NORTHCOTE STREET ROSE BAY,ROSE BAY,NSW,2029,28,1998,66.4
16 EBSWORTH ROAD ROSE BAY,ROSE BAY,NSW,2029,28,1998,66.4
159 DARLING POINT ROAD DARLING POINT,DARLING POINT,NSW,2027,28,1998,66.4
56 COOLONG ROAD VAUCLUSE,VAUCLUSE,NSW,2030,28,1998,66.4
109 BELLEVUE ROAD BELLEVUE HILL,BELLEVUE HILL,NSW,2023,28,1998,66.4
17 ALEXANDRINA COURT WATTLE GROVE,,NSW,,28,1998,66.4
8 DORSET ROAD NORTHBRIDGE,NORTHBRIDGE,NSW,2063,21,2005,66.4
66B PRINCE STREET MOSMAN,MOSMAN,NSW,2088,21,2005,66.4
58 LORD STREET ROSEVILLE,ROSEVILLE,NSW,2069,21,2005,66.4
7 ST IVES AVENUE HUNTERS HILL,HUNTERS HILL,NSW,2110,21,2005,66.4
69 NORTHWOOD ROAD NORTHWOOD,NORTHWOOD,NSW,2066,21,2005,66.4
6 EVAN STREET GLADESVILLE,GLADESVILLE,NSW,2111,21,2005,66.4
105 BRADDOCK STREET CRANEBROOK,CRANEBROOK,NSW,2749,28,1998,66.4
33 CLIFF ROAD EPPING,EPPING,NSW,2121,21,2005,66.4
116 RAY ROAD EPPING,EPPING,NSW,2121,21,2005,66.4
34 CALLISTEMON CLOSE NORTH EPPING,NORTH EPPING,NSW,2121,21,2005,66.4
20 ROSEMARY PLACE CHERRYBROOK,CHERRYBROOK,NSW,2126,28,1998,66.4
36 DOULTON DRIVE CHERRYBROOK,CHERRYBROOK,NSW,2126,28,1998,66.4
25 JOHN SAVAGE CRESCENT WEST PENNANT HILLS,WEST PENNANT HILLS,NSW,2125,28,1998,66.4
8 ISABEL CLOSE CHERRYBROOK,CHERRYBROOK,NSW,2126,28,1998,66.4
37 BORONIA AVENUE CHELTENHAM,CHELTENHAM,NSW,2119,28,1998,66.4
4 CENTURY CIRCUIT NORWEST,NORWEST,NSW,2153,28,1998,66.4
54 MEEKS CRESCENT FAULCONBRIDGE,FAULCONBRIDGE,NSW,2776,28,1998,66.4
90 PURCHASE ROAD CHERRYBROOK,CHERRYBROOK,NSW,2126,28,1998,66.4
581 OLD NORTHERN ROAD GLENHAVEN,GLENHAVEN,NSW,2156,28,1998,66.4
115 BOORALIE ROAD TERREY HILLS,TERREY HILLS,NSW,2084,28,1998,66.4
SOMERSET AVENUE NORTH TURRAMURRA,NORTH TURRAMURRA,NSW,2074,28,1998,66.4
8 CALDERWOOD ROAD GALSTON,GALSTON,NSW,2159,28,1998,66.4
10 ROUGHLEY ROAD KENTHURST,KENTHURST,NSW,2156,28,1998,66.4
47-53 MITCHELL ROAD CRONULLA,CRONULLA,NSW,2230,28,1998,66.3
179 OYSTER BAY ROAD OYSTER BAY,OYSTER BAY,NSW,2225,28,1998,66.3
110 VICTORIA STREET REVESBY,REVESBY,NSW,2212,28,1998,66.3
18 MACARTHUR AVENUE STRATHFIELD,STRATHFIELD,NSW,2135,28,1998,66.3
14 MOUNT STREET STRATHFIELD,STRATHFIELD,NSW,2135,28,1998,66.3
37 AUGUSTA STREET STRATHFIELD,STRATHFIELD,NSW,2135,28,1998,66.3
74 WALLIS AVENUE STRATHFIELD,STRATHFIELD,NSW,2135,28,1998,66.3
2 TIPTREE AVENUE STRATHFIELD,STRATHFIELD,NSW,2135,28,1998,66.3
71 BURLINGTON ROAD HOMEBUSH,HOMEBUSH,NSW,2140,28,1998,66.3
58 OXFORD ROAD STRATHFIELD,STRATHFIELD,NSW,2135,28,1998,66.3
3-17 DARLING POINT ROAD DARLING POINT,DARLING POINT,NSW,2027,28,1998,66.3
86 DARLING POINT ROAD DARLING POINT,DARLING POINT,NSW,2027,28,1998,66.3
629 OLD SOUTH HEAD ROAD ROSE BAY,ROSE BAY,NSW,2029,28,1998,66.3
8 BAYVIEW HILL ROAD ROSE BAY,ROSE BAY,NSW,2029,35,1991,66.3
9 WEEROONA AVENUE WOOLLAHRA,WOOLLAHRA,NSW,2025,28,1998,66.3
16-18 EASTBOURNE ROAD DARLING POINT,DARLING POINT,NSW,2027,28,1998,66.3
23 MERINO CIRCUIT ST CLAIR,ST CLAIR,NSW,2759,28,1998,66.3
20 CORONATION AVENUE MOSMAN,MOSMAN,NSW,2088,28,1998,66.3
2 CAMBRIDGE AVENUE VAUCLUSE,VAUCLUSE,NSW,2030,28,1998,66.3
7 DENISE AVENUE GLENBROOK,GLENBROOK,NSW,2773,28,1998,66.3
111 BRICKETWOOD DRIVE WOODCROFT,WOODCROFT,NSW,2767,28,1998,66.3
130X BOUNDARY ROAD NORTH EPPING,NORTH EPPING,NSW,2121,28,1998,66.3
132 BEECROFT ROAD BEECROFT,BEECROFT,NSW,2119,28,1998,66.3
12 HAMPSHIRE AVENUE WEST PENNANT HILLS,WEST PENNANT HILLS,NSW,2125,28,1998,66.3
73 CAMBEWARRA AVENUE CASTLE HILL,CASTLE HILL,NSW,2154,28,1998,66.3
8 BRAE PLACE CASTLE HILL,CASTLE HILL,NSW,2154,28,1998,66.3
120 DAVID ROAD CASTLE HILL,CASTLE HILL,NSW,2154,28,1998,66.3
27 TALOFA PLACE CASTLE HILL,CASTLE HILL,NSW,2154,28,1998,66.3
8 APERTA PLACE BEACON HILL,BEACON HILL,NSW,2100,28,1998,66.3
100 MEATWORKS AVENUE OXFORD FALLS,OXFORD FALLS,NSW,2100,28,1998,66.3
1 RICHARD ROAD ST IVES,ST IVES,NSW,2075,28,1998,66.3
95 KILLEATON STREET ST IVES,ST IVES,NSW,2075,28,1998,66.3
221 MALTON ROAD NORTH EPPING,NORTH EPPING,NSW,2121,28,1998,66.3
18 KELVIN ROAD ST IVES,ST IVES,NSW,2075,28,1998,66.3
141A GLENHAVEN ROAD GLENHAVEN,GLENHAVEN,NSW,2156,28,1998,66.3
9 APPLETREE DRIVE CHERRYBROOK,CHERRYBROOK,NSW,2126,28,1998,66.3
22 KENTIA PARADE CHERRYBROOK,CHERRYBROOK,NSW,2126,28,1998,66.3
97 APPLETREE DRIVE CHERRYBROOK,CHERRYBROOK,NSW,2126,28,1998,66.3
382 OLD NORTHERN ROAD CASTLE HILL,CASTLE HILL,NSW,2154,28,1998,66.3
105 WOORARRA AVENUE ELANORA HEIGHTS,ELANORA HEIGHTS,NSW,2101,28,1998,66.3
32 CHURCHILL AVENUE WAHROONGA,WAHROONGA,NSW,2076,28,1998,66.3
27 ELLALONG ROAD NORTH TURRAMURRA,NORTH TURRAMURRA,NSW,2074,28,1998,66.3
2/57 THE AVENUE NEWPORT,NEWPORT,NSW,2106,28,1998,66.3
27 WILLAN DRIVE CARTWRIGHT,CARTWRIGHT,NSW,2168,28,1998,66.2
60 SHORTLAND AVENUE STRATHFIELD,STRATHFIELD,NSW,2135,28,1998,66.2
51 MACKENZIE STREET STRATHFIELD,STRATHFIELD,NSW,2135,28,1998,66.2
6 SHORTLAND AVENUE STRATHFIELD,STRATHFIELD,NSW,2135,28,1998,66.2
34 HIGHGATE STREET STRATHFIELD,STRATHFIELD,NSW,2135,28,1998,66.2
22 COURTENAY ROAD ROSE BAY,ROSE BAY,NSW,2029,28,1998,66.2
111 PACIFIC HIGHWAY NORTH SYDNEY,NORTH SYDNEY,NSW,2060,21,2005,66.2
27 EDENLEE STREET EPPING,EPPING,NSW,2121,21,2005,66.2
MILLER STREET CAMMERAY,CAMMERAY,NSW,2062,21,2005,66.2
15 CARRINGTON AVENUE MOSMAN,MOSMAN,NSW,2088,21,2005,66.2
3 WYONG ROAD MOSMAN,MOSMAN,NSW,2088,21,2005,66.2
12 MCHATTON STREET WAVERTON,WAVERTON,NSW,2060,21,2005,66.2
155 RAY ROAD EPPING,EPPING,NSW,2121,21,2005,66.2
2 CALOOL ROAD BEECROFT,BEECROFT,NSW,2119,21,2005,66.2
1A WERONA STREET PENNANT HILLS,PENNANT HILLS,NSW,2120,21,2005,66.2
4 MAPLE AVENUE PENNANT HILLS,PENNANT HILLS,NSW,2120,28,1998,66.2
8 AMBLESIDE DRIVE CASTLE HILL,CASTLE HILL,NSW,2154,28,1998,66.2
7 DANTIC PLACE CHERRYBROOK,CHERRYBROOK,NSW,2126,28,1998,66.2
1 CHAPEL CLOSE CHERRYBROOK,CHERRYBROOK,NSW,2126,28,1998,66.2
280 KISSING POINT ROAD SOUTH TURRAMURRA,SOUTH TURRAMURRA,NSW,2074,28,1998,66.2
14 SOFTWOOD AVENUE BEAUMONT HILLS,BEAUMONT HILLS,NSW,2155,28,1998,66.2
45 BENSON ROAD BEAUMONT HILLS,BEAUMONT HILLS,NSW,2155,28,1998,66.2
38 COOROY CRESCENT YELLOW ROCK,YELLOW ROCK,NSW,2777,28,1998,66.2
97 PURCHASE ROAD CHERRYBROOK,CHERRYBROOK,NSW,2126,28,1998,66.2
14 AMBERLEA COURT CASTLE HILL,CASTLE HILL,NSW,2154,28,1998,66.2
21 WINIFRED AVENUE CARINGBAH,CARINGBAH,NSW,2229,28,1998,66.1
5-29 WANDELLA ROAD MIRANDA,MIRANDA,NSW,2228,28,1998,66.1
3 BROOMAN STREET PRESTONS,PRESTONS,NSW,2170,28,1998,66.1
18 ALEXANDRIA PARADE SOUTH COOGEE,SOUTH COOGEE,NSW,2034,28,1998,66.1
38 HOMEBUSH ROAD STRATHFIELD,STRATHFIELD,NSW,2135,28,1998,66.1
13 CAMERON STREET STRATHFIELD,STRATHFIELD,NSW,2135,28,1998,66.1
3 MARATHON ROAD DARLING POINT,DARLING POINT,NSW,2027,28,1998,66.1
5B STRICKLAND STREET ROSE BAY,ROSE BAY,NSW,2029,28,1998,66.1
44 FAIRFAX ROAD BELLEVUE HILL,BELLEVUE HILL,NSW,2023,28,1998,66.1
45 FAIRFAX ROAD BELLEVUE HILL,BELLEVUE HILL,NSW,2023,28,1998,66.1
484 OLD SOUTH HEAD ROAD ROSE BAY,ROSE BAY,NSW,2029,28,1998,66.1
2/2 GLENCOE ROAD WOOLLAHRA,WOOLLAHRA,NSW,2025,28,1998,66.1
83 OCEAN STREET WOOLLAHRA,WOOLLAHRA,NSW,2025,28,1998,66.1
185-211 BROADWAY ULTIMO,ULTIMO,NSW,2007,28,1998,66.1
1/4 MUSTON STREET MOSMAN,MOSMAN,NSW,2088,28,1998,66.1
25 GORDON STREET MOSMAN,MOSMAN,NSW,2088,28,1998,66.1
12 MONTEREY PLACE CHERRYBROOK,CHERRYBROOK,NSW,2126,28,1998,66.1
7 ROSEMARY PLACE CHERRYBROOK,CHERRYBROOK,NSW,2126,28,1998,66.1
23 VICTORIA ROAD PENNANT HILLS,PENNANT HILLS,NSW,2120,28,1998,66.1
122B SUTHERLAND ROAD BEECROFT,BEECROFT,NSW,2119,28,1998,66.1
16A CHAPMAN AVENUE BEECROFT,BEECROFT,NSW,2119,28,1998,66.1
40 BORONIA AVENUE CHELTENHAM,CHELTENHAM,NSW,2119,28,1998,66.1
10 KERRS ROAD CASTLE HILL,CASTLE HILL,NSW,2154,28,1998,66.1
36 BRUNETTE DRIVE CASTLE HILL,CASTLE HILL,NSW,2154,28,1998,66.1
18 NARELLE AVENUE CASTLE HILL,CASTLE HILL,NSW,2154,28,1998,66.1
91 SHOWGROUND ROAD CASTLE HILL,CASTLE HILL,NSW,2154,28,1998,66.1
16 PARADISE CLOSE CHERRYBROOK,CHERRYBROOK,NSW,2126,28,1998,66.1
33 WASHINGTON AVENUE CROMER,CROMER,NSW,2099,28,1998,66.1
24 ALDERTON AVENUE SPRINGWOOD,SPRINGWOOD,NSW,2777,28,1998,66.1
2/8 GRAYS LANE CRANEBROOK,CRANEBROOK,NSW,2749,28,1998,66.1
35 BEECHWORTH ROAD PYMBLE,PYMBLE,NSW,2073,28,1998,66.1
136 FARNHAM ROAD QUAKERS HILL,QUAKERS HILL,NSW,2763,28,1998,66.1
48 HEATHER GLEN ROAD YELLOW ROCK,YELLOW ROCK,NSW,2777,28,1998,66.1
10 MILBURN ROAD GYMEA,GYMEA,NSW,2227,28,1998,66.0
553 KINGSWAY MIRANDA,MIRANDA,NSW,2228,28,1998,66.0
284 KING STREET MASCOT,MASCOT,NSW,2020,28,1998,66.0
1 CHALMERS ROAD STRATHFIELD,STRATHFIELD,NSW,2135,28,1998,66.0
73 WOODSIDE AVENUE STRATHFIELD,STRATHFIELD,NSW,2135,28,1998,66.0
17 PORTLAND STREET DOVER HEIGHTS,DOVER HEIGHTS,NSW,2030,28,1998,66.0
16 HAMILTON STREET ROSE BAY,ROSE BAY,NSW,2029,28,1998,66.0
69 MURRIVERIE ROAD NORTH BONDI,NORTH BONDI,NSW,2026,28,1998,66.0
19 ALBUERA ROAD EPPING,EPPING,NSW,2121,21,2005,66.0
60A EDGECLIFFE ESPLANADE SEAFORTH,SEAFORTH,NSW,2092,28,1998,66.0
11 LINDSAY STREET NEUTRAL BAY,NEUTRAL BAY,NSW,2089,21,2005,66.0
OURIMBAH ROAD MOSMAN,MOSMAN,NSW,2088,21,2005,66.0
19 HILLSIDE CRESCENT GLENBROOK,GLENBROOK,NSW,2773,28,1998,66.0
25 ALEPPO STREET QUAKERS HILL,QUAKERS HILL,NSW,2763,28,1998,66.0
1A HILLCREST AVENUE EPPING,EPPING,NSW,2121,21,2005,66.0
23X CASTLE HOWARD ROAD BEECROFT,BEECROFT,NSW,2119,28,1998,66.0
7 MCKECHNIE STREET EPPING,EPPING,NSW,2121,21,2005,66.0
36 ABUKLEA ROAD EPPING,EPPING,NSW,2121,21,2005,66.0
146-200 DAVID ROAD CASTLE HILL,CASTLE HILL,NSW,2154,28,1998,66.0
5 ELDERBERRY PLACE CHERRYBROOK,CHERRYBROOK,NSW,2126,28,1998,66.0
41-47 SHEPHERDS DRIVE CHERRYBROOK,CHERRYBROOK,NSW,2126,28,1998,66.0
7 GOODLANDS AVENUE THORNLEIGH,THORNLEIGH,NSW,2120,28,1998,66.0
20 CEDARWOOD DRIVE CHERRYBROOK,CHERRYBROOK,NSW,2126,28,1998,66.0
18 DOULTON DRIVE CHERRYBROOK,CHERRYBROOK,NSW,2126,28,1998,66.0
30 MELIA COURT CASTLE HILL,CASTLE HILL,NSW,2154,28,1998,66.0
31 MARY STREET BEACON HILL,BEACON HILL,NSW,2100,28,1998,66.0
64 NORTHCOTT ROAD CROMER,CROMER,NSW,2099,28,1998,66.0
22 KINDILEN CLOSE ROUSE HILL,ROUSE HILL,NSW,2155,28,1998,66.0
38 BENSON ROAD BEAUMONT HILLS,BEAUMONT HILLS,NSW,2155,21,2005,66.0
321B EIGHTH AVENUE LLANDILO,LLANDILO,NSW,2747,28,1998,66.0
7 BELLTREE CRESCENT CASTLE HILL,CASTLE HILL,NSW,2154,28,1998,66.0
95 APPLETREE DRIVE CHERRYBROOK,CHERRYBROOK,NSW,2126,28,1998,66.0
28 CAROB PLACE CHERRYBROOK,CHERRYBROOK,NSW,2126,28,1998,66.0
48-58 MYRA STREET WAHROONGA,WAHROONGA,NSW,2076,28,1998,66.0
20 CHURCHILL AVENUE WAHROONGA,WAHROONGA,NSW,2076,28,1998,66.0
25 BURNS ROAD WAHROONGA,WAHROONGA,NSW,2076,28,1998,66.0
10 MONTEREY ROAD BILGOLA PLATEAU,BILGOLA PLATEAU,NSW,2107,28,1998,66.0
45 CUBITT DRIVE DENHAM COURT,,NSW,,28,1998,65.9
86 GIBSON AVENUE PADSTOW,PADSTOW,NSW,2211,28,1998,65.9
43 ALISON ROAD RANDWICK,RANDWICK,NSW,2031,28,1998,65.9
14-14A FRANCES STREET RANDWICK,RANDWICK,NSW,2031,28,1998,65.9
FREMLIN STREET BOTANY,BOTANY,NSW,2019,28,1998,65.9
36 BARINGA ROAD EARLWOOD,EARLWOOD,NSW,2206,28,1998,65.9
104 BARKER ROAD STRATHFIELD,STRATHFIELD,NSW,2135,28,1998,65.9
35 MYRNA ROAD STRATHFIELD,STRATHFIELD,NSW,2135,28,1998,65.9
26 BEAUMARIS STREET ENFIELD,ENFIELD,NSW,2136,28,1998,65.9
71 BROUGHTON ROAD HOMEBUSH,HOMEBUSH,NSW,2140,28,1998,65.9
19 LANCASTER ROAD DOVER HEIGHTS,DOVER HEIGHTS,NSW,2030,28,1998,65.9
596E NEW SOUTH HEAD ROAD ROSE BAY,ROSE BAY,NSW,2029,28,1998,65.9
39-43 CARLISLE STREET ROSE BAY,ROSE BAY,NSW,2029,28,1998,65.9
54 NEWCASTLE STREET ROSE BAY,ROSE BAY,NSW,2029,28,1998,65.9
311 EDGECLIFF ROAD WOOLLAHRA,WOOLLAHRA,NSW,2025,28,1998,65.9
5 BELAH AVENUE VAUCLUSE,VAUCLUSE,NSW,2030,28,1998,65.9
MORELLA ROAD MOSMAN,MOSMAN,NSW,2088,28,1998,65.9
75 CHESTERFIELD ROAD EPPING,EPPING,NSW,2121,21,2005,65.9
9 BARDOO AVENUE NORTH BALGOWLAH,NORTH BALGOWLAH,NSW,2093,28,1998,65.9
26 MIDDLE HEAD ROAD MOSMAN,MOSMAN,NSW,2088,28,1998,65.9
745 MILITARY ROAD MOSMAN,MOSMAN,NSW,2088,28,1998,65.9
4 SALISBURY STREET WATSONS BAY,WATSONS BAY,NSW,2030,28,1998,65.9
1 PYRAMID STREET EMU PLAINS,EMU PLAINS,NSW,2750,28,1998,65.9
2-4 EXPLORERS ROAD LAPSTONE,LAPSTONE,NSW,2773,28,1998,65.9
LEONAY PARADE LEONAY,LEONAY,NSW,2750,28,1998,65.9
OLIVET STREET GLENBROOK,GLENBROOK,NSW,2773,28,1998,65.9
66-76 TENCH AVENUE JAMISONTOWN,JAMISONTOWN,NSW,2750,28,1998,65.9
3 KEELER STREET CARLINGFORD,CARLINGFORD,NSW,2118,21,2005,65.9
6 MAGNOLIA AVENUE EPPING,EPPING,NSW,2121,21,2005,65.9
1B LEWIS STREET EPPING,EPPING,NSW,2121,21,2005,65.9
20 BOUNDARY ROAD NORTH EPPING,NORTH EPPING,NSW,2121,28,1998,65.9
3 POGSON DRIVE CHERRYBROOK,CHERRYBROOK,NSW,2126,28,1998,65.9
23X BRITANNIA STREET PENNANT HILLS,PENNANT HILLS,NSW,2120,28,1998,65.9
ORCHARD STREET PENNANT HILLS,PENNANT HILLS,NSW,2120,28,1998,65.9
449D PENNANT HILLS ROAD PENNANT HILLS,PENNANT HILLS,NSW,2120,28,1998,65.9
142 BEECROFT ROAD BEECROFT,BEECROFT,NSW,2119,28,1998,65.9
200 BEECROFT ROAD CHELTENHAM,CHELTENHAM,NSW,2119,28,1998,65.9
36 ORANGE GROVE CASTLE HILL,CASTLE HILL,NSW,2154,28,1998,65.9
79 CASTLE STREET CASTLE HILL,CASTLE HILL,NSW,2154,28,1998,65.9
25A WINCHCOMBE PLACE CASTLE HILL,CASTLE HILL,NSW,2154,28,1998,65.9
42 KAREELA ROAD BAULKHAM HILLS,BAULKHAM HILLS,NSW,2153,28,1998,65.9
4 ANN STREET FRENCHS FOREST,FRENCHS FOREST,NSW,2086,28,1998,65.9
820 MAYBROOK AVENUE OXFORD FALLS,OXFORD FALLS,NSW,2100,28,1998,65.9
AROONA ROAD OXFORD FALLS,OXFORD FALLS,NSW,2100,28,1998,65.9
59 WABASH AVENUE CROMER,CROMER,NSW,2099,28,1998,65.9
CROMER ROAD CROMER,CROMER,NSW,2099,28,1998,65.9
46 CROMER ROAD CROMER,CROMER,NSW,2099,28,1998,65.9
16A YARRABUNG ROAD ST IVES,ST IVES,NSW,2075,28,1998,65.9
17-19 MEMORIAL AVENUE ST IVES,ST IVES,NSW,2075,28,1998,65.9
325 MONA VALE ROAD ST IVES,ST IVES,NSW,2075,28,1998,65.9
13 SIR HENRYS PARADE FAULCONBRIDGE,FAULCONBRIDGE,NSW,2776,28,1998,65.9
20 SASSAFRAS GULLY ROAD SPRINGWOOD,SPRINGWOOD,NSW,2777,28,1998,65.9
6-8 FELS AVENUE SPRINGWOOD,SPRINGWOOD,NSW,2777,28,1998,65.9
51 SUMMER ROAD FAULCONBRIDGE,FAULCONBRIDGE,NSW,2776,28,1998,65.9
41 BONTON ROAD SPRINGWOOD,SPRINGWOOD,NSW,2777,28,1998,65.9
6A MIAMI PLACE CRANEBROOK,CRANEBROOK,NSW,2749,28,1998,65.9
11 HINKLER AVENUE SOUTH TURRAMURRA,SOUTH TURRAMURRA,NSW,2074,28,1998,65.9
55 FLORABELLA STREET WARRIMOO,WARRIMOO,NSW,2774,28,1998,65.9
190 GLENHAVEN ROAD GLENHAVEN,GLENHAVEN,NSW,2156,28,1998,65.9
194-216 SINGLES RIDGE ROAD YELLOW ROCK,YELLOW ROCK,NSW,2777,28,1998,65.9
29-109 FALLON DRIVE DURAL,DURAL,NSW,2158,28,1998,65.9
159 MORGAN ROAD BELROSE,BELROSE,NSW,2085,28,1998,65.9
20 WAITARA AVENUE WAITARA,WAITARA,NSW,2077,28,1998,65.9
19 VICTORY STREET ASQUITH,ASQUITH,NSW,2077,28,1998,65.9
42-54 PACIFIC HIGHWAY WAITARA,WAITARA,NSW,2077,28,1998,65.9
52-54 CROSSLANDS ROAD GALSTON,GALSTON,NSW,2159,28,1998,65.9
8 KOORANGI AVENUE ELANORA HEIGHTS,ELANORA HEIGHTS,NSW,2101,28,1998,65.9
73 NARRABEEN PARK PARADE WARRIEWOOD,WARRIEWOOD,NSW,2102,28,1998,65.9
5 GILWINGA DRIVE BAYVIEW,BAYVIEW,NSW,2104,28,1998,65.9
12 BEST ROAD MIDDLE DURAL,MIDDLE DURAL,NSW,2158,28,1998,65.9
46 PRINCE ALFRED PARADE NEWPORT,NEWPORT,NSW,2106,28,1998,65.9
1R HARNLEIGH AVENUE WOOLOOWARE,WOOLOOWARE,NSW,2230,28,1998,65.8
27 GIRRAWEEN AVENUE COMO,COMO,NSW,2226,28,1998,65.8
6 WHEAT PLACE HORNINGSEA PARK,HORNINGSEA PARK,NSW,2171,28,1998,65.8
106 BANKS AVENUE EASTGARDENS,EASTGARDENS,NSW,2036,28,1998,65.8
31 CARRINGTON AVENUE STRATHFIELD,STRATHFIELD,NSW,2135,28,1998,65.8
34 OXFORD ROAD STRATHFIELD,STRATHFIELD,NSW,2135,28,1998,65.8
78 WALLIS AVENUE STRATHFIELD,STRATHFIELD,NSW,2135,28,1998,65.8
13 ADA AVENUE STRATHFIELD,STRATHFIELD,NSW,2135,28,1998,65.8
99 WALLIS AVENUE STRATHFIELD,STRATHFIELD,NSW,2135,28,1998,65.8
28 GLENARVON STREET STRATHFIELD,STRATHFIELD,NSW,2135,28,1998,65.8
13 MEREDITH STREET HOMEBUSH,HOMEBUSH,NSW,2140,28,1998,65.8
594 NEW SOUTH HEAD ROAD ROSE BAY,ROSE BAY,NSW,2029,28,1998,65.8
38 THE AVENUE ROSE BAY,ROSE BAY,NSW,2029,28,1998,65.8
172 EDGECLIFF ROAD WOOLLAHRA,WOOLLAHRA,NSW,2025,28,1998,65.8
45 BUJAN STREET GLENMORE PARK,GLENMORE PARK,NSW,2745,28,1998,65.8
320 LITTLEFIELDS ROAD MULGOA,MULGOA,NSW,2745,28,1998,65.8
2-4 REED STREET CREMORNE,CREMORNE,NSW,2090,21,2005,65.8
30 KAREELA ROAD CREMORNE POINT,CREMORNE POINT,NSW,2090,21,2005,65.8
10 BAY STREET MOSMAN,MOSMAN,NSW,2088,28,1998,65.8
29 MARGARET STREET ROSEVILLE,ROSEVILLE,NSW,2069,21,2005,65.8
36 THE POINT ROAD WOOLWICH,WOOLWICH,NSW,2110,21,2005,65.8
50 MARTIN STREET REGENTVILLE,REGENTVILLE,NSW,2745,28,1998,65.8
28 RANCH AVENUE GLENBROOK,GLENBROOK,NSW,2773,28,1998,65.8
16 KIRKWOOD AVENUE NORTH EPPING,NORTH EPPING,NSW,2121,28,1998,65.8
22 ROMFORD ROAD EPPING,EPPING,NSW,2121,21,2005,65.8
7 HOLDEN AVENUE EPPING,EPPING,NSW,2121,21,2005,65.8
6 LEMONGRASS PLACE CHERRYBROOK,CHERRYBROOK,NSW,2126,28,1998,65.8
24 YANDERRA GROVE CHERRYBROOK,CHERRYBROOK,NSW,2126,28,1998,65.8
22 MARGUERITE CRESCENT WEST PENNANT HILLS,WEST PENNANT HILLS,NSW,2125,28,1998,65.8
23-25 CASUARINA DRIVE CHERRYBROOK,CHERRYBROOK,NSW,2126,28,1998,65.8
6-14 CASTLE STREET CASTLE HILL,CASTLE HILL,NSW,2154,28,1998,65.8
12 PHOENIX CLOSE CASTLE HILL,CASTLE HILL,NSW,2154,28,1998,65.8
342 OLD NORTHERN ROAD CASTLE HILL,CASTLE HILL,NSW,2154,28,1998,65.8
48 BLIGHS ROAD CROMER,CROMER,NSW,2099,28,1998,65.8
6 MACQUARIE STREET CROMER,CROMER,NSW,2099,28,1998,65.8
28 TERRYMONT ROAD WARRIMOO,WARRIMOO,NSW,2774,28,1998,65.8
27 VIEW STREET BLAXLAND,BLAXLAND,NSW,2774,28,1998,65.8
211 PERFECTION AVENUE KELLYVILLE RIDGE,KELLYVILLE RIDGE,NSW,2155,28,1998,65.8
4 CAMELLIA COURT CHERRYBROOK,CHERRYBROOK,NSW,2126,28,1998,65.8
2 KEIGHRAN PLACE CHERRYBROOK,CHERRYBROOK,NSW,2126,28,1998,65.8
14 COPPERLEAF PLACE CHERRYBROOK,CHERRYBROOK,NSW,2126,28,1998,65.8
3 BOLDREWOOD PLACE CHERRYBROOK,CHERRYBROOK,NSW,2126,28,1998,65.8
15 BEAUMONT CRESCENT BAYVIEW,BAYVIEW,NSW,2104,28,1998,65.8
2 BARKALA ROAD BAYVIEW,BAYVIEW,NSW,2104,28,1998,65.8
1/13 GERROA AVENUE BAYVIEW,BAYVIEW,NSW,2104,28,1998,65.8
9 THACKER CLOSE GYMEA,GYMEA,NSW,2227,28,1998,65.7
53-55 COWPER STREET RANDWICK,RANDWICK,NSW,2031,28,1998,65.7
1/650 ANZAC PARADE KINGSFORD,KINGSFORD,NSW,2032,28,1998,65.7
9 PETERS PLACE MAROUBRA,MAROUBRA,NSW,2035,28,1998,65.7
54 NEWTON ROAD STRATHFIELD,STRATHFIELD,NSW,2135,28,1998,65.7
110 BERESFORD ROAD STRATHFIELD,STRATHFIELD,NSW,2135,28,1998,65.7
52-70 WEEROONA ROAD STRATHFIELD,STRATHFIELD,NSW,2135,28,1998,65.7
30 BIRNAM GROVE STRATHFIELD,STRATHFIELD,NSW,2135,28,1998,65.7
60 MURRIVERIE ROAD NORTH BONDI,NORTH BONDI,NSW,2026,28,1998,65.7
69A WENTWORTH ROAD VAUCLUSE,VAUCLUSE,NSW,2030,28,1998,65.7
336-346 SUSSEX STREET SYDNEY,SYDNEY,NSW,2000,28,1998,65.7
29 PRINCE ALBERT STREET MOSMAN,MOSMAN,NSW,2088,28,1998,65.7
SANDY BAY ROAD CLONTARF,CLONTARF,NSW,2093,28,1998,65.7
28 MORELLA ROAD MOSMAN,MOSMAN,NSW,2088,28,1998,65.7
197A RIVER ROAD LEONAY,LEONAY,NSW,2750,28,1998,65.7
71 LUCASVILLE ROAD GLENBROOK,GLENBROOK,NSW,2773,28,1998,65.7
WONGALA CRESCENT BEECROFT,BEECROFT,NSW,2119,28,1998,65.7
27 THORN STREET PENNANT HILLS,PENNANT HILLS,NSW,2120,28,1998,65.7
12 SOMERSET WAY CASTLE HILL,CASTLE HILL,NSW,2154,28,1998,65.7
33 MYSON DRIVE CHERRYBROOK,CHERRYBROOK,NSW,2126,28,1998,65.7
1/41 SHOWGROUND ROAD CASTLE HILL,CASTLE HILL,NSW,2154,28,1998,65.7
39 HOWSE CRESCENT CROMER,CROMER,NSW,2099,28,1998,65.7
1 BROOKFIELD PLACE ST IVES,ST IVES,NSW,2075,28,1998,65.7
18/166 MONA VALE ROAD ST IVES,ST IVES,NSW,2075,28,1998,65.7
1 ACRON ROAD ST IVES,ST IVES,NSW,2075,28,1998,65.7
118 GROSE ROAD FAULCONBRIDGE,FAULCONBRIDGE,NSW,2776,28,1998,65.7
44 BURNSIDE STREET KELLYVILLE RIDGE,KELLYVILLE RIDGE,NSW,2155,28,1998,65.7
43 HASTINGS ROAD CASTLE HILL,CASTLE HILL,NSW,2154,28,1998,65.7
5 ILUKA AVENUE ELANORA HEIGHTS,ELANORA HEIGHTS,NSW,2101,28,1998,65.7
28 CLIFF AVENUE NORTH WAHROONGA,NORTH WAHROONGA,NSW,2076,28,1998,65.7
2 VIEW STREET MIRANDA,MIRANDA,NSW,2228,28,1998,65.6
34 BROOK STREET COOGEE,COOGEE,NSW,2034,28,1998,65.6
9 SEAVIEW STREET CLOVELLY,CLOVELLY,NSW,2031,28,1998,65.6
141 STOREY STREET MAROUBRA,MAROUBRA,NSW,2035,28,1998,65.6
93 BROMPTON ROAD KENSINGTON,KENSINGTON,NSW,2033,28,1998,65.6
22/22 GEORGE JULIUS AVENUE ZETLAND,ZETLAND,NSW,2017,28,1998,65.6
23 HIGHGATE STREET BEXLEY,BEXLEY,NSW,2207,28,1998,65.6
1 FAIRHOLM STREET STRATHFIELD,STRATHFIELD,NSW,2135,28,1998,65.6
19 HUNTER STREET STRATHFIELD,STRATHFIELD,NSW,2135,28,1998,65.6
19 STRATHLORA STREET STRATHFIELD,STRATHFIELD,NSW,2135,28,1998,65.6
2 AUGUSTA STREET STRATHFIELD,STRATHFIELD,NSW,2135,28,1998,65.6
40 HUNTER STREET STRATHFIELD,STRATHFIELD,NSW,2135,28,1998,65.6
41 REDMYRE ROAD STRATHFIELD,STRATHFIELD,NSW,2135,28,1998,65.6
65 WALLIS AVENUE STRATHFIELD,STRATHFIELD,NSW,2135,28,1998,65.6
30 OXFORD ROAD STRATHFIELD,STRATHFIELD,NSW,2135,28,1998,65.6
COVENTRY ROAD STRATHFIELD,STRATHFIELD,NSW,2135,28,1998,65.6
13 MOUNT STREET STRATHFIELD,STRATHFIELD,NSW,2135,28,1998,65.6
2 TORRINGTON ROAD STRATHFIELD,STRATHFIELD,NSW,2135,28,1998,65.6
30 LLANDILO AVENUE STRATHFIELD,STRATHFIELD,NSW,2135,28,1998,65.6
8 CAMERON STREET STRATHFIELD,STRATHFIELD,NSW,2135,28,1998,65.6
11 FAIRHOLM STREET STRATHFIELD,STRATHFIELD,NSW,2135,28,1998,65.6
1A SEAVIEW STREET ASHFIELD,ASHFIELD,NSW,2131,28,1998,65.6
43 RICKARD STREET FIVE DOCK,FIVE DOCK,NSW,2046,28,1998,65.6
5-11 THORNTON STREET DARLING POINT,DARLING POINT,NSW,2027,28,1998,65.6
13 NEW SOUTH HEAD ROAD VAUCLUSE,VAUCLUSE,NSW,2030,28,1998,65.6
12 HOLLAND ROAD BELLEVUE HILL,BELLEVUE HILL,NSW,2023,28,1998,65.6
27 PARK STREET SYDNEY,SYDNEY,NSW,2000,28,1998,65.6
5/93 KURRABA ROAD KURRABA POINT,KURRABA POINT,NSW,2089,21,2005,65.6
31 LESLIE ROAD GLENBROOK,GLENBROOK,NSW,2773,28,1998,65.6
19 FERNHILL AVENUE EPPING,EPPING,NSW,2121,21,2005,65.6
24 LAWSON PLACE CHERRYBROOK,CHERRYBROOK,NSW,2126,28,1998,65.6
10 ELDERBERRY PLACE CHERRYBROOK,CHERRYBROOK,NSW,2126,28,1998,65.6
10/50 BEECROFT ROAD BEECROFT,BEECROFT,NSW,2119,28,1998,65.6
88 CARDINAL AVENUE WEST PENNANT HILLS,WEST PENNANT HILLS,NSW,2125,28,1998,65.6
21 EDMUNDSON CLOSE THORNLEIGH,THORNLEIGH,NSW,2120,28,1998,65.6
38 BORONIA AVENUE CHELTENHAM,CHELTENHAM,NSW,2119,28,1998,65.6
51 FAIRBURN AVENUE WEST PENNANT HILLS,WEST PENNANT HILLS,NSW,2125,28,1998,65.6
48 ROBERT ROAD CHERRYBROOK,CHERRYBROOK,NSW,2126,28,1998,65.6
12 BELLWOOD PLACE CASTLE HILL,CASTLE HILL,NSW,2154,28,1998,65.6
13A HIGHS ROAD WEST PENNANT HILLS,WEST PENNANT HILLS,NSW,2125,28,1998,65.6
6 BOUNTY AVENUE CASTLE HILL,CASTLE HILL,NSW,2154,28,1998,65.6
186 PITT ROAD NORTH CURL CURL,NORTH CURL CURL,NSW,2099,28,1998,65.6
7 RODBOROUGH ROAD ALLAMBIE HEIGHTS,ALLAMBIE HEIGHTS,NSW,2100,28,1998,65.6
42 GROVER AVENUE CROMER,CROMER,NSW,2099,28,1998,65.6
38 KELVIN ROAD ST IVES,ST IVES,NSW,2075,28,1998,65.6
20 COOMASSIE AVENUE FAULCONBRIDGE,FAULCONBRIDGE,NSW,2776,28,1998,65.6
198-200 VINCENT ROAD CRANEBROOK,CRANEBROOK,NSW,2749,28,1998,65.6
81 WARRAGAL ROAD TURRAMURRA,TURRAMURRA,NSW,2074,28,1998,65.6
15 TAYLOR AVENUE TURRAMURRA,TURRAMURRA,NSW,2074,28,1998,65.6
71A BEECHWORTH ROAD PYMBLE,PYMBLE,NSW,2073,28,1998,65.6
35 MOORE STREET GLENBROOK,GLENBROOK,NSW,2773,28,1998,65.6
51 WATERFORD STREET KELLYVILLE RIDGE,KELLYVILLE RIDGE,NSW,2155,28,1998,65.6
19-21 COLVILLE ROAD YELLOW ROCK,YELLOW ROCK,NSW,2777,28,1998,65.6
3 MCAULEY PLACE WAITARA,WAITARA,NSW,2077,28,1998,65.6
2 JOANNE CLOSE CHERRYBROOK,CHERRYBROOK,NSW,2126,28,1998,65.6
8 POGSON DRIVE CHERRYBROOK,CHERRYBROOK,NSW,2126,28,1998,65.6
3 PINEVIEW PLACE DURAL,DURAL,NSW,2158,28,1998,65.6
8 KRISTINE PLACE CHERRYBROOK,CHERRYBROOK,NSW,2126,28,1998,65.6
9 HANCOCK DRIVE CHERRYBROOK,CHERRYBROOK,NSW,2126,28,1998,65.6
9 JENNER ROAD DURAL,DURAL,NSW,2158,28,1998,65.6
5 TRISTAN COURT CASTLE HILL,CASTLE HILL,NSW,2154,28,1998,65.6
81 COONANBARRA ROAD WAHROONGA,WAHROONGA,NSW,2076,28,1998,65.6
5-7 PROSPERITY PARADE WARRIEWOOD,WARRIEWOOD,NSW,2102,28,1998,65.6
3A AUBREY STREET INGLEBURN,INGLEBURN,NSW,2565,28,1998,65.5
112 BRUCE FERGUSON AVENUE BARDIA,BARDIA,NSW,2565,28,1998,65.5
31 NANCY STREET NORTH BONDI,NORTH BONDI,NSW,2026,28,1998,65.5
4 MIDDLE HEAD ROAD MOSMAN,MOSMAN,NSW,2088,28,1998,65.5
157 RAGLAN STREET MOSMAN,MOSMAN,NSW,2088,28,1998,65.5
19 IVY STREET WOLLSTONECRAFT,WOLLSTONECRAFT,NSW,2065,21,2005,65.5
130-172 ANDREWS ROAD PENRITH,PENRITH,NSW,2750,28,1998,65.5
38 WINGROVE AVENUE EPPING,EPPING,NSW,2121,21,2005,65.5
19 PLYMPTON ROAD EPPING,EPPING,NSW,2121,21,2005,65.5
24 NORFOLK ROAD EPPING,EPPING,NSW,2121,21,2005,65.5
2 SALVIA CLOSE CHERRYBROOK,CHERRYBROOK,NSW,2126,28,1998,65.5
70 NORTHCOTT ROAD CROMER,CROMER,NSW,2099,28,1998,65.5
11-21 AYRES ROAD ST IVES,ST IVES,NSW,2075,28,1998,65.5
133 RICKARD ROAD WARRIMOO,WARRIMOO,NSW,2774,28,1998,65.5
49 BANNOCKBURN ROAD PYMBLE,PYMBLE,NSW,2073,28,1998,65.5
HAWKINS PARADE BLAXLAND,BLAXLAND,NSW,2774,28,1998,65.5
10 MACKS GLEN BEAUMONT HILLS,BEAUMONT HILLS,NSW,2155,21,2005,65.5
83 MALLAWA ROAD DUFFYS FOREST,DUFFYS FOREST,NSW,2084,28,1998,65.5
7 PINEVIEW PLACE DURAL,DURAL,NSW,2158,28,1998,65.5
80A CURTIN AVENUE NORTH WAHROONGA,NORTH WAHROONGA,NSW,2076,28,1998,65.5
237 BOBBIN HEAD ROAD NORTH TURRAMURRA,NORTH TURRAMURRA,NSW,2074,28,1998,65.5
50 WILLS ROAD LONG POINT,LONG POINT,NSW,2564,28,1998,65.4
6-8 MARCEL AVENUE RANDWICK,RANDWICK,NSW,2031,28,1998,65.4
56-62 O'DEA AVENUE WATERLOO,WATERLOO,NSW,2017,28,1998,65.4
13 WELLESLEY PLACE GREEN VALLEY,GREEN VALLEY,NSW,2168,28,1998,65.4
123-127 HOMEBUSH ROAD STRATHFIELD,STRATHFIELD,NSW,2135,28,1998,65.4
23 CHALMERS ROAD STRATHFIELD,STRATHFIELD,NSW,2135,28,1998,65.4
212 ALBERT ROAD STRATHFIELD,STRATHFIELD,NSW,2135,28,1998,65.4
43/22-26 COTSWOLD ROAD STRATHFIELD,STRATHFIELD,NSW,2135,28,1998,65.4
4 WOODSIDE AVENUE BURWOOD,BURWOOD,NSW,2134,28,1998,65.4
4 VERNON STREET STRATHFIELD,STRATHFIELD,NSW,2135,28,1998,65.4
9 APPIAN WAY BURWOOD,BURWOOD,NSW,2134,28,1998,65.4
78 NICHOLSON STREET STRATHFIELD,STRATHFIELD,NSW,2135,28,1998,65.4
64 WALLIS AVENUE STRATHFIELD,STRATHFIELD,NSW,2135,28,1998,65.4
59 NICHOLSON STREET STRATHFIELD,STRATHFIELD,NSW,2135,28,1998,65.4
48 AUGUSTA STREET STRATHFIELD,STRATHFIELD,NSW,2135,28,1998,65.4
199 HOMEBUSH ROAD STRATHFIELD,STRATHFIELD,NSW,2135,28,1998,65.4
34-36 ABBOTSFORD ROAD HOMEBUSH,HOMEBUSH,NSW,2140,28,1998,65.4
43 BROUGHTON ROAD STRATHFIELD,STRATHFIELD,NSW,2135,28,1998,65.4
112 PROSPECT ROAD SUMMER HILL,SUMMER HILL,NSW,2130,28,1998,65.4
50 GROSVENOR CRESCENT SUMMER HILL,SUMMER HILL,NSW,2130,28,1998,65.4
27 SUTHERLAND CRESCENT DARLING POINT,DARLING POINT,NSW,2027,28,1998,65.4
75-79 HALL STREET BONDI BEACH,BONDI BEACH,NSW,2026,28,1998,65.4
37 DARLING POINT ROAD DARLING POINT,DARLING POINT,NSW,2027,28,1998,65.4
KIAORA ROAD DOUBLE BAY,DOUBLE BAY,NSW,2028,28,1998,65.4
361-441 GLENMORE ROAD PADDINGTON,PADDINGTON,NSW,2021,28,1998,65.4
2-4 QUARRY STREET PADDINGTON,PADDINGTON,NSW,2021,28,1998,65.4
66 SEAVIEW STREET BALGOWLAH,BALGOWLAH,NSW,2093,28,1998,65.4
518 PENNANT HILLS ROAD WEST PENNANT HILLS,WEST PENNANT HILLS,NSW,2125,28,1998,65.4
14 DURHAM STREET NORTH EPPING,NORTH EPPING,NSW,2121,28,1998,65.4
125 FRANCIS GREENWAY DRIVE CHERRYBROOK,CHERRYBROOK,NSW,2126,28,1998,65.4
28 HILLCREST ROAD PENNANT HILLS,PENNANT HILLS,NSW,2120,28,1998,65.4
294-296 PENNANT HILLS ROAD PENNANT HILLS,PENNANT HILLS,NSW,2120,28,1998,65.4
35 EDMUNDSON CLOSE THORNLEIGH,THORNLEIGH,NSW,2120,28,1998,65.4
34 STUART AVENUE NORMANHURST,NORMANHURST,NSW,2076,28,1998,65.4
1/51 COPELAND ROAD BEECROFT,BEECROFT,NSW,2119,28,1998,65.4
21/23 THOMPSON CLOSE PENNANT HILLS,PENNANT HILLS,NSW,2120,28,1998,65.4
86 EXCELSIOR AVENUE CASTLE HILL,CASTLE HILL,NSW,2154,28,1998,65.4
1X WESTMINSTER DRIVE CASTLE HILL,CASTLE HILL,NSW,2154,28,1998,65.4
23 FRANKLIN ROAD CHERRYBROOK,CHERRYBROOK,NSW,2126,28,1998,65.4
BANTRY BAY ROAD FRENCHS FOREST,FRENCHS FOREST,NSW,2086,28,1998,65.4
1 BADCOE ROAD CROMER,CROMER,NSW,2099,28,1998,65.4
277 MONA VALE ROAD ST IVES,ST IVES,NSW,2075,28,1998,65.4
40 MELALEUCA DRIVE ST IVES,ST IVES,NSW,2075,28,1998,65.4
7 MARTIN PLACE FAULCONBRIDGE,FAULCONBRIDGE,NSW,2776,28,1998,65.4
24 PERRY AVENUE SPRINGWOOD,SPRINGWOOD,NSW,2777,28,1998,65.4
18 MERRINDAL PLACE CRANEBROOK,CRANEBROOK,NSW,2749,28,1998,65.4
18 ENTERPRISE ROAD CRANEBROOK,CRANEBROOK,NSW,2749,28,1998,65.4
46-59 KENILWORTH CRESCENT CRANEBROOK,CRANEBROOK,NSW,2749,28,1998,65.4
1 BARELLAN AVENUE TURRAMURRA,TURRAMURRA,NSW,2074,28,1998,65.4
8A LONSDALE AVENUE PYMBLE,PYMBLE,NSW,2073,28,1998,65.4
799 PACIFIC HIGHWAY GORDON,GORDON,NSW,2072,28,1998,65.4
836 PACIFIC HIGHWAY GORDON,GORDON,NSW,2072,28,1998,65.4
27 CATHY STREET BLAXLAND,BLAXLAND,NSW,2774,28,1998,65.4
132 PURCHASE ROAD CHERRYBROOK,CHERRYBROOK,NSW,2126,28,1998,65.4
3 WALDON ROAD BELROSE,BELROSE,NSW,2085,28,1998,65.4
14 JOYCE PLACE DURAL,DURAL,NSW,2158,28,1998,65.4
FOREST WAY BELROSE,BELROSE,NSW,2085,28,1998,65.4
26/3-5 JUBILEE STREET WAHROONGA,WAHROONGA,NSW,2076,28,1998,65.4
1-9 YARDLEY AVENUE WAITARA,WAITARA,NSW,2077,28,1998,65.4
7B BENSON CLOSE WAHROONGA,WAHROONGA,NSW,2076,28,1998,65.4
4-8 HOTHAM ROAD MINTO,MINTO,NSW,2566,21,2005,65.3
43 TALARA ROAD GYMEA,GYMEA,NSW,2227,28,1998,65.3
7 STACEY STREET CRONULLA,CRONULLA,NSW,2230,28,1998,65.3
35-47 STENNETT ROAD INGLEBURN,INGLEBURN,NSW,2565,28,1998,65.3
122 GEORGES RIVER ROAD JANNALI,JANNALI,NSW,2226,28,1998,65.3
2 WATERSIDE PARADE PEAKHURST HEIGHTS,PEAKHURST HEIGHTS,NSW,2210,28,1998,65.3
8 JEFFREY STREET KURNELL,KURNELL,NSW,2231,28,1998,65.3
2R BELGRAVE ESPLANADE SYLVANIA WATERS,SYLVANIA WATERS,NSW,2224,28,1998,65.3
2 DIANA AVENUE ROSELANDS,ROSELANDS,NSW,2196,28,1998,65.3
68 ST MARKS ROAD RANDWICK,RANDWICK,NSW,2031,28,1998,65.3
38 BANKS AVENUE PAGEWOOD,PAGEWOOD,NSW,2035,28,1998,65.3
17 RIVERSIDE ROAD CROYDON PARK,CROYDON PARK,NSW,2133,28,1998,65.3
3 SHORT STREET ENFIELD,ENFIELD,NSW,2136,28,1998,65.3
67 MINTARO AVENUE STRATHFIELD,STRATHFIELD,NSW,2135,28,1998,65.3
6 MOUNT STREET STRATHFIELD,STRATHFIELD,NSW,2135,28,1998,65.3
17 HIGHGATE STREET STRATHFIELD,STRATHFIELD,NSW,2135,28,1998,65.3
2 NICHOLSON STREET BURWOOD,BURWOOD,NSW,2134,28,1998,65.3
19 DICKSON STREET STRATHFIELD,STRATHFIELD,NSW,2135,28,1998,65.3
2 AMAROO AVENUE STRATHFIELD,STRATHFIELD,NSW,2135,28,1998,65.3
157 HOMEBUSH ROAD STRATHFIELD,STRATHFIELD,NSW,2135,28,1998,65.3
21 AMAROO AVENUE STRATHFIELD,STRATHFIELD,NSW,2135,28,1998,65.3
61 NEWTON ROAD STRATHFIELD,STRATHFIELD,NSW,2135,28,1998,65.3
29-53 VICTORIA ROAD BELLEVUE HILL,BELLEVUE HILL,NSW,2023,28,1998,65.3
28 DARLING POINT ROAD DARLING POINT,DARLING POINT,NSW,2027,28,1998,65.3
38 BAY STREET DOUBLE BAY,DOUBLE BAY,NSW,2028,21,2005,65.3
861 NEW SOUTH HEAD ROAD ROSE BAY,ROSE BAY,NSW,2029,28,1998,65.3
11/96 MURRIVERIE ROAD NORTH BONDI,NORTH BONDI,NSW,2026,28,1998,65.3
3A KARDINIA ROAD MOSMAN,MOSMAN,NSW,2088,28,1998,65.3
1 SIMPSON STREET MOSMAN,MOSMAN,NSW,2088,28,1998,65.3
2 GORDON STREET ANNANDALE,ANNANDALE,NSW,2038,28,1998,65.3
17 DAFFODIL STREET EASTWOOD,EASTWOOD,NSW,2122,21,2005,65.3
38 BURRAWONG AVENUE MOSMAN,MOSMAN,NSW,2088,28,1998,65.3
697 NEW SOUTH HEAD ROAD ROSE BAY,ROSE BAY,NSW,2029,28,1998,65.3
26A THE CRESCENT VAUCLUSE,VAUCLUSE,NSW,2030,28,1998,65.3
OLD CASTLEREAGH ROAD CASTLEREAGH,CASTLEREAGH,NSW,2749,28,1998,65.3
29 GREAT WESTERN HIGHWAY GLENBROOK,GLENBROOK,NSW,2773,28,1998,65.3
1 LEONAY PARADE LEONAY,LEONAY,NSW,2750,28,1998,65.3
FOX VALLEY ROAD WAHROONGA,WAHROONGA,NSW,2076,28,1998,65.3
17 DOUGLAS AVENUE NORTH EPPING,NORTH EPPING,NSW,2121,28,1998,65.3
52 DEVON STREET NORTH EPPING,NORTH EPPING,NSW,2121,21,2005,65.3
7 BAILEY CRESCENT NORTH EPPING,NORTH EPPING,NSW,2121,28,1998,65.3
6 BELINDA CRESCENT NORTH EPPING,NORTH EPPING,NSW,2121,28,1998,65.3
26 ELDERBERRY PLACE CHERRYBROOK,CHERRYBROOK,NSW,2126,28,1998,65.3
9 GREENHILL AVENUE NORMANHURST,NORMANHURST,NSW,2076,28,1998,65.3
8 HOWSE CRESCENT CROMER,CROMER,NSW,2099,28,1998,65.3
68 NORTHCOTT ROAD CROMER,CROMER,NSW,2099,28,1998,65.3
2A-2B FAIRWAYS CRESCENT SPRINGWOOD,SPRINGWOOD,NSW,2777,28,1998,65.3
26 ELLISON ROAD SPRINGWOOD,SPRINGWOOD,NSW,2777,28,1998,65.3
89 RAYMOND ROAD SPRINGWOOD,SPRINGWOOD,NSW,2777,28,1998,65.3
22 HINDMARSH STREET CRANEBROOK,CRANEBROOK,NSW,2749,28,1998,65.3
44 BELLATRIX STREET CRANEBROOK,CRANEBROOK,NSW,2749,28,1998,65.3
11 DULHUNTY COURT CRANEBROOK,CRANEBROOK,NSW,2749,28,1998,65.3
2 SUTTON PLACE ST IVES,ST IVES,NSW,2075,28,1998,65.3
33 DAMIEN DRIVE PARKLEA,PARKLEA,NSW,2768,28,1998,65.3
50 HANCOCK DRIVE CHERRYBROOK,CHERRYBROOK,NSW,2126,28,1998,65.3
12 KANANGRA CRESCENT CHERRYBROOK,CHERRYBROOK,NSW,2126,28,1998,65.3
1 HANCOCK DRIVE CHERRYBROOK,CHERRYBROOK,NSW,2126,28,1998,65.3
FOREST WAY TERREY HILLS,TERREY HILLS,NSW,2084,28,1998,65.3
231 TOORONGA ROAD TERREY HILLS,TERREY HILLS,NSW,2084,28,1998,65.3
31 JOHN RADLEY AVENUE DURAL,DURAL,NSW,2158,28,1998,65.3
58 LAITOKI ROAD TERREY HILLS,TERREY HILLS,NSW,2084,28,1998,65.3
33A BALMORAL STREET WAITARA,WAITARA,NSW,2077,28,1998,65.3
4 HERBERT AVENUE NEWPORT,NEWPORT,NSW,2106,28,1998,65.3
1/37 DOLPHIN STREET RANDWICK,RANDWICK,NSW,2031,28,1998,65.2
18 MCPHERSON STREET BANKSMEADOW,BANKSMEADOW,NSW,2019,28,1998,65.2
125 APLIN ROAD BONNYRIGG HEIGHTS,BONNYRIGG HEIGHTS,NSW,2177,28,1998,65.2
205-213 LIVERPOOL ROAD BURWOOD,BURWOOD,NSW,2134,28,1998,65.2
7 VICTORIA STREET STRATHFIELD,STRATHFIELD,NSW,2135,28,1998,65.2
15A MADDOCK STREET DULWICH HILL,DULWICH HILL,NSW,2203,28,1998,65.2
4 PAISLEY ROAD CROYDON,CROYDON,NSW,2132,28,1998,65.2
48 ARLINGTON STREET DULWICH HILL,DULWICH HILL,NSW,2203,28,1998,65.2
464 GLENMORE ROAD EDGECLIFF,EDGECLIFF,NSW,2027,28,1998,65.2
6 DUMARESQ ROAD ROSE BAY,ROSE BAY,NSW,2029,28,1998,65.2
39 CHAMBERLAIN AVENUE ROSE BAY,ROSE BAY,NSW,2029,28,1998,65.2
17 GLENMORE RIDGE DRIVE GLENMORE PARK,GLENMORE PARK,NSW,2745,28,1998,65.2
64 CHESTERFIELD ROAD EPPING,EPPING,NSW,2121,21,2005,65.2
56A EDGECLIFFE ESPLANADE SEAFORTH,SEAFORTH,NSW,2092,28,1998,65.2
5 HAZELBANK ROAD WOLLSTONECRAFT,WOLLSTONECRAFT,NSW,2065,21,2005,65.2
45 GRIGG AVENUE NORTH EPPING,NORTH EPPING,NSW,2121,21,2005,65.2
1-3 CENTRAL AVENUE THORNLEIGH,THORNLEIGH,NSW,2120,28,1998,65.2
19-37 MARIE STREET CASTLE HILL,CASTLE HILL,NSW,2154,28,1998,65.2
25 CARDIFF WAY CASTLE HILL,CASTLE HILL,NSW,2154,28,1998,65.2
101 RANGERS RETREAT ROAD FRENCHS FOREST,FRENCHS FOREST,NSW,2086,28,1998,65.2
371 GREAT WESTERN HIGHWAY SPRINGWOOD,SPRINGWOOD,NSW,2777,28,1998,65.2
23 PITT STREET SPRINGWOOD,SPRINGWOOD,NSW,2777,28,1998,65.2
29 VIEW STREET BLAXLAND,BLAXLAND,NSW,2774,28,1998,65.2
35 BLACKWATTLE PLACE CHERRYBROOK,CHERRYBROOK,NSW,2126,28,1998,65.2
18 HIGHBROOK PLACE CASTLE HILL,CASTLE HILL,NSW,2154,28,1998,65.2
10 FERN AVENUE WAHROONGA,WAHROONGA,NSW,2076,28,1998,65.2
15 WAITARA AVENUE WAITARA,WAITARA,NSW,2077,28,1998,65.2
18 ALLARA AVENUE NORTH TURRAMURRA,NORTH TURRAMURRA,NSW,2074,28,1998,65.2
9 BROWNING ROAD NORTH TURRAMURRA,NORTH TURRAMURRA,NSW,2074,28,1998,65.2
14 MACPHERSON STREET WARRIEWOOD,WARRIEWOOD,NSW,2102,28,1998,65.2
60 FOX VALLEY ROAD DENHAM COURT,,NSW,,28,1998,65.1
17 LOFTUS STREET DULWICH HILL,DULWICH HILL,NSW,2203,28,1998,65.1
27 BARKER ROAD STRATHFIELD,STRATHFIELD,NSW,2135,28,1998,65.1
2 MOUNT STREET STRATHFIELD,STRATHFIELD,NSW,2135,28,1998,65.1
10 WILSON STREET STRATHFIELD,STRATHFIELD,NSW,2135,28,1998,65.1
23 GEORGES RIVER ROAD CROYDON PARK,CROYDON PARK,NSW,2133,28,1998,65.1
37E NEWCASTLE STREET ROSE BAY,ROSE BAY,NSW,2029,28,1998,65.1
242 MILITARY ROAD DOVER HEIGHTS,DOVER HEIGHTS,NSW,2030,28,1998,65.1
117 O'DONNELL STREET NORTH BONDI,NORTH BONDI,NSW,2026,28,1998,65.1
3 BALFOUR ROAD ROSE BAY,ROSE BAY,NSW,2029,28,1998,65.1
1 PRINCE ALBERT ROAD SYDNEY,SYDNEY,NSW,2000,28,1998,65.1
342 EDGECLIFF ROAD WOOLLAHRA,WOOLLAHRA,NSW,2025,28,1998,65.1
20 EDWARDS BAY ROAD MOSMAN,MOSMAN,NSW,2088,28,1998,65.1
54 ABBOTT STREET CAMMERAY,CAMMERAY,NSW,2062,21,2005,65.1
10 MUNCASTER PLACE CRANEBROOK,CRANEBROOK,NSW,2749,28,1998,65.1
11 PLYMPTON ROAD CARLINGFORD,CARLINGFORD,NSW,2118,21,2005,65.1
24 PEMBROKE STREET EPPING,EPPING,NSW,2121,21,2005,65.1
12 CAVENDISH STREET PENNANT HILLS,PENNANT HILLS,NSW,2120,28,1998,65.1
91 COUNTY DRIVE CHERRYBROOK,CHERRYBROOK,NSW,2126,28,1998,65.1
4 LAWSON PLACE CHERRYBROOK,CHERRYBROOK,NSW,2126,28,1998,65.1
23 ROSSIAN PLACE CHERRYBROOK,CHERRYBROOK,NSW,2126,28,1998,65.1
6 KENBURN AVENUE CHERRYBROOK,CHERRYBROOK,NSW,2126,28,1998,65.1
169 HULL ROAD WEST PENNANT HILLS,WEST PENNANT HILLS,NSW,2125,28,1998,65.1
103-109 NEW LINE ROAD CHERRYBROOK,CHERRYBROOK,NSW,2126,28,1998,65.1
449X PENNANT HILLS ROAD PENNANT HILLS,PENNANT HILLS,NSW,2120,28,1998,65.1
89-97 CASTLE HILL ROAD WEST PENNANT HILLS,WEST PENNANT HILLS,NSW,2125,28,1998,65.1
6A THE HERMITAGE WEST PENNANT HILLS,HILLS,NSW,,28,1998,65.1
1 GOLDEN GROVE CHERRYBROOK,CHERRYBROOK,NSW,2126,28,1998,65.1
43 PIONEER PLACE CASTLE HILL,CASTLE HILL,NSW,2154,21,2005,65.1
15 STEPHEN STREET BEACON HILL,BEACON HILL,NSW,2100,28,1998,65.1
15 MACQUARIE STREET CROMER,CROMER,NSW,2099,28,1998,65.1
11 OXLEY AVENUE ST IVES,ST IVES,NSW,2075,28,1998,65.1
47 PERISHER ROAD BEAUMONT HILLS,BEAUMONT HILLS,NSW,2155,28,1998,65.1
12 VALENCIA STREET DURAL,DURAL,NSW,2158,28,1998,65.1
18 HICKORY PLACE DURAL,DURAL,NSW,2158,28,1998,65.1
11 BELLTREE CRESCENT CASTLE HILL,CASTLE HILL,NSW,2154,28,1998,65.1
6 CABER CLOSE DURAL,DURAL,NSW,2158,28,1998,65.1
156A BURNS ROAD WAHROONGA,WAHROONGA,NSW,2076,28,1998,65.1
36 TORONTO PARADE SUTHERLAND,SUTHERLAND,NSW,2232,28,1998,65.0
4 ETHELL ROAD KIRRAWEE,KIRRAWEE,NSW,2232,28,1998,65.0
108-110 KIORA ROAD MIRANDA,MIRANDA,NSW,2228,28,1998,65.0
ENTERPRISE CIRCUIT PRESTONS,PRESTONS,NSW,2170,28,1998,65.0
463-467 BRONTE ROAD BRONTE,BRONTE,NSW,2024,28,1998,65.0
1 KINGSLAND ROAD STRATHFIELD,STRATHFIELD,NSW,2135,28,1998,65.0
23 REDMYRE ROAD STRATHFIELD,STRATHFIELD,NSW,2135,28,1998,65.0
46 SHORTLAND AVENUE STRATHFIELD,STRATHFIELD,NSW,2135,28,1998,65.0
3 WALLIS AVENUE STRATHFIELD,STRATHFIELD,NSW,2135,28,1998,65.0
9 SHORTLAND AVENUE STRATHFIELD,STRATHFIELD,NSW,2135,28,1998,65.0
57A DARLING POINT ROAD DARLING POINT,DARLING POINT,NSW,2027,28,1998,65.0
TIVOLI AVENUE ROSE BAY,ROSE BAY,NSW,2029,28,1998,65.0
45 CHALEYER STREET ROSE BAY,ROSE BAY,NSW,2029,28,1998,65.0
41 TOWNS ROAD VAUCLUSE,VAUCLUSE,NSW,2030,28,1998,65.0
8 GURNER STREET PADDINGTON,PADDINGTON,NSW,2021,28,1998,65.0
229-249 ELIZABETH STREET SYDNEY,SYDNEY,NSW,2000,28,1998,65.0
3 BANKS DRIVE ST CLAIR,ST CLAIR,NSW,2759,28,1998,65.0
61B CHATHAM ROAD EASTWOOD,EASTWOOD,NSW,2122,21,2005,65.0
3 WARRINGTON AVENUE EPPING,EPPING,NSW,2121,21,2005,65.0
20 PARRIWI ROAD MOSMAN,MOSMAN,NSW,2088,28,1998,65.0
19 TRINITY DRIVE CAMBRIDGE GARDENS,,NSW,,28,1998,65.0
24-26 WOOD STREET MANLY,MANLY,NSW,2095,28,1998,65.0
93 RAY ROAD EPPING,EPPING,NSW,2121,21,2005,65.0
27 EYLES AVENUE EPPING,EPPING,NSW,2121,21,2005,65.0
43 DEVON STREET NORTH EPPING,NORTH EPPING,NSW,2121,21,2005,65.0
3 RAIDELL PLACE NORTH EPPING,NORTH EPPING,NSW,2121,21,2005,65.0
26 BEDFORD ROAD NORTH EPPING,NORTH EPPING,NSW,2121,21,2005,65.0
26 TORRENS PLACE CHERRYBROOK,CHERRYBROOK,NSW,2126,28,1998,65.0
35 DOULTON DRIVE CHERRYBROOK,CHERRYBROOK,NSW,2126,28,1998,65.0
37 LOFTUS ROAD PENNANT HILLS,PENNANT HILLS,NSW,2120,28,1998,65.0
21-23 BRITANNIA STREET PENNANT HILLS,PENNANT HILLS,NSW,2120,28,1998,65.0
4 WESTMINSTER DRIVE CASTLE HILL,CASTLE HILL,NSW,2154,28,1998,65.0
2 SANCTUARY CLOSE CHERRYBROOK,CHERRYBROOK,NSW,2126,28,1998,65.0
23 MARIAM PLACE CHERRYBROOK,CHERRYBROOK,NSW,2126,28,1998,65.0
2-8 SUSAN PARADE CASTLE HILL,CASTLE HILL,NSW,2154,28,1998,65.0
1 BALLANDA STREET FRENCHS FOREST,FRENCHS FOREST,NSW,2086,28,1998,65.0
RANGERS RETREAT ROAD FRENCHS FOREST,FRENCHS FOREST,NSW,2086,28,1998,65.0
55A OXFORD FALLS ROAD OXFORD FALLS,OXFORD FALLS,NSW,2100,28,1998,65.0
156 SOUTH CREEK ROAD CROMER,CROMER,NSW,2099,28,1998,65.0
176 SOUTH CREEK ROAD CROMER,CROMER,NSW,2099,28,1998,65.0
94 ST GEORGES CRESCENT FAULCONBRIDGE,FAULCONBRIDGE,NSW,2776,28,1998,65.0
15-71 LINDSAY ROAD FAULCONBRIDGE,FAULCONBRIDGE,NSW,2776,28,1998,65.0
73 LUCINDA AVENUE WAHROONGA,WAHROONGA,NSW,2076,28,1998,65.0
167 BURNS ROAD SPRINGWOOD,SPRINGWOOD,NSW,2777,28,1998,65.0
36A HEZLETT ROAD NORTH KELLYVILLE,NORTH KELLYVILLE,NSW,2155,28,1998,65.0
203X PEATS FERRY ROAD HORNSBY,HORNSBY,NSW,2077,28,1998,65.0
12 NIXON PLACE CHERRYBROOK,CHERRYBROOK,NSW,2126,28,1998,65.0
61 THOMAS WILKINSON AVENUE DURAL,DURAL,NSW,2158,28,1998,65.0
1 SUMMERS AVENUE HORNSBY,HORNSBY,NSW,2077,28,1998,65.0
10A WAHROONGA AVENUE WAHROONGA,WAHROONGA,NSW,2076,28,1998,65.0
87 KINTORE STREET WAHROONGA,WAHROONGA,NSW,2076,28,1998,65.0
261-265 BOBBIN HEAD ROAD NORTH TURRAMURRA,NORTH TURRAMURRA,NSW,2074,28,1998,65.0
17 MINKARA ROAD BAYVIEW,BAYVIEW,NSW,2104,28,1998,65.0
PITTWATER ROAD PITTWATER,PITTWATER,NSW,,28,1998,65.0
8 GLENESS PLACE GLENORIE,GLENORIE,NSW,2157,28,1998,65.0
162 PLATEAU ROAD BILGOLA PLATEAU,BILGOLA PLATEAU,NSW,2107,28,1998,65.0
6 KEYSOR ROAD PAGEWOOD,PAGEWOOD,NSW,2035,28,1998,64.9
88 HOMEBUSH ROAD STRATHFIELD,STRATHFIELD,NSW,2135,28,1998,64.9
30 WALLIS AVENUE STRATHFIELD,STRATHFIELD,NSW,2135,28,1998,64.9
26/569-573 LIVERPOOL ROAD STRATHFIELD,STRATHFIELD,NSW,2135,28,1998,64.9
9 BATES STREET STRATHFIELD,STRATHFIELD,NSW,2135,28,1998,64.9
13 ALBYN ROAD STRATHFIELD,STRATHFIELD,NSW,2135,28,1998,64.9
2A WAKEFORD ROAD STRATHFIELD,STRATHFIELD,NSW,2135,28,1998,64.9
160 ELIZABETH STREET ASHFIELD,ASHFIELD,NSW,2131,28,1998,64.9
3 WINGADAL PLACE POINT PIPER,POINT PIPER,NSW,2027,28,1998,64.9
2 BURRAWONG AVENUE MOSMAN,MOSMAN,NSW,2088,28,1998,64.9
105 CHALMERS STREET SURRY HILLS,SURRY HILLS,NSW,2010,28,1998,64.9
110 GLENGARRY DRIVE GLENMORE PARK,GLENMORE PARK,NSW,2745,28,1998,64.9
3 DOUGLAS PARADE DOVER HEIGHTS,DOVER HEIGHTS,NSW,2030,28,1998,64.9
14 BANGALLA ROAD ROSE BAY,ROSE BAY,NSW,2029,28,1998,64.9
81 MACQUARIE STREET ROSEVILLE,ROSEVILLE,NSW,2069,21,2005,64.9
22 DEWDNEY ROAD EMU PLAINS,EMU PLAINS,NSW,2750,28,1998,64.9
56 CARLINGFORD ROAD EPPING,EPPING,NSW,2121,21,2005,64.9
48 CARLINGFORD ROAD EPPING,EPPING,NSW,2121,21,2005,64.9
145 RAY ROAD EPPING,EPPING,NSW,2121,21,2005,64.9
1 DAWES PLACE CHERRYBROOK,CHERRYBROOK,NSW,2126,28,1998,64.9
19 ALL SAINTS CLOSE CHERRYBROOK,CHERRYBROOK,NSW,2126,28,1998,64.9
3 HAROLD AVENUE PENNANT HILLS,PENNANT HILLS,NSW,2120,28,1998,64.9
31 BLACKWOOD CLOSE BEECROFT,BEECROFT,NSW,2119,28,1998,64.9
9 YORK STREET BEECROFT,BEECROFT,NSW,2119,28,1998,64.9
9 NEVILLE COURT CASTLE HILL,CASTLE HILL,NSW,2154,28,1998,64.9
5 KNIGHT PLACE CASTLE HILL,CASTLE HILL,NSW,2154,28,1998,64.9
17 RODBOROUGH ROAD FRENCHS FOREST,FRENCHS FOREST,NSW,2086,28,1998,64.9
156-162 VINCENT ROAD CRANEBROOK,CRANEBROOK,NSW,2749,28,1998,64.9
1A ANDROMEDA DRIVE CRANEBROOK,CRANEBROOK,NSW,2749,28,1998,64.9
137 BOUNDARY ROAD CRANEBROOK,CRANEBROOK,NSW,2749,28,1998,64.9
108 GLENBROOK ROAD GLENBROOK,GLENBROOK,NSW,2773,21,2005,64.9
BLUE BELL CIRCUIT KELLYVILLE,KELLYVILLE,NSW,2155,28,1998,64.9
16 KANANGRA CRESCENT CHERRYBROOK,CHERRYBROOK,NSW,2126,28,1998,64.9
11 KAFFIR CLOSE CHERRYBROOK,CHERRYBROOK,NSW,2126,28,1998,64.9
102A WARRIMOO AVENUE ST IVES CHASE,ST IVES CHASE,NSW,2075,28,1998,64.9
29 BURNS ROAD WAHROONGA,WAHROONGA,NSW,2076,28,1998,64.9
37 BURNS ROAD WAHROONGA,WAHROONGA,NSW,2076,28,1998,64.9
177 SYLVANIA ROAD MIRANDA,MIRANDA,NSW,2228,28,1998,64.8
1/1R FISHBURN ROAD PORT BOTANY,PORT BOTANY,NSW,2036,28,1998,64.8
16A MEEKS STREET KINGSFORD,KINGSFORD,NSW,2032,28,1998,64.8
345 PRINCES HIGHWAY ST PETERS,ST PETERS,NSW,2044,28,1998,64.8
5 MELVILLE STREET ASHBURY,ASHBURY,NSW,2193,28,1998,64.8
186 THE BOULEVARDE STRATHFIELD,STRATHFIELD,NSW,2135,28,1998,64.8
14 TORRINGTON ROAD STRATHFIELD,STRATHFIELD,NSW,2135,28,1998,64.8
9 ALVISTON STREET STRATHFIELD,STRATHFIELD,NSW,2135,28,1998,64.8
21 BARKER ROAD STRATHFIELD,STRATHFIELD,NSW,2135,28,1998,64.8
6 RAVENNA STREET STRATHFIELD,STRATHFIELD,NSW,2135,28,1998,64.8
10 MITCHELL ROAD STRATHFIELD,STRATHFIELD,NSW,2135,28,1998,64.8
46 MINNA STREET BURWOOD,BURWOOD,NSW,2134,28,1998,64.8
80 WINDSOR ROAD DULWICH HILL,DULWICH HILL,NSW,2203,28,1998,64.8
14 WYUNA ROAD POINT PIPER,POINT PIPER,NSW,2027,28,1998,64.8
13 OATLEY ROAD PADDINGTON,PADDINGTON,NSW,2021,28,1998,64.8
14A LENNOX STREET MOSMAN,MOSMAN,NSW,2088,28,1998,64.8
77 POTTS STREET RYDE,RYDE,NSW,2112,21,2005,64.8
9 GLENBROOK ROAD GLENBROOK,GLENBROOK,NSW,2773,28,1998,64.8
45 CURRAWONG CRESCENT LEONAY,LEONAY,NSW,2750,28,1998,64.8
4 LEONAY PARADE LEONAY,LEONAY,NSW,2750,28,1998,64.8
4 HILLS AVENUE EPPING,EPPING,NSW,2121,21,2005,64.8
11 KAY CLOSE CHERRYBROOK,CHERRYBROOK,NSW,2126,28,1998,64.8
101 FRANCIS GREENWAY DRIVE CHERRYBROOK,CHERRYBROOK,NSW,2126,28,1998,64.8
23 HULL ROAD BEECROFT,BEECROFT,NSW,2119,28,1998,64.8
6 THE PROMENADE CHELTENHAM,CHELTENHAM,NSW,2119,28,1998,64.8
11 RIDGEVIEW WAY CHERRYBROOK,CHERRYBROOK,NSW,2126,28,1998,64.8
7 TORRES PLACE ST IVES,ST IVES,NSW,2075,28,1998,64.8
15 LINDEN AVENUE PYMBLE,PYMBLE,NSW,2073,28,1998,64.8
49 FOX VALLEY ROAD WAHROONGA,WAHROONGA,NSW,2076,28,1998,64.8
12 REYNOLDS STREET PYMBLE,PYMBLE,NSW,2073,28,1998,64.8
83A PURCHASE ROAD CHERRYBROOK,CHERRYBROOK,NSW,2126,28,1998,64.8
77 QUARRY ROAD DURAL,DURAL,NSW,2158,28,1998,64.8
27 TIMOTHY CLOSE CHERRYBROOK,CHERRYBROOK,NSW,2126,28,1998,64.8
27 DERRIWONG ROAD DURAL,DURAL,NSW,2158,28,1998,64.8
5 BOORALIE ROAD TERREY HILLS,TERREY HILLS,NSW,2084,28,1998,64.8
134 BATHURST STREET PITT TOWN,PITT TOWN,NSW,2756,28,1998,64.8
9 TOLOL AVENUE MIRANDA,MIRANDA,NSW,2228,28,1998,64.7
24 MALVERN ROAD MIRANDA,MIRANDA,NSW,2228,28,1998,64.7
20/12 WAUHOPE CRESCENT SOUTH COOGEE,SOUTH COOGEE,NSW,2034,28,1998,64.7
15 HAY STREET RANDWICK,RANDWICK,NSW,2031,28,1998,64.7
10 ABBOTT STREET COOGEE,COOGEE,NSW,2034,28,1998,64.7
16A NORTON STREET KINGSFORD,KINGSFORD,NSW,2032,28,1998,64.7
92 HAY STREET ASHBURY,ASHBURY,NSW,2193,28,1998,64.7
5 FAIRHOLM STREET STRATHFIELD,STRATHFIELD,NSW,2135,28,1998,64.7
147 ALBERT ROAD STRATHFIELD,STRATHFIELD,NSW,2135,28,1998,64.7
51 HIGH STREET STRATHFIELD,STRATHFIELD,NSW,2135,28,1998,64.7
4/145A WENTWORTH ROAD STRATHFIELD,STRATHFIELD,NSW,2135,28,1998,64.7
9/145A WENTWORTH ROAD STRATHFIELD,STRATHFIELD,NSW,2135,28,1998,64.7
81 NICHOLSON STREET STRATHFIELD,STRATHFIELD,NSW,2135,28,1998,64.7
4 ESPLIN AVENUE STRATHFIELD,STRATHFIELD,NSW,2135,28,1998,64.7
59 ALBYN ROAD STRATHFIELD,STRATHFIELD,NSW,2135,28,1998,64.7
7 BAREENA STREET STRATHFIELD,STRATHFIELD,NSW,2135,28,1998,64.7
3 WILSON STREET STRATHFIELD,STRATHFIELD,NSW,2135,28,1998,64.7
78-80 ABBOTSFORD ROAD HOMEBUSH,HOMEBUSH,NSW,2140,28,1998,64.7
64 HUNTER STREET STRATHFIELD,STRATHFIELD,NSW,2135,28,1998,64.7
3/66 KENSINGTON ROAD SUMMER HILL,SUMMER HILL,NSW,2130,28,1998,64.7
8A CASTRA PLACE DOUBLE BAY,DOUBLE BAY,NSW,2028,28,1998,64.7
1 CLAIRVAUX ROAD VAUCLUSE,VAUCLUSE,NSW,2030,28,1998,64.7
73A MURRIVERIE ROAD NORTH BONDI,NORTH BONDI,NSW,2026,28,1998,64.7
65 ONSLOW STREET ROSE BAY,ROSE BAY,NSW,2029,28,1998,64.7
48 EPPING ROAD DOUBLE BAY,DOUBLE BAY,NSW,2028,28,1998,64.7
46-48 FOVEAUX STREET SURRY HILLS,SURRY HILLS,NSW,2010,28,1998,64.7
188 FORBES STREET DARLINGHURST,DARLINGHURST,NSW,2010,28,1998,64.7
17 DERBY STREET VAUCLUSE,VAUCLUSE,NSW,2030,28,1998,64.7
57 ROSEVILLE AVENUE ROSEVILLE,ROSEVILLE,NSW,2069,21,2005,64.7
5 LEWIS STREET LAPSTONE,LAPSTONE,NSW,2773,28,1998,64.7
266 KNOX ROAD DOONSIDE,DOONSIDE,NSW,2767,28,1998,64.7
63 SUTHERLAND ROAD CHELTENHAM,CHELTENHAM,NSW,2119,28,1998,64.7
579 NORTH ROCKS ROAD CARLINGFORD,CARLINGFORD,NSW,2118,21,2005,64.7
35 FERNHILL AVENUE EPPING,EPPING,NSW,2121,21,2005,64.7
11 TORRENS PLACE CHERRYBROOK,CHERRYBROOK,NSW,2126,28,1998,64.7
66 TALLOWWOOD AVENUE CHERRYBROOK,CHERRYBROOK,NSW,2126,28,1998,64.7
36 OAKLEIGH AVENUE THORNLEIGH,THORNLEIGH,NSW,2120,28,1998,64.7
4 MORNINGTON AVENUE CASTLE HILL,CASTLE HILL,NSW,2154,28,1998,64.7
6 CYNTHIA AVENUE CASTLE HILL,CASTLE HILL,NSW,2154,28,1998,64.7
32 CABER CLOSE DURAL,DURAL,NSW,2158,28,1998,64.7
86 CASUARINA DRIVE CHERRYBROOK,CHERRYBROOK,NSW,2126,28,1998,64.7
11 WILLOWBROOK PLACE CASTLE HILL,CASTLE HILL,NSW,2154,28,1998,64.7
167 CECIL AVENUE CASTLE HILL,CASTLE HILL,NSW,2154,28,1998,64.7
45 CASINO STREET GLENWOOD,GLENWOOD,NSW,2768,28,1998,64.7
67 BANTRY BAY ROAD FRENCHS FOREST,FRENCHS FOREST,NSW,2086,28,1998,64.7
36 GROVER AVENUE CROMER,CROMER,NSW,2099,28,1998,64.7
49 MUDIES ROAD ST IVES,ST IVES,NSW,2075,28,1998,64.7
34 NELSON STREET GORDON,GORDON,NSW,2072,28,1998,64.7
68 YARRABUNG ROAD ST IVES,ST IVES,NSW,2075,28,1998,64.7
4 LAUREL AVENUE TURRAMURRA,TURRAMURRA,NSW,2074,28,1998,64.7
40 ST GEORGES CRESCENT FAULCONBRIDGE,FAULCONBRIDGE,NSW,2776,28,1998,64.7
58 RAYMOND ROAD SPRINGWOOD,SPRINGWOOD,NSW,2777,28,1998,64.7
1 THUROONG PLACE CRANEBROOK,CRANEBROOK,NSW,2749,28,1998,64.7
41 NELSON STREET GORDON,GORDON,NSW,2072,28,1998,64.7
2 GARDEN SQUARE GORDON,GORDON,NSW,2072,28,1998,64.7
10 HANCOCK DRIVE CHERRYBROOK,CHERRYBROOK,NSW,2126,28,1998,64.7
12 BARCOTE PLACE CASTLE HILL,CASTLE HILL,NSW,2154,28,1998,64.7
4 MELISSA PLACE CHERRYBROOK,CHERRYBROOK,NSW,2126,28,1998,64.7
6 HARCOURT CLOSE CASTLE HILL,CASTLE HILL,NSW,2154,28,1998,64.7
2 DERWENT AVENUE NORTH WAHROONGA,NORTH WAHROONGA,NSW,2076,28,1998,64.7
278-280 BOBBIN HEAD ROAD NORTH TURRAMURRA,NORTH TURRAMURRA,NSW,2074,28,1998,64.7
33 ALLAWAH AVENUE ELANORA HEIGHTS,ELANORA HEIGHTS,NSW,2101,28,1998,64.7
9 VENETTA ROAD GLENORIE,GLENORIE,NSW,2157,28,1998,64.7
8 BARCOOLA PLACE BAYVIEW,BAYVIEW,NSW,2104,28,1998,64.7
31 MARCEL AVENUE RANDWICK,RANDWICK,NSW,2031,28,1998,64.6
8 WAKEFORD ROAD STRATHFIELD,STRATHFIELD,NSW,2135,28,1998,64.6
21 FITZGERALD CRESCENT STRATHFIELD,STRATHFIELD,NSW,2135,28,1998,64.6
12 MERLEY ROAD STRATHFIELD,STRATHFIELD,NSW,2135,28,1998,64.6
557 OLD SOUTH HEAD ROAD ROSE BAY,ROSE BAY,NSW,2029,28,1998,64.6
55 CARLISLE STREET ROSE BAY,ROSE BAY,NSW,2029,28,1998,64.6
1 DUMARESQ ROAD ROSE BAY,ROSE BAY,NSW,2029,28,1998,64.6
125 O'DONNELL STREET NORTH BONDI,NORTH BONDI,NSW,2026,28,1998,64.6
14/17 SHELLCOVE ROAD KURRABA POINT,KURRABA POINT,NSW,2089,21,2005,64.6
17-23 CECIL STREET PADDINGTON,PADDINGTON,NSW,2021,28,1998,64.6
117 QUEEN STREET WOOLLAHRA,WOOLLAHRA,NSW,2025,28,1998,64.6
12 WONGA ROAD CREMORNE,CREMORNE,NSW,2090,21,2005,64.6
26 MILNER STREET MOSMAN,MOSMAN,NSW,2088,28,1998,64.6
3 BILLONG STREET KURRABA POINT,KURRABA POINT,NSW,2089,21,2005,64.6
126 ANDREWS ROAD PENRITH,PENRITH,NSW,2750,28,1998,64.6
13 EMERALD STREET EMU PLAINS,EMU PLAINS,NSW,2750,28,1998,64.6
31 THE UPPER SANCTUARY DRIVE LEONAY,LEONAY,NSW,2750,28,1998,64.6
30 COBRAN ROAD CHELTENHAM,CHELTENHAM,NSW,2119,28,1998,64.6
20 KARRIL AVENUE BEECROFT,BEECROFT,NSW,2119,21,2005,64.6
33 DELAWARE STREET EPPING,EPPING,NSW,2121,21,2005,64.6
40 JAPONICA ROAD EPPING,EPPING,NSW,2121,21,2005,64.6
124 MIDSON ROAD EPPING,EPPING,NSW,2121,21,2005,64.6
15 WOOD STREET EASTWOOD,EASTWOOD,NSW,2122,21,2005,64.6
24A YORK STREET EPPING,EPPING,NSW,2121,21,2005,64.6
26-28X MERLE STREET NORTH EPPING,NORTH EPPING,NSW,2121,28,1998,64.6
50A DOWNES STREET NORTH EPPING,NORTH EPPING,NSW,2121,28,1998,64.6
17 PINNER CLOSE NORTH EPPING,NORTH EPPING,NSW,2121,21,2005,64.6
21 BOWEN CLOSE CHERRYBROOK,CHERRYBROOK,NSW,2126,28,1998,64.6
16 BASSETT PLACE CASTLE HILL,CASTLE HILL,NSW,2154,28,1998,64.6
9-15 LINK ROAD ST IVES,ST IVES,NSW,2075,28,1998,64.6
14 TOROKINA AVENUE ST IVES,ST IVES,NSW,2075,21,2005,64.6
RICKARD ROAD WARRIMOO,WARRIMOO,NSW,2774,28,1998,64.6
26 FREEDOM CIRCUIT KELLYVILLE RIDGE,KELLYVILLE RIDGE,NSW,2155,21,2005,64.6
7-9 HORIZONS PLACE KELLYVILLE,KELLYVILLE,NSW,2155,21,2005,64.6
23 WAYFIELD ROAD GLENHAVEN,GLENHAVEN,NSW,2156,28,1998,64.6
17 BYRNE AVENUE SOUTH COOGEE,SOUTH COOGEE,NSW,2034,28,1998,64.5
6 GREGORY STREET SOUTH COOGEE,SOUTH COOGEE,NSW,2034,28,1998,64.5
2/23 RITCHARD AVENUE COOGEE,COOGEE,NSW,2034,28,1998,64.5
26 GORDON AVENUE COOGEE,COOGEE,NSW,2034,28,1998,64.5
95 BROMPTON ROAD KENSINGTON,KENSINGTON,NSW,2033,28,1998,64.5
1 MYRTLE STREET KENSINGTON,KENSINGTON,NSW,2033,28,1998,64.5
45 MILROY AVENUE KENSINGTON,KENSINGTON,NSW,2033,28,1998,64.5
12A ANGEL ROAD STRATHFIELD,STRATHFIELD,NSW,2135,28,1998,64.5
54 CORONATION PARADE ENFIELD,ENFIELD,NSW,2136,28,1998,64.5
98 REDMYRE ROAD STRATHFIELD,STRATHFIELD,NSW,2135,28,1998,64.5
3 GENDERS AVENUE BURWOOD,BURWOOD,NSW,2134,28,1998,64.5
54 MINNA STREET BURWOOD,BURWOOD,NSW,2134,28,1998,64.5
26 LONG STREET STRATHFIELD,STRATHFIELD,NSW,2135,28,1998,64.5
127 ALBERT ROAD STRATHFIELD,STRATHFIELD,NSW,2135,28,1998,64.5
20A LONG STREET STRATHFIELD,STRATHFIELD,NSW,2135,28,1998,64.5
25 BERESFORD ROAD STRATHFIELD,STRATHFIELD,NSW,2135,28,1998,64.5
111 HOMEBUSH ROAD STRATHFIELD,STRATHFIELD,NSW,2135,28,1998,64.5
596 OLD SOUTH HEAD ROAD ROSE BAY,ROSE BAY,NSW,2029,28,1998,64.5
30 STEWART STREET NORTH BONDI,NORTH BONDI,NSW,2026,28,1998,64.5
3 HILLSIDE AVENUE VAUCLUSE,VAUCLUSE,NSW,2030,28,1998,64.5
493 OLD SOUTH HEAD ROAD ROSE BAY,ROSE BAY,NSW,2029,28,1998,64.5
5 BANGALLA ROAD ROSE BAY,ROSE BAY,NSW,2029,28,1998,64.5
2 WOLSELEY CRESCENT POINT PIPER,POINT PIPER,NSW,2027,28,1998,64.5
5 ST ELMO STREET MOSMAN,MOSMAN,NSW,2088,28,1998,64.5
2 PEPPERMINT GROVE SEAFORTH,SEAFORTH,NSW,2092,28,1998,64.5
33 BRADLEYS HEAD ROAD MOSMAN,MOSMAN,NSW,2088,28,1998,64.5
89 MILITARY ROAD DOVER HEIGHTS,DOVER HEIGHTS,NSW,2030,28,1998,64.5
2 WALLANGRA ROAD DOVER HEIGHTS,DOVER HEIGHTS,NSW,2030,28,1998,64.5
40 ASHBURNER STREET MANLY,MANLY,NSW,2095,28,1998,64.5
259 MALTON ROAD NORTH EPPING,NORTH EPPING,NSW,2121,28,1998,64.5
7 HALLAM WAY CHERRYBROOK,CHERRYBROOK,NSW,2126,28,1998,64.5
2 TALLOWWOOD AVENUE CHERRYBROOK,CHERRYBROOK,NSW,2126,28,1998,64.5
20 MAYBUSH PLACE CHERRYBROOK,CHERRYBROOK,NSW,2126,28,1998,64.5
10 ROSEWOOD PLACE CHERRYBROOK,CHERRYBROOK,NSW,2126,28,1998,64.5
22 LUTANDA CLOSE PENNANT HILLS,PENNANT HILLS,NSW,2120,28,1998,64.5
80 CASTLE HOWARD ROAD BEECROFT,BEECROFT,NSW,2119,28,1998,64.5
2D SUTHERLAND ROAD CHELTENHAM,CHELTENHAM,NSW,2119,28,1998,64.5
9 MELALEUCA CLOSE CASTLE HILL,CASTLE HILL,NSW,2154,28,1998,64.5
2 TOORAK COURT CHERRYBROOK,CHERRYBROOK,NSW,2126,28,1998,64.5
10 CENTURY CIRCUIT NORWEST,NORWEST,NSW,2153,28,1998,64.5
14 ROUNCE AVENUE FORESTVILLE,FORESTVILLE,NSW,2087,28,1998,64.5
14 COTENTIN ROAD BELROSE,BELROSE,NSW,2085,28,1998,64.5
49 BENAROON AVENUE ST IVES,ST IVES,NSW,2075,28,1998,64.5
11 KANA CLOSE CRANEBROOK,CRANEBROOK,NSW,2749,28,1998,64.5
4B BEECHWORTH ROAD PYMBLE,PYMBLE,NSW,2073,28,1998,64.5
14 EASTERN ARTERIAL ROAD ST IVES,ST IVES,NSW,2075,28,1998,64.5
5 WETSTONE WAY DURAL,DURAL,NSW,2158,28,1998,64.5
410 OLD NORTHERN ROAD GLENHAVEN,GLENHAVEN,NSW,2156,28,1998,64.5
15 CURTIN AVENUE NORTH WAHROONGA,NORTH WAHROONGA,NSW,2076,28,1998,64.5
9 BUNYANA AVENUE WAHROONGA,WAHROONGA,NSW,2076,28,1998,64.5
14 BUENA VISTA AVENUE MONA VALE,MONA VALE,NSW,2103,28,1998,64.5
34 CANTERBURY ROAD GLENFIELD,GLENFIELD,NSW,2167,28,1998,64.4
88 PINE ROAD CASULA,CASULA,NSW,2170,28,1998,64.4
122 NOBLE AVENUE GREENACRE,GREENACRE,NSW,2190,28,1998,64.4
48 LUDGATE STREET ROSELANDS,ROSELANDS,NSW,2196,28,1998,64.4
9 PRESCOT PARADE MILPERRA,MILPERRA,NSW,2214,28,1998,64.4
17 ZETLAND AVENUE ZETLAND,ZETLAND,NSW,2017,28,1998,64.4
143 ALBERT ROAD STRATHFIELD,STRATHFIELD,NSW,2135,28,1998,64.4
11 HUNTER STREET STRATHFIELD,STRATHFIELD,NSW,2135,28,1998,64.4
106 REDMYRE ROAD STRATHFIELD,STRATHFIELD,NSW,2135,28,1998,64.4
42-50 HAMPSTEAD ROAD HOMEBUSH WEST,HOMEBUSH WEST,NSW,2140,28,1998,64.4
272 LIVERPOOL ROAD ENFIELD,ENFIELD,NSW,2136,28,1998,64.4
2 EVERTON ROAD STRATHFIELD,STRATHFIELD,NSW,2135,28,1998,64.4
68 ALBYN ROAD STRATHFIELD,STRATHFIELD,NSW,2135,28,1998,64.4
41 DARLING POINT ROAD DARLING POINT,DARLING POINT,NSW,2027,28,1998,64.4
7 KULGOA ROAD BELLEVUE HILL,BELLEVUE HILL,NSW,2023,28,1998,64.4
157-169 BLAIR STREET NORTH BONDI,NORTH BONDI,NSW,2026,28,1998,64.4
11 BADHAM AVENUE MOSMAN,MOSMAN,NSW,2088,28,1998,64.4
17 ALLISTER STREET CREMORNE,CREMORNE,NSW,2090,21,2005,64.4
19 MIOWERA ROAD NORTHBRIDGE,NORTHBRIDGE,NSW,2063,21,2005,64.4
21 WOLSELEY ROAD MOSMAN,MOSMAN,NSW,2088,28,1998,64.4
33-37 BELMONT AVENUE WOLLSTONECRAFT,WOLLSTONECRAFT,NSW,2065,21,2005,64.4
5 CRESTVIEW PLACE CRANEBROOK,CRANEBROOK,NSW,2749,28,1998,64.4
72 KENT STREET EPPING,EPPING,NSW,2121,21,2005,64.4
210 MIDSON ROAD EPPING,EPPING,NSW,2121,21,2005,64.4
37 KEELER STREET CARLINGFORD,CARLINGFORD,NSW,2118,21,2005,64.4
5 FIRST AVENUE EPPING,EPPING,NSW,2121,21,2005,64.4
35 ABUKLEA ROAD EPPING,EPPING,NSW,2121,21,2005,64.4
79 OXFORD STREET EPPING,EPPING,NSW,2121,21,2005,64.4
11 SAN GIORGIO CIRCUIT CASTLE HILL,CASTLE HILL,NSW,2154,28,1998,64.4
7 OAKHILL DRIVE CASTLE HILL,CASTLE HILL,NSW,2154,28,1998,64.4
9 LAKEVIEW CLOSE NORWEST,NORWEST,NSW,2153,28,1998,64.4
17 GARNER AVENUE FRENCHS FOREST,FRENCHS FOREST,NSW,2086,28,1998,64.4
6 MIRRA PLACE CROMER,CROMER,NSW,2099,28,1998,64.4
7 ACRON ROAD ST IVES,ST IVES,NSW,2075,28,1998,64.4
139 OAKS AVENUE DEE WHY,DEE WHY,NSW,2099,28,1998,64.4
17 BEECHWOOD PARADE CHERRYBROOK,CHERRYBROOK,NSW,2126,28,1998,64.4
5 JONATHON PLACE CHERRYBROOK,CHERRYBROOK,NSW,2126,28,1998,64.4
319 MCCARRS CREEK ROAD TERREY HILLS,TERREY HILLS,NSW,2084,28,1998,64.4
410-412 BOBBIN HEAD ROAD NORTH TURRAMURRA,NORTH TURRAMURRA,NSW,2074,28,1998,64.4
50A ELOUERA ROAD CRONULLA,CRONULLA,NSW,2230,28,1998,64.3
42 CARRAMAR CRESCENT MIRANDA,MIRANDA,NSW,2228,28,1998,64.3
47 WOOMERA ROAD LITTLE BAY,LITTLE BAY,NSW,2036,28,1998,64.3
196 BRAIDWOOD DRIVE PRESTONS,PRESTONS,NSW,2170,28,1998,64.3
5 SOLOMON CRESCENT HORNINGSEA PARK,HORNINGSEA PARK,NSW,2171,28,1998,64.3
58 ALBION STREET ROSELANDS,ROSELANDS,NSW,2196,28,1998,64.3
4 BYRD AVENUE KINGSFORD,KINGSFORD,NSW,2032,28,1998,64.3
2/224 RAINBOW STREET COOGEE,COOGEE,NSW,2034,28,1998,64.3
12 SEASIDE PARADE SOUTH COOGEE,SOUTH COOGEE,NSW,2034,28,1998,64.3
26 RAE STREET RANDWICK,RANDWICK,NSW,2031,28,1998,64.3
960A BOURKE STREET ZETLAND,ZETLAND,NSW,2017,28,1998,64.3
234 WENTWORTH ROAD BURWOOD,BURWOOD,NSW,2134,28,1998,64.3
16 PARK AVENUE ASHFIELD,ASHFIELD,NSW,2131,28,1998,64.3
1A CAPTAIN PIPERS ROAD VAUCLUSE,VAUCLUSE,NSW,2030,28,1998,64.3
13 GILGANDRA ROAD NORTH BONDI,NORTH BONDI,NSW,2026,28,1998,64.3
23 PORTLAND STREET DOVER HEIGHTS,DOVER HEIGHTS,NSW,2030,28,1998,64.3
84 DARLING POINT ROAD DARLING POINT,DARLING POINT,NSW,2027,28,1998,64.3
WEEROONA AVENUE WOOLLAHRA,WOOLLAHRA,NSW,2025,28,1998,64.3
351 EDGECLIFF ROAD EDGECLIFF,EDGECLIFF,NSW,2027,28,1998,64.3
BLUE VIEW TERRACE GLENMORE PARK,GLENMORE PARK,NSW,2745,28,1998,64.3
4 ALBUERA ROAD EPPING,EPPING,NSW,2121,21,2005,64.3
22B BURRAN AVENUE MOSMAN,MOSMAN,NSW,2088,28,1998,64.3
57 BRADLEYS HEAD ROAD MOSMAN,MOSMAN,NSW,2088,28,1998,64.3
57 RUSSELL STREET VAUCLUSE,VAUCLUSE,NSW,2030,28,1998,64.3
WILLOWTREE AVENUE GLENWOOD,GLENWOOD,NSW,2768,28,1998,64.3
6 TARRAGUNDI ROAD EPPING,EPPING,NSW,2121,21,2005,64.3
200 MALTON ROAD NORTH EPPING,NORTH EPPING,NSW,2121,28,1998,64.3
27 WATERLOO ROAD NORTH EPPING,NORTH EPPING,NSW,2121,21,2005,64.3
17X LAMBE PLACE CHERRYBROOK,CHERRYBROOK,NSW,2126,28,1998,64.3
12X WOODCREST PLACE CHERRYBROOK,CHERRYBROOK,NSW,2126,28,1998,64.3
158 HULL ROAD WEST PENNANT HILLS,WEST PENNANT HILLS,NSW,2125,28,1998,64.3
1 JOHN SAVAGE CRESCENT WEST PENNANT HILLS,WEST PENNANT HILLS,NSW,2125,28,1998,64.3
107 BEECROFT ROAD BEECROFT,BEECROFT,NSW,2119,28,1998,64.3
32 TILLOCK STREET THORNLEIGH,THORNLEIGH,NSW,2120,28,1998,64.3
41 FRANCIS STREET CASTLE HILL,CASTLE HILL,NSW,2154,28,1998,64.3
15 RICHMOND COURT CASTLE HILL,CASTLE HILL,NSW,2154,28,1998,64.3
24-32 LEXINGTON DRIVE BELLA VISTA,BELLA VISTA,NSW,2153,28,1998,64.3
8 LYNBARA AVENUE ST IVES,ST IVES,NSW,2075,28,1998,64.3
16 ULM AVENUE SOUTH TURRAMURRA,SOUTH TURRAMURRA,NSW,2074,28,1998,64.3
38 BOUNDARY ROAD NORTH EPPING,NORTH EPPING,NSW,2121,21,2005,64.3
WERONA AVENUE GORDON,GORDON,NSW,2072,28,1998,64.3
32 WATTLECLIFFE DRIVE BLAXLAND,BLAXLAND,NSW,2774,28,1998,64.3
33 ROSS CRESCENT BLAXLAND,BLAXLAND,NSW,2774,28,1998,64.3
35 MEREDITH STREET BLAXLAND,BLAXLAND,NSW,2774,28,1998,64.3
20 RIDGELINE DRIVE THE PONDS,THE PONDS,NSW,2769,28,1998,64.3
1A CARNOUSTIE STREET ROUSE HILL,ROUSE HILL,NSW,2155,28,1998,64.3
10 MUNDURRA PLACE KELLYVILLE,KELLYVILLE,NSW,2155,28,1998,64.3
50 ILLINGWORTH ROAD YELLOW ROCK,YELLOW ROCK,NSW,2777,28,1998,64.3
BENSLEY ROAD MACQUARIE FIELDS,MACQUARIE FIELDS,NSW,2564,28,1998,64.2
48 FOX VALLEY ROAD DENHAM COURT,,NSW,,28,1998,64.2
29 ALMA ROAD PADSTOW,PADSTOW,NSW,2211,28,1998,64.2
319 HOXTON PARK ROAD CARTWRIGHT,CARTWRIGHT,NSW,2168,28,1998,64.2
37 CUZCO STREET SOUTH COOGEE,SOUTH COOGEE,NSW,2034,28,1998,64.2
1/394 MARRICKVILLE ROAD MARRICKVILLE,MARRICKVILLE,NSW,2204,28,1998,64.2
53 MINTARO AVENUE STRATHFIELD,STRATHFIELD,NSW,2135,28,1998,64.2
15 DICKSON STREET STRATHFIELD,STRATHFIELD,NSW,2135,28,1998,64.2
17 OXFORD ROAD STRATHFIELD,STRATHFIELD,NSW,2135,28,1998,64.2
21 RICKARD ROAD STRATHFIELD,STRATHFIELD,NSW,2135,28,1998,64.2
19 EASTBOURNE ROAD DARLING POINT,DARLING POINT,NSW,2027,28,1998,64.2
88 OCEAN STREET WOOLLAHRA,WOOLLAHRA,NSW,2025,28,1998,64.2
1 ROSEMONT AVENUE WOOLLAHRA,WOOLLAHRA,NSW,2025,28,1998,64.2
303 EDGECLIFF ROAD WOOLLAHRA,WOOLLAHRA,NSW,2025,28,1998,64.2
7 BAYVIEW HILL ROAD ROSE BAY,ROSE BAY,NSW,2029,28,1998,64.2
2 KOOWONG AVENUE MOSMAN,MOSMAN,NSW,2088,28,1998,64.2
158 HOPETOUN AVENUE VAUCLUSE,VAUCLUSE,NSW,2030,28,1998,64.2
2 TELOPEA STREET WOLLSTONECRAFT,WOLLSTONECRAFT,NSW,2065,21,2005,64.2
20 BROOKDALE TERRACE GLENBROOK,GLENBROOK,NSW,2773,28,1998,64.2
39 FERNHILL AVENUE EPPING,EPPING,NSW,2121,21,2005,64.2
6 DENT STREET EPPING,EPPING,NSW,2121,21,2005,64.2
15 CHESTER STREET EPPING,EPPING,NSW,2121,21,2005,64.2
119 NORFOLK ROAD NORTH EPPING,NORTH EPPING,NSW,2121,28,1998,64.2
37 MANUKA CIRCLE CHERRYBROOK,CHERRYBROOK,NSW,2126,28,1998,64.2
449C PENNANT HILLS ROAD PENNANT HILLS,PENNANT HILLS,NSW,2120,28,1998,64.2
89 GUMNUT ROAD CHERRYBROOK,CHERRYBROOK,NSW,2126,28,1998,64.2
SEVEN HILLS ROAD BAULKHAM HILLS,BAULKHAM HILLS,NSW,2153,28,1998,64.2
BURRANEER AVENUE ST IVES,ST IVES,NSW,2075,28,1998,64.2
28 THE ESPLANADE NARRABEEN,NARRABEEN,NSW,2101,28,1998,64.2
16 KOOLOORA AVENUE FRESHWATER,FRESHWATER,NSW,2096,28,1998,64.2
32 MARTHA CRESCENT CRANEBROOK,CRANEBROOK,NSW,2749,28,1998,64.2
CENTAURI CIRCUIT CRANEBROOK,CRANEBROOK,NSW,2749,28,1998,64.2
87 WERONA AVENUE GORDON,GORDON,NSW,2072,28,1998,64.2
4LG/888A PACIFIC HIGHWAY GORDON,GORDON,NSW,2072,28,1998,64.2
14 HIGHBROOK PLACE CASTLE HILL,CASTLE HILL,NSW,2154,28,1998,64.2
1 GWYDIR AVENUE NORTH TURRAMURRA,NORTH TURRAMURRA,NSW,2074,28,1998,64.2
87 OLD BEROWRA ROAD HORNSBY,HORNSBY,NSW,2077,28,1998,64.2
78X PALMERSTON ROAD HORNSBY,HORNSBY,NSW,2077,28,1998,64.2
13R MANNIKIN DRIVE WORONORA HEIGHTS,WORONORA HEIGHTS,NSW,2233,28,1998,64.1
11/157 PRESIDENT AVENUE MIRANDA,MIRANDA,NSW,2228,28,1998,64.1
15 FOX VALLEY ROAD DENHAM COURT,,NSW,,28,1998,64.1
HIGH STREET RANDWICK,RANDWICK,NSW,2031,28,1998,64.1
2471 SILVERDALE ROAD WALLACIA,WALLACIA,NSW,2745,28,1998,64.1
4 CAMERON STREET STRATHFIELD,STRATHFIELD,NSW,2135,28,1998,64.1
68B REDMYRE ROAD STRATHFIELD,STRATHFIELD,NSW,2135,28,1998,64.1
10 AGNES STREET STRATHFIELD,STRATHFIELD,NSW,2135,28,1998,64.1
55 WOODSIDE AVENUE STRATHFIELD,STRATHFIELD,NSW,2135,28,1998,64.1
26 ROSE STREET ASHFIELD,ASHFIELD,NSW,2131,28,1998,64.1
188 NEW SOUTH HEAD ROAD EDGECLIFF,EDGECLIFF,NSW,2027,28,1998,64.1
HARDY STREET ROSE BAY,ROSE BAY,NSW,2029,28,1998,64.1
3A MILITARY ROAD NORTH BONDI,NORTH BONDI,NSW,2026,28,1998,64.1
21 NEW SOUTH HEAD ROAD VAUCLUSE,VAUCLUSE,NSW,2030,28,1998,64.1
20 LENNOX STREET BELLEVUE HILL,BELLEVUE HILL,NSW,2023,28,1998,64.1
2 FORTH STREET WOOLLAHRA,WOOLLAHRA,NSW,2025,28,1998,64.1
536A NEW SOUTH HEAD ROAD DOUBLE BAY,DOUBLE BAY,NSW,2028,28,1998,64.1
1 OLD SOUTH HEAD ROAD VAUCLUSE,VAUCLUSE,NSW,2030,28,1998,64.1
54 DUXFORD STREET PADDINGTON,PADDINGTON,NSW,2021,28,1998,64.1
71-73 WYNDHAM STREET ALEXANDRIA,ALEXANDRIA,NSW,2015,28,1998,64.1
45 WYCOMBE ROAD KURRABA POINT,KURRABA POINT,NSW,2089,21,2005,64.1
1 CROSS STREET MOSMAN,MOSMAN,NSW,2088,28,1998,64.1
140 HOLLINSWORTH ROAD MARSDEN PARK,MARSDEN PARK,NSW,2765,28,1998,64.1
126 FARNHAM ROAD QUAKERS HILL,QUAKERS HILL,NSW,2763,28,1998,64.1
102 BOWER STREET MANLY,MANLY,NSW,2095,28,1998,64.1
1 KIMBERLEY ROAD CARLINGFORD,CARLINGFORD,NSW,2118,21,2005,64.1
4 DELAWARE STREET EPPING,EPPING,NSW,2121,21,2005,64.1
2 ROBIN STREET CARLINGFORD,CARLINGFORD,NSW,2118,21,2005,64.1
10 BEECHWOOD PARADE CHERRYBROOK,CHERRYBROOK,NSW,2126,28,1998,64.1
137 NEW LINE ROAD CHERRYBROOK,CHERRYBROOK,NSW,2126,28,1998,64.1
2 HIBISCUS PLACE CHERRYBROOK,CHERRYBROOK,NSW,2126,28,1998,64.1
5 WATTS PLACE CHERRYBROOK,CHERRYBROOK,NSW,2126,28,1998,64.1
8X LEUMEAH CLOSE WEST PENNANT HILLS,WEST PENNANT HILLS,NSW,2125,28,1998,64.1
27 TREBOR ROAD PENNANT HILLS,PENNANT HILLS,NSW,2120,28,1998,64.1
9 BINOMEA PLACE PENNANT HILLS,PENNANT HILLS,NSW,2120,28,1998,64.1
12 GUNBALANYA AVENUE BEECROFT,BEECROFT,NSW,2119,28,1998,64.1
14 THE CRESCENT BEECROFT,BEECROFT,NSW,2119,28,1998,64.1
25 ROYAL OAK PLACE WEST PENNANT HILLS,WEST PENNANT HILLS,NSW,2125,28,1998,64.1
143 CASTLE HILL ROAD WEST PENNANT HILLS,WEST PENNANT HILLS,NSW,2125,28,1998,64.1
955 MORGAN ROAD BELROSE,BELROSE,NSW,2085,28,1998,64.1
27D KADIGAL PLACE BEACON HILL,BEACON HILL,NSW,2100,28,1998,64.1
243A FISHER ROAD NORTH CROMER,NORTH CROMER,NSW,,28,1998,64.1
41 GROVER AVENUE CROMER,CROMER,NSW,2099,28,1998,64.1
8A KAREN PLACE FAULCONBRIDGE,FAULCONBRIDGE,NSW,2776,28,1998,64.1
PITTWATER ROAD NARRABEEN,NARRABEEN,NSW,2101,28,1998,64.1
143 SUN VALLEY ROAD SUN VALLEY,SUN VALLEY,NSW,2777,28,1998,64.1
113 RIDGEWAY CRESCENT SUN VALLEY,SUN VALLEY,NSW,2777,28,1998,64.1
228-278 CHAPMAN PARADE FAULCONBRIDGE,FAULCONBRIDGE,NSW,2776,28,1998,64.1
224 SEVENTH AVENUE LLANDILO,LLANDILO,NSW,2747,28,1998,64.1
174 KISSING POINT ROAD TURRAMURRA,TURRAMURRA,NSW,2074,28,1998,64.1
READING STREET GLENBROOK,GLENBROOK,NSW,2773,28,1998,64.1
27 COLVILLE ROAD YELLOW ROCK,YELLOW ROCK,NSW,2777,28,1998,64.1
14-24 VALLEY ROAD HORNSBY,HORNSBY,NSW,2077,28,1998,64.1
111 SHEPHERDS DRIVE CHERRYBROOK,CHERRYBROOK,NSW,2126,28,1998,64.1
31 APPLETREE DRIVE CHERRYBROOK,CHERRYBROOK,NSW,2126,28,1998,64.1
2 CHARLES PLACE CHERRYBROOK,CHERRYBROOK,NSW,2126,28,1998,64.1
HEATH STREET ASQUITH,ASQUITH,NSW,2077,28,1998,64.1
116 BOORALIE ROAD DUFFYS FOREST,DUFFYS FOREST,NSW,2084,28,1998,64.1
3 NAMBA ROAD DUFFYS FOREST,DUFFYS FOREST,NSW,2084,28,1998,64.1
128A BOORALIE ROAD DUFFYS FOREST,DUFFYS FOREST,NSW,2084,28,1998,64.1
3 PROTEA PLACE CHERRYBROOK,CHERRYBROOK,NSW,2126,28,1998,64.1
15 WAYFIELD ROAD GLENHAVEN,GLENHAVEN,NSW,2156,28,1998,64.1
20 MORGAN ROAD BELROSE,BELROSE,NSW,2085,28,1998,64.1
201/20-34 HUNTER STREET HORNSBY,HORNSBY,NSW,2077,28,1998,64.1
76 SHERBROOK ROAD HORNSBY,HORNSBY,NSW,2077,28,1998,64.1
83 ALEXANDRIA PARADE WAHROONGA,WAHROONGA,NSW,2076,28,1998,64.1
11/28 CURAGUL ROAD NORTH TURRAMURRA,NORTH TURRAMURRA,NSW,2074,28,1998,64.1
79 CARRINGTON ROAD WAHROONGA,WAHROONGA,NSW,2076,28,1998,64.1
237 MACPHERSON STREET WARRIEWOOD,WARRIEWOOD,NSW,2102,28,1998,64.1
12 GLENESS PLACE GLENORIE,GLENORIE,NSW,2157,28,1998,64.1
157 WALLUMATTA ROAD NEWPORT,NEWPORT,NSW,2106,28,1998,64.1
66 WARRABA STREET COMO,COMO,NSW,2226,28,1998,64.0
88 BUNNERONG ROAD PAGEWOOD,PAGEWOOD,NSW,2035,28,1998,64.0
34 MCDOUGALL STREET KENSINGTON,KENSINGTON,NSW,2033,28,1998,64.0
65 NICHOLSON STREET STRATHFIELD,STRATHFIELD,NSW,2135,28,1998,64.0
58 ARTHUR STREET STRATHFIELD,STRATHFIELD,NSW,2135,28,1998,64.0
7A JERSEY ROAD STRATHFIELD,STRATHFIELD,NSW,2135,28,1998,64.0
2 MELVILLE AVENUE STRATHFIELD,STRATHFIELD,NSW,2135,28,1998,64.0
14-16 STATION STREET HOMEBUSH,HOMEBUSH,NSW,2140,28,1998,64.0
7 ALBYN ROAD STRATHFIELD,STRATHFIELD,NSW,2135,28,1998,64.0
17 BLAKE STREET ROSE BAY,ROSE BAY,NSW,2029,28,1998,64.0
15 BRASSIE STREET NORTH BONDI,NORTH BONDI,NSW,2026,28,1998,64.0
17 URUNGA STREET NORTH BALGOWLAH,NORTH BALGOWLAH,NSW,2093,28,1998,64.0
12 REED STREET CREMORNE,CREMORNE,NSW,2090,21,2005,64.0
7 AMAROO CRESCENT MOSMAN,MOSMAN,NSW,2088,28,1998,64.0
10 VICTORIA STREET ROSEVILLE,ROSEVILLE,NSW,2069,21,2005,64.0
18 SHIRLEY ROAD WOLLSTONECRAFT,WOLLSTONECRAFT,NSW,2065,21,2005,64.0
9 ADDISON ROAD MANLY,MANLY,NSW,2095,28,1998,64.0
2 ROMFORD ROAD EPPING,EPPING,NSW,2121,21,2005,64.0
27 ROSS STREET EPPING,EPPING,NSW,2121,21,2005,64.0
26 FRANCIS STREET EPPING,EPPING,NSW,2121,21,2005,64.0
27 CEDARWOOD DRIVE CHERRYBROOK,CHERRYBROOK,NSW,2126,28,1998,64.0
37 GOODLANDS AVENUE THORNLEIGH,THORNLEIGH,NSW,2120,28,1998,64.0
14 PENNANT STREET CASTLE HILL,CASTLE HILL,NSW,2154,28,1998,64.0
13 BRISBANE ROAD CASTLE HILL,CASTLE HILL,NSW,2154,28,1998,64.0
12-13 TILLEY LANE FRENCHS FOREST,FRENCHS FOREST,NSW,2086,28,1998,64.0
2 MARSHALL AVENUE WARRAWEE,WARRAWEE,NSW,2074,28,1998,64.0
29 CARBEEN AVENUE ST IVES,ST IVES,NSW,2075,28,1998,64.0
20 AUGUSTA COURT ROUSE HILL,ROUSE HILL,NSW,2155,28,1998,64.0
340-360 SINGLES RIDGE ROAD YELLOW ROCK,YELLOW ROCK,NSW,2777,28,1998,64.0
29-35 KANANGRA CRESCENT CHERRYBROOK,CHERRYBROOK,NSW,2126,28,1998,64.0
1 KENTIA PARADE CHERRYBROOK,CHERRYBROOK,NSW,2126,28,1998,64.0
107 OAKHILL DRIVE CASTLE HILL,CASTLE HILL,NSW,2154,28,1998,64.0
25 DAVID ROAD CASTLE HILL,CASTLE HILL,NSW,2154,28,1998,64.0
14-18 COLLEGE CRESCENT HORNSBY,HORNSBY,NSW,2077,28,1998,64.0
61 COONANBARRA ROAD WAHROONGA,WAHROONGA,NSW,2076,28,1998,64.0
19 HUNTER STREET NORTH MONA VALE,NORTH MONA VALE,NSW,,28,1998,64.0
327 RAINBOW STREET SOUTH COOGEE,SOUTH COOGEE,NSW,2034,28,1998,63.9
42 BALFOUR ROAD KENSINGTON,KENSINGTON,NSW,2033,28,1998,63.9
220 CROYDON AVENUE CROYDON PARK,CROYDON PARK,NSW,2133,28,1998,63.9
4 FIRTH AVENUE STRATHFIELD,STRATHFIELD,NSW,2135,28,1998,63.9
80B HOMEBUSH ROAD STRATHFIELD,STRATHFIELD,NSW,2135,28,1998,63.9
6 NOBLE AVENUE STRATHFIELD,STRATHFIELD,NSW,2135,28,1998,63.9
10 PORTLAND STREET ENFIELD,ENFIELD,NSW,2136,28,1998,63.9
14 SUNBEAM AVENUE BURWOOD,BURWOOD,NSW,2134,28,1998,63.9
2 MARGARET STREET STRATHFIELD,STRATHFIELD,NSW,2135,28,1998,63.9
16 BATHURST STREET WOOLLAHRA,WOOLLAHRA,NSW,2025,28,1998,63.9
2 GREYCLIFFE AVENUE VAUCLUSE,VAUCLUSE,NSW,2030,28,1998,63.9
61 WALLAROY ROAD WOOLLAHRA,WOOLLAHRA,NSW,2025,28,1998,63.9
10 FLORENCE AVENUE DENISTONE,DENISTONE,NSW,2114,21,2005,63.9
3 WESTLEIGH STREET NEUTRAL BAY,NEUTRAL BAY,NSW,2089,21,2005,63.9
89 WYCOMBE ROAD NEUTRAL BAY,NEUTRAL BAY,NSW,2089,21,2005,63.9
6 SHADFORTH STREET MOSMAN,MOSMAN,NSW,2088,28,1998,63.9
75 MIDDLE HEAD ROAD MOSMAN,MOSMAN,NSW,2088,28,1998,63.9
51 HAWTHORNE AVENUE CHATSWOOD WEST,CHATSWOOD WEST,NSW,2067,21,2005,63.9
104 BAY ROAD WAVERTON,WAVERTON,NSW,2060,21,2005,63.9
14A WARNER STREET GLADESVILLE,GLADESVILLE,NSW,2111,21,2005,63.9
1-3 EMERALD STREET EMU PLAINS,EMU PLAINS,NSW,2750,28,1998,63.9
36 EMU ROAD GLENBROOK,GLENBROOK,NSW,2773,28,1998,63.9
93 BLAIKIE ROAD JAMISONTOWN,JAMISONTOWN,NSW,2750,28,1998,63.9
2A CHESTERFIELD ROAD EPPING,EPPING,NSW,2121,21,2005,63.9
10 BENGHAZI ROAD CARLINGFORD,CARLINGFORD,NSW,2118,21,2005,63.9
464 NORTH ROCKS ROAD CARLINGFORD,CARLINGFORD,NSW,2118,21,2005,63.9
42 GRAYSON ROAD NORTH EPPING,NORTH EPPING,NSW,2121,21,2005,63.9
14 HIBISCUS PLACE CHERRYBROOK,CHERRYBROOK,NSW,2126,28,1998,63.9
57 THORN STREET PENNANT HILLS,PENNANT HILLS,NSW,2120,28,1998,63.9
69X CEDARWOOD DRIVE CHERRYBROOK,CHERRYBROOK,NSW,2126,28,1998,63.9
4 GREENOAKS AVENUE CHERRYBROOK,CHERRYBROOK,NSW,2126,28,1998,63.9
GLEN ROAD CASTLE HILL,CASTLE HILL,NSW,2154,28,1998,63.9
112A BEECROFT ROAD BEECROFT,BEECROFT,NSW,2119,28,1998,63.9
18 THE CRESCENT BEECROFT,BEECROFT,NSW,2119,28,1998,63.9
1 JORDANA PLACE CASTLE HILL,CASTLE HILL,NSW,2154,21,2005,63.9
74 DARCEY ROAD CASTLE HILL,CASTLE HILL,NSW,2154,28,1998,63.9
5 ROTHBURY PLACE CHERRYBROOK,CHERRYBROOK,NSW,2126,28,1998,63.9
40 DEAN STREET WEST PENNANT HILLS,WEST PENNANT HILLS,NSW,2125,28,1998,63.9
15-23 FRANCIS ROAD FAULCONBRIDGE,FAULCONBRIDGE,NSW,2776,28,1998,63.9
14 BEETHOVEN PLACE CRANEBROOK,CRANEBROOK,NSW,2749,28,1998,63.9
5 LINDEN AVENUE PYMBLE,PYMBLE,NSW,2073,28,1998,63.9
95 POOLE ROAD KELLYVILLE,KELLYVILLE,NSW,2155,28,1998,63.9
240 SINGLES RIDGE ROAD YELLOW ROCK,YELLOW ROCK,NSW,2777,28,1998,63.9
321 GALSTON ROAD GALSTON,GALSTON,NSW,2159,28,1998,63.9
12 KILLAWARRA ROAD DUFFYS FOREST,DUFFYS FOREST,NSW,2084,28,1998,63.9
12 KEIGHRAN PLACE CHERRYBROOK,CHERRYBROOK,NSW,2126,28,1998,63.9
1 GOLF AVENUE MONA VALE,MONA VALE,NSW,2103,28,1998,63.9
7 JAMES WAY MOUNT ANNAN,MOUNT ANNAN,NSW,2567,21,2005,63.8
51 TEA TREE PLACE KIRRAWEE,KIRRAWEE,NSW,2232,28,1998,63.8
1R FAUNA PLACE KIRRAWEE,KIRRAWEE,NSW,2232,28,1998,63.8
164 BROWNS ROAD AUSTRAL,AUSTRAL,NSW,2179,28,1998,63.8
6 CUZCO STREET SOUTH COOGEE,SOUTH COOGEE,NSW,2034,28,1998,63.8
23 ROSEBANK AVENUE ELIZABETH HILLS,ELIZABETH HILLS,NSW,2171,28,1998,63.8
2 SHERRARD AVENUE ELIZABETH HILLS,ELIZABETH HILLS,NSW,2171,28,1998,63.8
46 NEWTON ROAD STRATHFIELD,STRATHFIELD,NSW,2135,28,1998,63.8
14 BODEN AVENUE STRATHFIELD,STRATHFIELD,NSW,2135,28,1998,63.8
25 NEWTON ROAD STRATHFIELD,STRATHFIELD,NSW,2135,28,1998,63.8
8B WONGA STREET STRATHFIELD,STRATHFIELD,NSW,2135,28,1998,63.8
72-76 ABBOTSFORD ROAD HOMEBUSH,HOMEBUSH,NSW,2140,28,1998,63.8
77-79 OCEAN STREET WOOLLAHRA,WOOLLAHRA,NSW,2025,28,1998,63.8
15 GEORGE STREET DOVER HEIGHTS,DOVER HEIGHTS,NSW,2030,28,1998,63.8
14 DUDLEY ROAD ROSE BAY,ROSE BAY,NSW,2029,28,1998,63.8
135 MILITARY ROAD DOVER HEIGHTS,DOVER HEIGHTS,NSW,2030,28,1998,63.8
53A OCEAN STREET WOOLLAHRA,WOOLLAHRA,NSW,2025,28,1998,63.8
34 STREATFIELD ROAD BELLEVUE HILL,BELLEVUE HILL,NSW,2023,28,1998,63.8
18-20 ARTLETT STREET EDGECLIFF,EDGECLIFF,NSW,2027,28,1998,63.8
45A RAGLAN STREET MOSMAN,MOSMAN,NSW,2088,28,1998,63.8
4 SHRIKE GLEN ERSKINE PARK,ERSKINE PARK,NSW,2759,28,1998,63.8
2 WONGA ROAD CREMORNE,CREMORNE,NSW,2090,21,2005,63.8
2A COWLES ROAD MOSMAN,MOSMAN,NSW,2088,28,1998,63.8
36 RICKARD AVENUE MOSMAN,MOSMAN,NSW,2088,21,2005,63.8
27 EMU ROAD GLENBROOK,GLENBROOK,NSW,2773,28,1998,63.8
41 LUCASVILLE ROAD GLENBROOK,GLENBROOK,NSW,2773,28,1998,63.8
11 RUNCORN AVENUE HEBERSHAM,HEBERSHAM,NSW,2770,28,1998,63.8
35 REDDALL STREET MANLY,MANLY,NSW,2095,28,1998,63.8
21 ROSEBANK AVENUE EPPING,EPPING,NSW,2121,21,2005,63.8
7 BRAIDWOOD AVENUE NORTH EPPING,NORTH EPPING,NSW,2121,28,1998,63.8
4 GLENTREES PLACE CHERRYBROOK,CHERRYBROOK,NSW,2126,28,1998,63.8
9 WHIPBIRD PLACE CASTLE HILL,CASTLE HILL,NSW,2154,28,1998,63.8
62 CASUARINA DRIVE CHERRYBROOK,CHERRYBROOK,NSW,2126,28,1998,63.8
22 GREYCLIFFE AVENUE PENNANT HILLS,PENNANT HILLS,NSW,2120,28,1998,63.8
40 GREENHAVEN DRIVE PENNANT HILLS,PENNANT HILLS,NSW,2120,28,1998,63.8
4/16 MURRAY ROAD BEECROFT,BEECROFT,NSW,2119,28,1998,63.8
67 GEORGE MOBBS DRIVE CASTLE HILL,CASTLE HILL,NSW,2154,28,1998,63.8
25 BROOKPINE PLACE WEST PENNANT HILLS,WEST PENNANT HILLS,NSW,2125,28,1998,63.8
6 CANNAN CLOSE CHERRYBROOK,CHERRYBROOK,NSW,2126,28,1998,63.8
4 GOLDEN GROVE CHERRYBROOK,CHERRYBROOK,NSW,2126,28,1998,63.8
145 CASTLE HILL ROAD WEST PENNANT HILLS,WEST PENNANT HILLS,NSW,2125,28,1998,63.8
14A ROCHFORD WAY CHERRYBROOK,CHERRYBROOK,NSW,2126,28,1998,63.8
1 CARRINGTON AVENUE CROMER,CROMER,NSW,2099,28,1998,63.8
18 BOROMI WAY CROMER,CROMER,NSW,2099,28,1998,63.8
8 WOLBAH PLACE CROMER,CROMER,NSW,2099,28,1998,63.8
17 CARRINGTON AVENUE CROMER,CROMER,NSW,2099,28,1998,63.8
12 MUDIES ROAD ST IVES,ST IVES,NSW,2075,28,1998,63.8
15-39 KOOLA AVENUE EAST KILLARA,EAST KILLARA,NSW,2071,28,1998,63.8
9 KOOLA AVENUE EAST KILLARA,EAST KILLARA,NSW,2071,28,1998,63.8
1042 THE NORTHERN ROAD LLANDILO,LLANDILO,NSW,2747,28,1998,63.8
20 RAMSAY AVENUE WEST PYMBLE,WEST PYMBLE,NSW,2073,28,1998,63.8
17 ASHMORE AVENUE PYMBLE,PYMBLE,NSW,2073,28,1998,63.8
48-58 CLARKE ROAD HORNSBY,HORNSBY,NSW,2077,28,1998,63.8
3 KEITH COURT CHERRYBROOK,CHERRYBROOK,NSW,2126,28,1998,63.8
12 LOMOND PLACE CASTLE HILL,CASTLE HILL,NSW,2154,21,2005,63.8
199 MONA VALE ROAD TERREY HILLS,TERREY HILLS,NSW,2084,28,1998,63.8
14 ALLARA AVENUE NORTH TURRAMURRA,NORTH TURRAMURRA,NSW,2074,28,1998,63.8
23 PARK ROAD KENTHURST,KENTHURST,NSW,2156,28,1998,63.8
4 BARRIGON ROW MENAI,MENAI,NSW,2234,28,1998,63.7
104R PRESIDENT AVENUE CARINGBAH SOUTH,CARINGBAH SOUTH,NSW,2229,28,1998,63.7
LAKEWOOD CRESCENT LIVERPOOL,LIVERPOOL,NSW,2170,28,1998,63.7
49 RICKARD ROAD STRATHFIELD,STRATHFIELD,NSW,2135,28,1998,63.7
114 BURLINGTON ROAD HOMEBUSH,HOMEBUSH,NSW,2140,28,1998,63.7
PARRAMATTA ROAD HOMEBUSH,HOMEBUSH,NSW,2140,28,1998,63.7
555 NEW SOUTH HEAD ROAD BELLEVUE HILL,BELLEVUE HILL,NSW,2023,28,1998,63.7
77 BRIDGE ROAD RYDE,RYDE,NSW,2112,21,2005,63.7
49 WAKEHURST PARKWAY SEAFORTH,SEAFORTH,NSW,2092,28,1998,63.7
15 OLIVER ROAD ROSEVILLE,ROSEVILLE,NSW,2069,21,2005,63.7
69A LORD STREET ROSEVILLE,ROSEVILLE,NSW,2069,21,2005,63.7
502 CRANEBROOK ROAD CRANEBROOK,CRANEBROOK,NSW,2749,28,1998,63.7
EXPLORERS ROAD LAPSTONE,LAPSTONE,NSW,2773,28,1998,63.7
25 WYCOMBE STREET EPPING,EPPING,NSW,2121,21,2005,63.7
12 DAWSON STREET EPPING,EPPING,NSW,2121,21,2005,63.7
3 BRENDON PLACE CARLINGFORD,CARLINGFORD,NSW,2118,21,2005,63.7
11 WILLOUGHBY STREET EPPING,EPPING,NSW,2121,21,2005,63.7
16 DUNROSSIL AVENUE CARLINGFORD,CARLINGFORD,NSW,2118,21,2005,63.7
4 JORDAN ROAD WAHROONGA,WAHROONGA,NSW,2076,28,1998,63.7
39 KOOMBALAH AVENUE SOUTH TURRAMURRA,SOUTH TURRAMURRA,NSW,2074,28,1998,63.7
14 DOULTON DRIVE CHERRYBROOK,CHERRYBROOK,NSW,2126,28,1998,63.7
15 BLUE GUMS WAY CASTLE HILL,CASTLE HILL,NSW,2154,28,1998,63.7
21 BARINA DOWNS ROAD BELLA VISTA,BELLA VISTA,NSW,2153,21,2005,63.7
BEACON HILL ROAD BROOKVALE,BROOKVALE,NSW,2100,28,1998,63.7
59 BEACON AVENUE BEACON HILL,BEACON HILL,NSW,2100,28,1998,63.7
1 WEDGEWOOD CRESCENT BEACON HILL,BEACON HILL,NSW,2100,28,1998,63.7
193 SUN VALLEY ROAD SUN VALLEY,SUN VALLEY,NSW,2777,28,1998,63.7
95 GREAT WESTERN HIGHWAY SUN VALLEY,SUN VALLEY,NSW,2777,28,1998,63.7
133 GREAT WESTERN HIGHWAY BLAXLAND,BLAXLAND,NSW,2774,28,1998,63.7
WINDSOR ROAD BEAUMONT HILLS,BEAUMONT HILLS,NSW,2155,28,1998,63.7
1A ODETTE ROAD DURAL,DURAL,NSW,2158,28,1998,63.7
17 TIMOTHY CLOSE CHERRYBROOK,CHERRYBROOK,NSW,2126,28,1998,63.7
86 BOORALIE ROAD TERREY HILLS,TERREY HILLS,NSW,2084,28,1998,63.7
71 BURNS ROAD WAHROONGA,WAHROONGA,NSW,2076,28,1998,63.7
32A RALSTON ROAD PALM BEACH,PALM BEACH,NSW,2108,28,1998,63.7
41 JACARANDA ROAD CARINGBAH SOUTH,CARINGBAH SOUTH,NSW,2229,28,1998,63.6
47 CULVERSTON AVENUE DENHAM COURT,,NSW,,28,1998,63.6
4 SOLOMON CRESCENT HORNINGSEA PARK,HORNINGSEA PARK,NSW,2171,28,1998,63.6
4 PRINCE EDWARD CIRCLE PAGEWOOD,PAGEWOOD,NSW,2035,28,1998,63.6
ARTHUR STREET STRATHFIELD,STRATHFIELD,NSW,2135,28,1998,63.6
18 LLANDILO AVENUE STRATHFIELD,STRATHFIELD,NSW,2135,28,1998,63.6
3 BODEN AVENUE STRATHFIELD,STRATHFIELD,NSW,2135,28,1998,63.6
39 BADGERY AVENUE HOMEBUSH,HOMEBUSH,NSW,2140,28,1998,63.6
39 LASSWADE STREET ASHBURY,ASHBURY,NSW,2193,28,1998,63.6
580 OLD SOUTH HEAD ROAD ROSE BAY,ROSE BAY,NSW,2029,28,1998,63.6
17 CAMELLIA AVENUE GLENMORE PARK,GLENMORE PARK,NSW,2745,28,1998,63.6
36 BRADDON STREET BLACKTOWN,BLACKTOWN,NSW,2148,28,1998,63.6
1 UPPER AVENUE ROAD MOSMAN,MOSMAN,NSW,2088,28,1998,63.6
26 THE CRESCENT CHELTENHAM,CHELTENHAM,NSW,2119,28,1998,63.6
2B SUTHERLAND ROAD CHELTENHAM,CHELTENHAM,NSW,2119,28,1998,63.6
9 HANOVER AVENUE NORTH EPPING,NORTH EPPING,NSW,2121,28,1998,63.6
133 CECIL AVENUE CASTLE HILL,CASTLE HILL,NSW,2154,28,1998,63.6
10 LYNDHURST WAY CHERRYBROOK,CHERRYBROOK,NSW,2126,28,1998,63.6
4 CASTLE LEA COURT CASTLE HILL,CASTLE HILL,NSW,2154,28,1998,63.6
11 MARSHALL CRESCENT BEACON HILL,BEACON HILL,NSW,2100,28,1998,63.6
CARAWA ROAD CROMER,CROMER,NSW,2099,28,1998,63.6
79B PARKES ROAD COLLAROY PLATEAU,COLLAROY PLATEAU,NSW,2097,28,1998,63.6
55 KOOLA AVENUE EAST KILLARA,EAST KILLARA,NSW,2071,28,1998,63.6
115 GROSE ROAD FAULCONBRIDGE,FAULCONBRIDGE,NSW,2776,28,1998,63.6
7 KINGSFORD AVENUE SOUTH TURRAMURRA,SOUTH TURRAMURRA,NSW,2074,28,1998,63.6
38 BEECHWORTH ROAD PYMBLE,PYMBLE,NSW,2073,28,1998,63.6
22 THOMAS WAY BLAXLAND,BLAXLAND,NSW,2774,28,1998,63.6
55 KANANGRA CRESCENT CHERRYBROOK,CHERRYBROOK,NSW,2126,28,1998,63.6
11 DENISON STREET HORNSBY,HORNSBY,NSW,2077,28,1998,63.6
20 TUDAR ROAD SUTHERLAND,SUTHERLAND,NSW,2232,28,1998,63.5
398 THE BOULEVARDE KIRRAWEE,KIRRAWEE,NSW,2232,28,1998,63.5
59 HAWKESBURY ESPLANADE SYLVANIA WATERS,SYLVANIA WATERS,NSW,2224,28,1998,63.5
15 MCPHERSON STREET BANKSMEADOW,BANKSMEADOW,NSW,2019,28,1998,63.5
130 JOYNTON AVENUE ZETLAND,ZETLAND,NSW,2017,28,1998,63.5
1 HARMONY STREET ASHBURY,ASHBURY,NSW,2193,28,1998,63.5
3 MARION STREET STRATHFIELD,STRATHFIELD,NSW,2135,28,1998,63.5
19 MERLEY ROAD STRATHFIELD,STRATHFIELD,NSW,2135,28,1998,63.5
26 KESSELL AVENUE HOMEBUSH WEST,HOMEBUSH WEST,NSW,2140,28,1998,63.5
68 HOLDEN STREET ASHFIELD,ASHFIELD,NSW,2131,28,1998,63.5
138 EDWIN STREET CROYDON,CROYDON,NSW,2132,28,1998,63.5
CONSTITUTION ROAD DULWICH HILL,DULWICH HILL,NSW,2203,28,1998,63.5
54 DOVER ROAD ROSE BAY,ROSE BAY,NSW,2029,28,1998,63.5
39 WAVERLEY CRESCENT BONDI JUNCTION,BONDI JUNCTION,NSW,2022,28,1998,63.5
321 SUSSEX STREET SYDNEY,SYDNEY,NSW,2000,28,1998,63.5
1 BYRNE WAY MULGOA,MULGOA,NSW,2745,28,1998,63.5
54 EPPING AVENUE EPPING,EPPING,NSW,2121,21,2005,63.5
249 MARSDEN ROAD CARLINGFORD,CARLINGFORD,NSW,2118,21,2005,63.5
20-24 RANGERS ROAD CREMORNE,CREMORNE,NSW,2090,21,2005,63.5
1/28 MOODIE STREET CAMMERAY,CAMMERAY,NSW,2062,21,2005,63.5
102/15 CANBERRA AVENUE ST LEONARDS,ST LEONARDS,NSW,2065,21,2005,63.5
30 TRINITY DRIVE CAMBRIDGE GARDENS,,NSW,,28,1998,63.5
61 SHERRINGHAM ROAD CRANEBROOK,CRANEBROOK,NSW,2749,28,1998,63.5
16 HODGSON ROAD GLENBROOK,GLENBROOK,NSW,2773,28,1998,63.5
30 DENIS WINSTON DRIVE DOONSIDE,DOONSIDE,NSW,2767,28,1998,63.5
67 BOWER STREET MANLY,MANLY,NSW,2095,28,1998,63.5
34 EDENLEE STREET EPPING,EPPING,NSW,2121,21,2005,63.5
30 BEDFORD ROAD NORTH EPPING,NORTH EPPING,NSW,2121,21,2005,63.5
77 CRIMEA ROAD MARSFIELD,MARSFIELD,NSW,2122,21,2005,63.5
18 DUER PLACE CHERRYBROOK,CHERRYBROOK,NSW,2126,28,1998,63.5
7 BELLAMY STREET PENNANT HILLS,PENNANT HILLS,NSW,2120,28,1998,63.5
17C FRANKLIN ROAD CHERRYBROOK,CHERRYBROOK,NSW,2126,28,1998,63.5
23 MIDDLETON AVENUE CASTLE HILL,CASTLE HILL,NSW,2154,28,1998,63.5
25 LEONE AVENUE BAULKHAM HILLS,BAULKHAM HILLS,NSW,2153,21,2005,63.5
12 RODBOROUGH ROAD FRENCHS FOREST,FRENCHS FOREST,NSW,2086,28,1998,63.5
17 MACQUARIE STREET CROMER,CROMER,NSW,2099,28,1998,63.5
24 BLIGHS ROAD CROMER,CROMER,NSW,2099,28,1998,63.5
25 CROMER ROAD CROMER,CROMER,NSW,2099,28,1998,63.5
16 NENAGH STREET NORTH MANLY,NORTH MANLY,NSW,2100,28,1998,63.5
11 WITCOM STREET CRANEBROOK,CRANEBROOK,NSW,2749,28,1998,63.5
40 AVON ROAD PYMBLE,PYMBLE,NSW,2073,28,1998,63.5
1 MEREDITH STREET BLAXLAND,BLAXLAND,NSW,2774,28,1998,63.5
3 FRESHWATER ROAD ROUSE HILL,ROUSE HILL,NSW,2155,28,1998,63.5
382-402 SINGLES RIDGE ROAD YELLOW ROCK,YELLOW ROCK,NSW,2777,28,1998,63.5
49 JENNER ROAD DURAL,DURAL,NSW,2158,28,1998,63.5
18 PARK ROAD KENTHURST,KENTHURST,NSW,2156,28,1998,63.5
12-14S ANDERSON STREET KINGSFORD,KINGSFORD,NSW,2032,28,1998,63.4
101 YORK ROAD QUEENS PARK,QUEENS PARK,NSW,2022,28,1998,63.4
69 NEWTON ROAD STRATHFIELD,STRATHFIELD,NSW,2135,28,1998,63.4
2 ABBOTSFORD ROAD HOMEBUSH,HOMEBUSH,NSW,2140,28,1998,63.4
70 REDMYRE ROAD STRATHFIELD,STRATHFIELD,NSW,2135,28,1998,63.4
89 LUCAS ROAD BURWOOD,BURWOOD,NSW,2134,28,1998,63.4
42 CROSS STREET DOUBLE BAY,DOUBLE BAY,NSW,2028,28,1998,63.4
48 CHAMBERLAIN AVENUE ROSE BAY,ROSE BAY,NSW,2029,28,1998,63.4
2 ARTHUR STREET DOVER HEIGHTS,DOVER HEIGHTS,NSW,2030,28,1998,63.4
152 MILITARY ROAD DOVER HEIGHTS,DOVER HEIGHTS,NSW,2030,28,1998,63.4
12 TOMAH STREET CARLINGFORD,CARLINGFORD,NSW,2118,21,2005,63.4
24 GORDON STREET MOSMAN,MOSMAN,NSW,2088,28,1998,63.4
20 BROOK ROAD GLENBROOK,GLENBROOK,NSW,2773,28,1998,63.4
5 REEVES AVENUE EPPING,EPPING,NSW,2121,21,2005,63.4
125 NEW LINE ROAD CHERRYBROOK,CHERRYBROOK,NSW,2126,28,1998,63.4
40 VICTORIA ROAD PENNANT HILLS,PENNANT HILLS,NSW,2120,28,1998,63.4
11-13 ROSEMOUNT AVENUE PENNANT HILLS,PENNANT HILLS,NSW,2120,28,1998,63.4
20 WESTMINSTER DRIVE CASTLE HILL,CASTLE HILL,NSW,2154,28,1998,63.4
12A JANICE PLACE CHERRYBROOK,CHERRYBROOK,NSW,2126,28,1998,63.4
69 FIRST FARM DRIVE CASTLE HILL,CASTLE HILL,NSW,2154,28,1998,63.4
21 SAIALA ROAD EAST KILLARA,EAST KILLARA,NSW,2071,28,1998,63.4
58 MEEKS CRESCENT FAULCONBRIDGE,FAULCONBRIDGE,NSW,2776,28,1998,63.4
48 COOLABAH ROAD VALLEY HEIGHTS,VALLEY HEIGHTS,NSW,2777,21,2005,63.4
24 WARATAH ROAD WARRIMOO,WARRIMOO,NSW,2774,28,1998,63.4
RIVERVIEW AVENUE SOUTH TURRAMURRA,SOUTH TURRAMURRA,NSW,2074,28,1998,63.4
3 JUBILEE AVENUE PYMBLE,PYMBLE,NSW,2073,28,1998,63.4
40 KENTIA PARADE CHERRYBROOK,CHERRYBROOK,NSW,2126,28,1998,63.4
1 MILTON ROAD NORTH TURRAMURRA,NORTH TURRAMURRA,NSW,2074,28,1998,63.4
18A PRINCE ALFRED PARADE NEWPORT,NEWPORT,NSW,2106,28,1998,63.4
105 PLATEAU ROAD BILGOLA PLATEAU,BILGOLA PLATEAU,NSW,2107,28,1998,63.4
529 ANZAC PARADE KINGSFORD,KINGSFORD,NSW,2032,28,1998,63.3
55 WENTWORTH STREET RANDWICK,RANDWICK,NSW,2031,28,1998,63.3
4 PINE STREET RANDWICK,RANDWICK,NSW,2031,28,1998,63.3
11 KEITH STREET CLOVELLY,CLOVELLY,NSW,2031,28,1998,63.3
16 VIRGINIA STREET KENSINGTON,KENSINGTON,NSW,2033,28,1998,63.3
57 KING STREET CANTERBURY,CANTERBURY,NSW,2193,28,1998,63.3
6 BOYCE AVENUE STRATHFIELD,STRATHFIELD,NSW,2135,28,1998,63.3
31 AUGUSTA STREET STRATHFIELD,STRATHFIELD,NSW,2135,28,1998,63.3
72 ALBYN ROAD STRATHFIELD,STRATHFIELD,NSW,2135,28,1998,63.3
11 BARNSTAPLE ROAD FIVE DOCK,FIVE DOCK,NSW,2046,28,1998,63.3
390 NEW SOUTH HEAD ROAD DOUBLE BAY,DOUBLE BAY,NSW,2028,28,1998,63.3
16A MITCHELL ROAD ROSE BAY,ROSE BAY,NSW,2029,28,1998,63.3
14 PATTERSON STREET NORTH BONDI,NORTH BONDI,NSW,2026,28,1998,63.3
30-36 ANN STREET SURRY HILLS,SURRY HILLS,NSW,2010,28,1998,63.3
185B SUSSEX STREET SYDNEY,SYDNEY,NSW,2000,28,1998,63.3
4 COOEE AVENUE GLENMORE PARK,GLENMORE PARK,NSW,2745,28,1998,63.3
29 GRASMERE ROAD CREMORNE,CREMORNE,NSW,2090,21,2005,63.3
88 SYDNEY STREET WILLOUGHBY,WILLOUGHBY,NSW,2068,21,2005,63.3
28 CROWS NEST ROAD WAVERTON,WAVERTON,NSW,2060,21,2005,63.3
427-507 MULGOA ROAD MULGOA,MULGOA,NSW,2745,28,1998,63.3
116-130 ROPER ROAD COLYTON,COLYTON,NSW,2760,28,1998,63.3
15 GREENBANK DRIVE BLACKTOWN,BLACKTOWN,NSW,2148,28,1998,63.3
BELGRAVE STREET MANLY,MANLY,NSW,2095,28,1998,63.3
4 FERNHILL AVENUE EPPING,EPPING,NSW,2121,21,2005,63.3
1-3 BRIGG ROAD EPPING,EPPING,NSW,2121,21,2005,63.3
16 RIDGE STREET EPPING,EPPING,NSW,2121,21,2005,63.3
253 MALTON ROAD NORTH EPPING,NORTH EPPING,NSW,2121,28,1998,63.3
32 WATERLOO ROAD NORTH EPPING,NORTH EPPING,NSW,2121,21,2005,63.3
42 HILLMONT AVENUE THORNLEIGH,THORNLEIGH,NSW,2120,28,1998,63.3
37 LAROOL CRESCENT THORNLEIGH,THORNLEIGH,NSW,2120,28,1998,63.3
1 YARALLA CRESCENT THORNLEIGH,THORNLEIGH,NSW,2120,28,1998,63.3
102 DAVID ROAD CASTLE HILL,CASTLE HILL,NSW,2154,28,1998,63.3
15 BAYDON STREET CASTLE HILL,CASTLE HILL,NSW,2154,28,1998,63.3
16 PIONEER PLACE CASTLE HILL,CASTLE HILL,NSW,2154,21,2005,63.3
PARNI PLACE FRENCHS FOREST,FRENCHS FOREST,NSW,2086,28,1998,63.3
24 ALFRED ROAD BROOKVALE,BROOKVALE,NSW,2100,28,1998,63.3
55 MIDDLETON ROAD CROMER,CROMER,NSW,2099,28,1998,63.3
3 KULGOA ROAD PYMBLE,PYMBLE,NSW,2073,28,1998,63.3
163-193 RICKARD ROAD WARRIMOO,WARRIMOO,NSW,2774,28,1998,63.3
59 SANCTUARY DRIVE BEAUMONT HILLS,BEAUMONT HILLS,NSW,2155,28,1998,63.3
182 GLENHAVEN ROAD GLENHAVEN,GLENHAVEN,NSW,2156,28,1998,63.3
10 RHODES PLACE KELLYVILLE,KELLYVILLE,NSW,2155,28,1998,63.3
20 PAPERBARK CRESCENT BEAUMONT HILLS,BEAUMONT HILLS,NSW,2155,21,2005,63.3
16 MCMANUS STREET KELLYVILLE,KELLYVILLE,NSW,2155,28,1998,63.3
34 KANANGRA CRESCENT CHERRYBROOK,CHERRYBROOK,NSW,2126,28,1998,63.3
112 FALLON DRIVE DURAL,DURAL,NSW,2158,28,1998,63.3
48 BOWEN CLOSE CHERRYBROOK,CHERRYBROOK,NSW,2126,28,1998,63.3
10 WAYFIELD ROAD GLENHAVEN,GLENHAVEN,NSW,2156,28,1998,63.3
321 MCCARRS CREEK ROAD TERREY HILLS,TERREY HILLS,NSW,2084,28,1998,63.3
43R DAROOK PARK ROAD CRONULLA,CRONULLA,NSW,2230,28,1998,63.2
42 MITCHELL DRIVE WEST HOXTON,WEST HOXTON,NSW,2171,21,2005,63.2
13 GEORGE JULIUS AVENUE ZETLAND,ZETLAND,NSW,2017,28,1998,63.2
79 BEGOVICH CRESCENT ABBOTSBURY,ABBOTSBURY,NSW,2176,28,1998,63.2
8 PORTLAND STREET ENFIELD,ENFIELD,NSW,2136,28,1998,63.2
80 BARKER ROAD STRATHFIELD,STRATHFIELD,NSW,2135,28,1998,63.2
11 FRANCIS STREET STRATHFIELD,STRATHFIELD,NSW,2135,28,1998,63.2
40 AUGUSTA STREET STRATHFIELD,STRATHFIELD,NSW,2135,28,1998,63.2
12 SUNBEAM AVENUE BURWOOD,BURWOOD,NSW,2134,28,1998,63.2
56 ALBYN ROAD STRATHFIELD,STRATHFIELD,NSW,2135,28,1998,63.2
18 STRATHFIELD AVENUE STRATHFIELD,STRATHFIELD,NSW,2135,28,1998,63.2
PEMBERTON STREET STRATHFIELD,STRATHFIELD,NSW,2135,28,1998,63.2
84 BROUGHTON ROAD STRATHFIELD,STRATHFIELD,NSW,2135,28,1998,63.2
1-3 BYER STREET ENFIELD,ENFIELD,NSW,2136,28,1998,63.2
22 THE DRIVE CONCORD WEST,CONCORD WEST,NSW,2138,21,2005,63.2
1 ROSEMOUNT AVENUE SUMMER HILL,SUMMER HILL,NSW,2130,28,1998,63.2
11 ILUKA ROAD MOSMAN,MOSMAN,NSW,2088,28,1998,63.2
37 DUNLOP STREET EPPING,EPPING,NSW,2121,21,2005,63.2
1-5 BYDOWN STREET NEUTRAL BAY,NEUTRAL BAY,NSW,2089,28,1998,63.2
177 PACIFIC HIGHWAY ROSEVILLE,ROSEVILLE,NSW,2069,21,2005,63.2
191 FALCON STREET NEUTRAL BAY,NEUTRAL BAY,NSW,2089,21,2005,63.2
55 BYRNE STREET LAPSTONE,LAPSTONE,NSW,2773,28,1998,63.2
12 GROVER STREET LAPSTONE,LAPSTONE,NSW,2773,28,1998,63.2
526-532 MULGOA ROAD MULGOA,MULGOA,NSW,2745,28,1998,63.2
11 FAIRWAY STREET PARKLEA,PARKLEA,NSW,2768,28,1998,63.2
7 HAYWOOD STREET EPPING,EPPING,NSW,2121,21,2005,63.2
105 VIMIERA ROAD EASTWOOD,EASTWOOD,NSW,2122,21,2005,63.2
50 STATION STREET THORNLEIGH,THORNLEIGH,NSW,2120,28,1998,63.2
12A BORONIA AVENUE BEECROFT,BEECROFT,NSW,2119,28,1998,63.2
EXCELSIOR AVENUE CASTLE HILL,CASTLE HILL,NSW,2154,28,1998,63.2
43-57 RONDELAY DRIVE CASTLE HILL,CASTLE HILL,NSW,2154,28,1998,63.2
9 TANGLEWOOD PLACE WEST PENNANT HILLS,WEST PENNANT HILLS,NSW,2125,28,1998,63.2
3/20 PURSER AVENUE CASTLE HILL,CASTLE HILL,NSW,2154,28,1998,63.2
40 PLAYFAIR ROAD NORTH CURL CURL,NORTH CURL CURL,NSW,2099,28,1998,63.2
CLEVELAND AVENUE CROMER,CROMER,NSW,2099,28,1998,63.2
DOUGLAS STREET ST IVES,ST IVES,NSW,2075,28,1998,63.2
48 COLLINS ROAD ST IVES,ST IVES,NSW,2075,28,1998,63.2
23 WOODBURY ROAD ST IVES,ST IVES,NSW,2075,28,1998,63.2
9 GARRICK ROAD ST IVES,ST IVES,NSW,2075,28,1998,63.2
5 GARDEN SQUARE GORDON,GORDON,NSW,2072,28,1998,63.2
72 ST GEORGES CRESCENT FAULCONBRIDGE,FAULCONBRIDGE,NSW,2776,28,1998,63.2
37 WATKIN WOMBAT WAY FAULCONBRIDGE,FAULCONBRIDGE,NSW,2776,28,1998,63.2
17 OCEAN VIEW ROAD FRESHWATER,FRESHWATER,NSW,2096,28,1998,63.2
10 DALY ROAD FAULCONBRIDGE,FAULCONBRIDGE,NSW,2776,28,1998,63.2
9 ALDEBARAN STREET CRANEBROOK,CRANEBROOK,NSW,2749,28,1998,63.2
20 CLIFFORD STREET GORDON,GORDON,NSW,2072,28,1998,63.2
75 THE PARKWAY BEAUMONT HILLS,BEAUMONT HILLS,NSW,2155,28,1998,63.2
16 DRYSDALE CIRCUIT BEAUMONT HILLS,BEAUMONT HILLS,NSW,2155,28,1998,63.2
101 BOORALIE ROAD TERREY HILLS,TERREY HILLS,NSW,2084,28,1998,63.2
23 BARCOTE PLACE CASTLE HILL,CASTLE HILL,NSW,2154,28,1998,63.2
310B BOBBIN HEAD ROAD NORTH TURRAMURRA,NORTH TURRAMURRA,NSW,2074,28,1998,63.2
3 MORRIS AVENUE WAHROONGA,WAHROONGA,NSW,2076,28,1998,63.2
1711 PITTWATER ROAD MONA VALE,MONA VALE,NSW,2103,28,1998,63.2
101 PRINCE ALFRED PARADE NEWPORT,NEWPORT,NSW,2106,28,1998,63.2
120 IRRUBEL ROAD NEWPORT,NEWPORT,NSW,2106,28,1998,63.2
5-9 JACARANDA ROAD CARINGBAH,CARINGBAH,NSW,2229,28,1998,63.1
KYDRA CLOSE PRESTONS,PRESTONS,NSW,2170,21,2005,63.1
33 IAN STREET MAROUBRA,MAROUBRA,NSW,2035,28,1998,63.1
3 PARK STREET CLOVELLY,CLOVELLY,NSW,2031,28,1998,63.1
27 MYEE AVENUE STRATHFIELD,STRATHFIELD,NSW,2135,28,1998,63.1
89 HOMEBUSH ROAD STRATHFIELD,STRATHFIELD,NSW,2135,28,1998,63.1
22 CHURCH STREET BURWOOD,BURWOOD,NSW,2134,28,1998,63.1
96 PILE STREET MARRICKVILLE,MARRICKVILLE,NSW,2204,28,1998,63.1
31 CLISSOLD STREET ASHFIELD,ASHFIELD,NSW,2131,28,1998,63.1
4 WHITFIELD AVENUE ASHBURY,ASHBURY,NSW,2193,28,1998,63.1
20 PEEL STREET DOVER HEIGHTS,DOVER HEIGHTS,NSW,2030,28,1998,63.1
42 LANCASTER ROAD DOVER HEIGHTS,DOVER HEIGHTS,NSW,2030,28,1998,63.1
2 FERNLEIGH GARDENS ROSE BAY,ROSE BAY,NSW,2029,28,1998,63.1
600-612 NEW SOUTH HEAD ROAD ROSE BAY,ROSE BAY,NSW,2029,28,1998,63.1
185 CLARENCE STREET SYDNEY,SYDNEY,NSW,2000,28,1998,63.1
1 YACHTSMAN DRIVE CHIPPING NORTON,CHIPPING NORTON,NSW,2170,28,1998,63.1
18 CUMBERLAND STREET EPPING,EPPING,NSW,2121,21,2005,63.1
18 CASTLE CIRCUIT SEAFORTH,SEAFORTH,NSW,2092,28,1998,63.1
91 CARTER STREET CAMMERAY,CAMMERAY,NSW,2062,21,2005,63.1
20 CLANALPINE STREET MOSMAN,MOSMAN,NSW,2088,28,1998,63.1
22 HAZELBANK ROAD WOLLSTONECRAFT,WOLLSTONECRAFT,NSW,2065,21,2005,63.1
53 WOOD STREET MANLY,MANLY,NSW,2095,28,1998,63.1
5 HILLS AVENUE EPPING,EPPING,NSW,2121,21,2005,63.1
31 BAMBARA CRESCENT BEECROFT,BEECROFT,NSW,2119,21,2005,63.1
41 WILLOUGHBY STREET EPPING,EPPING,NSW,2121,21,2005,63.1
148 FRANCIS GREENWAY DRIVE CHERRYBROOK,CHERRYBROOK,NSW,2126,28,1998,63.1
31 BASSETT PLACE CASTLE HILL,CASTLE HILL,NSW,2154,28,1998,63.1
21 CHERRYBROOK ROAD WEST PENNANT HILLS,WEST PENNANT HILLS,NSW,2125,28,1998,63.1
320 PENNANT HILLS ROAD PENNANT HILLS,PENNANT HILLS,NSW,2120,28,1998,63.1
5 NEVILLE COURT CASTLE HILL,CASTLE HILL,NSW,2154,28,1998,63.1
10 CHURCH STREET CASTLE HILL,CASTLE HILL,NSW,2154,28,1998,63.1
32 WOMURRUNG AVENUE CASTLE HILL,CASTLE HILL,NSW,2154,28,1998,63.1
2 KALUMNA CLOSE CHERRYBROOK,CHERRYBROOK,NSW,2126,28,1998,63.1
11 BOYLSON PLACE CROMER,CROMER,NSW,2099,28,1998,63.1
98 DAVIES AVENUE SPRINGWOOD,SPRINGWOOD,NSW,2777,21,2005,63.1
69 CHAPMAN PARADE FAULCONBRIDGE,FAULCONBRIDGE,NSW,2776,28,1998,63.1
155A CHAPMAN PARADE FAULCONBRIDGE,FAULCONBRIDGE,NSW,2776,28,1998,63.1
174 LINDEN CRESCENT CRANEBROOK,CRANEBROOK,NSW,2749,28,1998,63.1
12 TARINGHA STREET BLAXLAND,BLAXLAND,NSW,2774,28,1998,63.1
2 KAFFIR CLOSE CHERRYBROOK,CHERRYBROOK,NSW,2126,28,1998,63.1
53 KANANGRA CRESCENT CHERRYBROOK,CHERRYBROOK,NSW,2126,28,1998,63.1
15 APPLETREE DRIVE CHERRYBROOK,CHERRYBROOK,NSW,2126,28,1998,63.1
9 MOWBRAY CLOSE CASTLE HILL,CASTLE HILL,NSW,2154,28,1998,63.1
5 TATHRA COURT DURAL,DURAL,NSW,2158,28,1998,63.1
63 BUNDARRA AVENUE WAHROONGA,WAHROONGA,NSW,2076,28,1998,63.1
16 ATHOL STREET SOUTH COOGEE,SOUTH COOGEE,NSW,2034,28,1998,63.0
53 MALABAR ROAD SOUTH COOGEE,SOUTH COOGEE,NSW,2034,28,1998,63.0
1C MERMAID AVENUE MAROUBRA,MAROUBRA,NSW,2035,28,1998,63.0
30 GORDON AVENUE COOGEE,COOGEE,NSW,2034,28,1998,63.0
88 WALLIS AVENUE STRATHFIELD,STRATHFIELD,NSW,2135,28,1998,63.0
7 KINGSLAND ROAD STRATHFIELD,STRATHFIELD,NSW,2135,28,1998,63.0
35 HAMPTON STREET CROYDON PARK,CROYDON PARK,NSW,2133,28,1998,63.0
70-72 DOVER ROAD ROSE BAY,ROSE BAY,NSW,2029,28,1998,63.0
8 BRADLEYS HEAD ROAD MOSMAN,MOSMAN,NSW,2088,28,1998,63.0
25 FALCONER STREET WEST RYDE,WEST RYDE,NSW,2114,21,2005,63.0
16 BORONIA LANE SEAFORTH,SEAFORTH,NSW,2092,28,1998,63.0
12/32-34 LOVETT STREET MANLY VALE,MANLY VALE,NSW,2093,28,1998,63.0
3 GOVERNORS ROAD MOSMAN,MOSMAN,NSW,2088,28,1998,63.0
33 CARRINGTON AVENUE MOSMAN,MOSMAN,NSW,2088,21,2005,63.0
2/16 RAWSON STREET MOSMAN,MOSMAN,NSW,2088,28,1998,63.0
92 PRINCE ALBERT STREET MOSMAN,MOSMAN,NSW,2088,28,1998,63.0
23 CONSTITUTION ROAD RYDE,RYDE,NSW,2112,21,2005,63.0
106-110 NEPEAN AVENUE PENRITH,PENRITH,NSW,2750,28,1998,63.0
511-537 MULGOA ROAD MULGOA,MULGOA,NSW,2745,28,1998,63.0
21 MONTPELIER PLACE MANLY,MANLY,NSW,2095,28,1998,63.0
53 CHELMSFORD AVENUE EPPING,EPPING,NSW,2121,21,2005,63.0
28 RIDGEVIEW WAY CHERRYBROOK,CHERRYBROOK,NSW,2126,28,1998,63.0
14 CEDARWOOD DRIVE CHERRYBROOK,CHERRYBROOK,NSW,2126,28,1998,63.0
15 FLAME TREE PLACE CHERRYBROOK,CHERRYBROOK,NSW,2126,28,1998,63.0
12 BENEDICTINE PLACE CHERRYBROOK,CHERRYBROOK,NSW,2126,28,1998,63.0
61 BELLAMY STREET PENNANT HILLS,PENNANT HILLS,NSW,2120,28,1998,63.0
1A DARTFORD ROAD THORNLEIGH,THORNLEIGH,NSW,2120,28,1998,63.0
14 LAMBE PLACE CHERRYBROOK,CHERRYBROOK,NSW,2126,28,1998,63.0
1020 MELIA COURT CASTLE HILL,CASTLE HILL,NSW,2154,28,1998,63.0
1-19 BRADFIELD PARADE CHERRYBROOK,CHERRYBROOK,NSW,2126,28,1998,63.0
WAKEHURST PARKWAY ALLAMBIE HEIGHTS,ALLAMBIE HEIGHTS,NSW,2100,28,1998,63.0
4 WAMBIRI PLACE CROMER,CROMER,NSW,2099,28,1998,63.0
55 KENTHURST ROAD ST IVES,ST IVES,NSW,2075,28,1998,63.0
9 ARONIA AVENUE ST IVES,ST IVES,NSW,2075,28,1998,63.0
86 HINDMARSH STREET CRANEBROOK,CRANEBROOK,NSW,2749,28,1998,63.0
15 LIBERTY WAY NORTH KELLYVILLE,NORTH KELLYVILLE,NSW,2155,28,1998,63.0
91 PACIFIC HIGHWAY HORNSBY,HORNSBY,NSW,2077,28,1998,63.0
5 WALNUT GROVE CHERRYBROOK,CHERRYBROOK,NSW,2126,28,1998,63.0
583 OLD NORTHERN ROAD GLENHAVEN,GLENHAVEN,NSW,2156,28,1998,63.0
48 HANCOCK DRIVE CHERRYBROOK,CHERRYBROOK,NSW,2126,28,1998,63.0
66 COOYONG ROAD TERREY HILLS,TERREY HILLS,NSW,2084,28,1998,63.0
61 GROSE RIVER ROAD GROSE WOLD,GROSE WOLD,NSW,2753,28,1998,63.0
35 TERAMA STREET BILGOLA PLATEAU,BILGOLA PLATEAU,NSW,2107,28,1998,63.0
3 DILKARA CIRCUIT BANGOR,BANGOR,NSW,2234,21,2005,62.9
178 BELMORE ROAD NORTH RIVERWOOD,NORTH RIVERWOOD,NSW,,28,1998,62.9
3 SELEMS PARADE REVESBY,REVESBY,NSW,2212,28,1998,62.9
41 ARCADIA STREET COOGEE,COOGEE,NSW,2034,28,1998,62.9
11-17 CARLTON STREET KENSINGTON,KENSINGTON,NSW,2033,28,1998,62.9
52 MILROY AVENUE KENSINGTON,KENSINGTON,NSW,2033,28,1998,62.9
DARLING STREET ABBOTSBURY,ABBOTSBURY,NSW,2176,28,1998,62.9
CENTENARY DRIVE STRATHFIELD,STRATHFIELD,NSW,2135,28,1998,62.9
3 LONG STREET STRATHFIELD,STRATHFIELD,NSW,2135,28,1998,62.9
13 AUGUSTA STREET STRATHFIELD,STRATHFIELD,NSW,2135,28,1998,62.9
27 MINTARO AVENUE STRATHFIELD,STRATHFIELD,NSW,2135,28,1998,62.9
72 OXFORD STREET BURWOOD,BURWOOD,NSW,2134,28,1998,62.9
93 NEWTON ROAD STRATHFIELD,STRATHFIELD,NSW,2135,28,1998,62.9
35 MEREDITH STREET STRATHFIELD,STRATHFIELD,NSW,2135,28,1998,62.9
12-14 KINGSLAND ROAD STRATHFIELD,STRATHFIELD,NSW,2135,28,1998,62.9
27 PORTLAND STREET DOVER HEIGHTS,DOVER HEIGHTS,NSW,2030,28,1998,62.9
6-6A ROSEMONT AVENUE WOOLLAHRA,WOOLLAHRA,NSW,2025,28,1998,62.9
17-23 ALBERT STREET EDGECLIFF,EDGECLIFF,NSW,2027,28,1998,62.9
272-304 MAMRE ROAD ST CLAIR,ST CLAIR,NSW,2759,28,1998,62.9
1 MILTON AVENUE EASTWOOD,EASTWOOD,NSW,2122,21,2005,62.9
14 RAILWAY AVENUE EASTWOOD,EASTWOOD,NSW,2122,21,2005,62.9
54 PRINCE ALBERT STREET MOSMAN,MOSMAN,NSW,2088,28,1998,62.9
41 JUDITH STREET SEAFORTH,SEAFORTH,NSW,2092,28,1998,62.9
32 JUDITH STREET SEAFORTH,SEAFORTH,NSW,2092,28,1998,62.9
19 BURTON STREET MOSMAN,MOSMAN,NSW,2088,21,2005,62.9
1 WINDWARD AVENUE MOSMAN,MOSMAN,NSW,2088,28,1998,62.9
21 OLD SOUTH HEAD ROAD VAUCLUSE,VAUCLUSE,NSW,2030,28,1998,62.9
19-23 SINCLAIR STREET WOLLSTONECRAFT,WOLLSTONECRAFT,NSW,2065,21,2005,62.9
8 DARWIN DRIVE LAPSTONE,LAPSTONE,NSW,2773,28,1998,62.9
5 BROOKDALE TERRACE GLENBROOK,GLENBROOK,NSW,2773,28,1998,62.9
NORTH STEYNE MANLY,MANLY,NSW,2095,28,1998,62.9
38 RAWSON STREET EPPING,EPPING,NSW,2121,21,2005,62.9
12 THORN STREET PENNANT HILLS,PENNANT HILLS,NSW,2120,28,1998,62.9
121 GUMNUT ROAD CHERRYBROOK,CHERRYBROOK,NSW,2126,28,1998,62.9
134 FRANCIS GREENWAY DRIVE CHERRYBROOK,CHERRYBROOK,NSW,2126,28,1998,62.9
10 PARKHILL CRESCENT CHERRYBROOK,CHERRYBROOK,NSW,2126,28,1998,62.9
49X CEDARWOOD DRIVE CHERRYBROOK,CHERRYBROOK,NSW,2126,28,1998,62.9
8 PRIORY CLOSE CHERRYBROOK,CHERRYBROOK,NSW,2126,28,1998,62.9
58 THORNLEIGH STREET THORNLEIGH,THORNLEIGH,NSW,2120,28,1998,62.9
15 VAUGHAN AVENUE PENNANT HILLS,PENNANT HILLS,NSW,2120,28,1998,62.9
19 WESTWOOD STREET PENNANT HILLS,PENNANT HILLS,NSW,2120,28,1998,62.9
15 WESTMINSTER DRIVE CASTLE HILL,CASTLE HILL,NSW,2154,28,1998,62.9
8A LOFTUS ROAD PENNANT HILLS,PENNANT HILLS,NSW,2120,28,1998,62.9
10 PAXTON CRESCENT CHERRYBROOK,CHERRYBROOK,NSW,2126,28,1998,62.9
1-11 ROSA CRESCENT CASTLE HILL,CASTLE HILL,NSW,2154,28,1998,62.9
18 GAY STREET CASTLE HILL,CASTLE HILL,NSW,2154,28,1998,62.9
75 OLD NORTHERN ROAD BAULKHAM HILLS,BAULKHAM HILLS,NSW,2153,28,1998,62.9
3 WAREKILA ROAD BEACON HILL,BEACON HILL,NSW,2100,28,1998,62.9
100 KILLEATON STREET ST IVES,ST IVES,NSW,2075,28,1998,62.9
18 MEEKS CRESCENT FAULCONBRIDGE,FAULCONBRIDGE,NSW,2776,28,1998,62.9
206-208 BOUNDARY ROAD CRANEBROOK,CRANEBROOK,NSW,2749,28,1998,62.9
20 VIEW STREET BLAXLAND,BLAXLAND,NSW,2774,28,1998,62.9
17 TAMARISK CRESCENT CHERRYBROOK,CHERRYBROOK,NSW,2126,28,1998,62.9
145 PURCHASE ROAD CHERRYBROOK,CHERRYBROOK,NSW,2126,28,1998,62.9
6 STEPHEN STREET HORNSBY,HORNSBY,NSW,2077,28,1998,62.9
47 BURNS ROAD WAHROONGA,WAHROONGA,NSW,2076,28,1998,62.9
34A CARRINGTON ROAD WAHROONGA,WAHROONGA,NSW,2076,28,1998,62.9
2 MONA STREET MONA VALE,MONA VALE,NSW,2103,28,1998,62.9
230B MORELLA ROAD WHALE BEACH,WHALE BEACH,NSW,2107,28,1998,62.9
15 POLO STREET KURNELL,KURNELL,NSW,2231,21,2005,62.8
21/7-9 PROGRESS CIRCUIT PRESTONS,PRESTONS,NSW,2170,28,1998,62.8
9 BARGO PLACE PRESTONS,PRESTONS,NSW,2170,28,1998,62.8
1/330 ALISON ROAD COOGEE,COOGEE,NSW,2034,28,1998,62.8
87 AVOCA STREET RANDWICK,RANDWICK,NSW,2031,28,1998,62.8
37A CHELSEA STREET REDFERN,REDFERN,NSW,2016,28,1998,62.8
52 BUNDARRA ROAD BELLEVUE HILL,BELLEVUE HILL,NSW,2023,28,1998,62.8
90-92 CLYDE STREET NORTH BONDI,NORTH BONDI,NSW,2026,28,1998,62.8
6A KENT ROAD ROSE BAY,ROSE BAY,NSW,2029,28,1998,62.8
59 WINDSOR STREET PADDINGTON,PADDINGTON,NSW,2021,28,1998,62.8
5 BURTON STREET GLEBE,GLEBE,NSW,2037,28,1998,62.8
13 BRANKSOME WAY GLENMORE PARK,GLENMORE PARK,NSW,2745,21,2005,62.8
73 CHELMSFORD AVENUE EPPING,EPPING,NSW,2121,21,2005,62.8
19 FRANCIS STREET EPPING,EPPING,NSW,2121,21,2005,62.8
30-34 MURDOCH STREET CREMORNE POINT,CREMORNE POINT,NSW,2090,21,2005,62.8
161 MIDDLE HEAD ROAD MOSMAN,MOSMAN,NSW,2088,28,1998,62.8
2/45 CAMBRIDGE AVENUE VAUCLUSE,VAUCLUSE,NSW,2030,28,1998,62.8
4 MOORE STREET ROSEVILLE,ROSEVILLE,NSW,2069,21,2005,62.8
25 VISTA STREET GREENWICH,GREENWICH,NSW,2065,21,2005,62.8
28 LYNE ROAD CHELTENHAM,CHELTENHAM,NSW,2119,21,2005,62.8
38 CLIFF ROAD EPPING,EPPING,NSW,2121,21,2005,62.8
90-96 BEECROFT ROAD BEECROFT,BEECROFT,NSW,2119,28,1998,62.8
33A HIGHS ROAD WEST PENNANT HILLS,WEST PENNANT HILLS,NSW,2125,28,1998,62.8
21 MIDDLETON ROAD CROMER,CROMER,NSW,2099,28,1998,62.8
6A COLLINS ROAD ST IVES,ST IVES,NSW,2075,28,1998,62.8
GREAT WESTERN HIGHWAY SUN VALLEY,SUN VALLEY,NSW,2777,28,1998,62.8
71-73 BURNS ROAD SPRINGWOOD,SPRINGWOOD,NSW,2777,28,1998,62.8
2-20 LAWSON ROAD SPRINGWOOD,SPRINGWOOD,NSW,2777,28,1998,62.8
15 PROCYON PLACE CRANEBROOK,CRANEBROOK,NSW,2749,28,1998,62.8
9 BATES AVENUE BLAXLAND,BLAXLAND,NSW,2774,28,1998,62.8
11 HORIZONS PLACE KELLYVILLE,KELLYVILLE,NSW,2155,21,2005,62.8
170A GLENHAVEN ROAD GLENHAVEN,GLENHAVEN,NSW,2156,28,1998,62.8
64 MARELLA AVENUE KELLYVILLE,KELLYVILLE,NSW,2155,28,1998,62.8
72 MACQUARIE DRIVE CHERRYBROOK,CHERRYBROOK,NSW,2126,21,2005,62.8
MCCARRS CREEK ROAD PITTWATER,PITTWATER,NSW,,28,1998,62.8
29 ENDEAVOUR ROAD GEORGES HALL,GEORGES HALL,NSW,2198,28,1998,62.7
260 MALABAR ROAD MAROUBRA,MAROUBRA,NSW,2035,28,1998,62.7
6 WOODLAND STREET COOGEE,COOGEE,NSW,2034,28,1998,62.7
MARRICKVILLE ROAD MARRICKVILLE,MARRICKVILLE,NSW,2204,28,1998,62.7
10 DEFRIES AVENUE ZETLAND,ZETLAND,NSW,2017,28,1998,62.7
9A BROAD STREET CROYDON PARK,CROYDON PARK,NSW,2133,28,1998,62.7
22 SHORTLAND AVENUE STRATHFIELD,STRATHFIELD,NSW,2135,28,1998,62.7
1 FRANCIS STREET STRATHFIELD,STRATHFIELD,NSW,2135,28,1998,62.7
20 GELLING AVENUE STRATHFIELD,STRATHFIELD,NSW,2135,28,1998,62.7
80 PEMBERTON STREET STRATHFIELD,STRATHFIELD,NSW,2135,28,1998,62.7
42 BATES STREET STRATHFIELD,STRATHFIELD,NSW,2135,28,1998,62.7
COWPER WHARF ROADWAY POTTS POINT,POINT,NSW,,28,1998,62.7
11A GREENOAKS AVENUE DARLING POINT,DARLING POINT,NSW,2027,28,1998,62.7
7 ROSE BAY AVENUE BELLEVUE HILL,BELLEVUE HILL,NSW,2023,28,1998,62.7
13-15 GOWRIE AVENUE BONDI JUNCTION,BONDI JUNCTION,NSW,2022,28,1998,62.7
17 ORWELL STREET POTTS POINT,POTTS POINT,NSW,2011,28,1998,62.7
317-319 EDGECLIFF ROAD WOOLLAHRA,WOOLLAHRA,NSW,2025,28,1998,62.7
205-211 BOURKE STREET DARLINGHURST,DARLINGHURST,NSW,2010,28,1998,62.7
FORTH STREET WOOLLAHRA,WOOLLAHRA,NSW,2025,28,1998,62.7
70-80 FLETCHER STREET WOOLLAHRA,WOOLLAHRA,NSW,2025,28,1998,62.7
159-163 FORBES STREET DARLINGHURST,DARLINGHURST,NSW,2010,28,1998,62.7
780 BOURKE STREET REDFERN,REDFERN,NSW,2016,28,1998,62.7
2 DALKEITH STREET NORTHBRIDGE,NORTHBRIDGE,NSW,2063,21,2005,62.7
40 TOBRUK AVENUE CREMORNE,CREMORNE,NSW,2090,28,1998,62.7
49A BEAUMONT STREET ROSE BAY,ROSE BAY,NSW,2029,28,1998,62.7
5-15 HOSKING STREET CRANEBROOK,CRANEBROOK,NSW,2749,28,1998,62.7
25A BROOK ROAD GLENBROOK,GLENBROOK,NSW,2773,28,1998,62.7
72 LUCASVILLE ROAD GLENBROOK,GLENBROOK,NSW,2773,28,1998,62.7
29 PARKLANDS AVENUE LEONAY,LEONAY,NSW,2750,28,1998,62.7
9 MESSINA STREET PARKLEA,PARKLEA,NSW,2768,28,1998,62.7
38A CASTLE HOWARD ROAD CHELTENHAM,CHELTENHAM,NSW,2119,28,1998,62.7
10 NORMA CRESCENT CHELTENHAM,CHELTENHAM,NSW,2119,28,1998,62.7
7 HARPER STREET NORTH EPPING,NORTH EPPING,NSW,2121,21,2005,62.7
35 WESSON ROAD WEST PENNANT HILLS,WEST PENNANT HILLS,NSW,2125,28,1998,62.7
95A CARDINAL AVENUE WEST PENNANT HILLS,WEST PENNANT HILLS,NSW,2125,28,1998,62.7
7/4-7 VILLIERS PLACE CROMER,CROMER,NSW,2099,28,1998,62.7
35 GRAYS LANE CRANEBROOK,CRANEBROOK,NSW,2749,28,1998,62.7
10 LONSDALE AVENUE PYMBLE,PYMBLE,NSW,2073,28,1998,62.7
2 GIPPS PLACE BEAUMONT HILLS,BEAUMONT HILLS,NSW,2155,28,1998,62.7
45-49 HASTINGS ROAD CASTLE HILL,CASTLE HILL,NSW,2154,28,1998,62.7
9 HAWKRIDGE PLACE DURAL,DURAL,NSW,2158,28,1998,62.7
325 MCCARRS CREEK ROAD TERREY HILLS,TERREY HILLS,NSW,2084,28,1998,62.7
COREEN AVENUE TERREY HILLS,TERREY HILLS,NSW,2084,28,1998,62.7
CLISSOLD ROAD WAHROONGA,WAHROONGA,NSW,2076,28,1998,62.7
305 HUDSON PARADE CLAREVILLE,CLAREVILLE,NSW,2107,28,1998,62.7
 HOLSWORTHY,,NSW,,28,1998,62.6
155 FOX VALLEY ROAD DENHAM COURT,,NSW,,28,1998,62.6
214 RAINBOW STREET RANDWICK,RANDWICK,NSW,2031,28,1998,62.6
31 FERN STREET CLOVELLY,CLOVELLY,NSW,2031,28,1998,62.6
1 PEMBERTON STREET STRATHFIELD,STRATHFIELD,NSW,2135,28,1998,62.6
16 SHORTLAND AVENUE STRATHFIELD,STRATHFIELD,NSW,2135,28,1998,62.6
CARRINGTON AVENUE STRATHFIELD,STRATHFIELD,NSW,2135,28,1998,62.6
17 ROSEDALE STREET DULWICH HILL,DULWICH HILL,NSW,2203,28,1998,62.6
16 PAUL STREET BONDI JUNCTION,BONDI JUNCTION,NSW,2022,28,1998,62.6
68 MILITARY ROAD DOVER HEIGHTS,DOVER HEIGHTS,NSW,2030,28,1998,62.6
14 COOPER PARK ROAD BELLEVUE HILL,BELLEVUE HILL,NSW,2023,28,1998,62.6
9 COCOS AVENUE EASTWOOD,EASTWOOD,NSW,2122,21,2005,62.6
81 WAKEHURST PARKWAY SEAFORTH,SEAFORTH,NSW,2092,28,1998,62.6
13 BARANBALI AVENUE SEAFORTH,SEAFORTH,NSW,2092,28,1998,62.6
25 MORUBEN ROAD MOSMAN,MOSMAN,NSW,2088,21,2005,62.6
18C MORELLA ROAD MOSMAN,MOSMAN,NSW,2088,28,1998,62.6
886 MILITARY ROAD MOSMAN,MOSMAN,NSW,2088,28,1998,62.6
38 RUSSELL STREET VAUCLUSE,VAUCLUSE,NSW,2030,28,1998,62.6
193 HOPETOUN AVENUE VAUCLUSE,VAUCLUSE,NSW,2030,28,1998,62.6
64 VIMIERA ROAD EASTWOOD,EASTWOOD,NSW,2122,21,2005,62.6
104 KENT STREET EPPING,EPPING,NSW,2121,21,2005,62.6
5 GLENFERN ROAD EPPING,EPPING,NSW,2121,21,2005,62.6
42 YORK STREET EPPING,EPPING,NSW,2121,21,2005,62.6
45B CHESTER STREET EPPING,EPPING,NSW,2121,21,2005,62.6
28-44 PURCHASE ROAD CHERRYBROOK,CHERRYBROOK,NSW,2126,28,1998,62.6
9 NORTHWOOD WAY CHERRYBROOK,CHERRYBROOK,NSW,2126,28,1998,62.6
63 NEW FARM ROAD WEST PENNANT HILLS,WEST PENNANT HILLS,NSW,2125,28,1998,62.6
15 LEITH ROAD PENNANT HILLS,PENNANT HILLS,NSW,2120,28,1998,62.6
45 OAKLEIGH AVENUE THORNLEIGH,THORNLEIGH,NSW,2120,28,1998,62.6
11 ALICE COURT CHERRYBROOK,CHERRYBROOK,NSW,2126,28,1998,62.6
372 OLD NORTHERN ROAD CASTLE HILL,CASTLE HILL,NSW,2154,28,1998,62.6
10 ERLESTOKE PLACE CASTLE HILL,CASTLE HILL,NSW,2154,28,1998,62.6
3 NEWLYN CLOSE ST IVES,ST IVES,NSW,2075,28,1998,62.6
6 POWELL STREET BLAXLAND,BLAXLAND,NSW,2774,21,2005,62.6
107 BRAMPTON DRIVE BEAUMONT HILLS,BEAUMONT HILLS,NSW,2155,28,1998,62.6
315-327 SINGLES RIDGE ROAD YELLOW ROCK,YELLOW ROCK,NSW,2777,28,1998,62.6
33 FEATHERWOOD AVENUE CHERRYBROOK,CHERRYBROOK,NSW,2126,28,1998,62.6
98 SHEPHERDS DRIVE CHERRYBROOK,CHERRYBROOK,NSW,2126,28,1998,62.6
37 TAMARISK CRESCENT CHERRYBROOK,CHERRYBROOK,NSW,2126,28,1998,62.6
130 BOORALIE ROAD DUFFYS FOREST,DUFFYS FOREST,NSW,2084,28,1998,62.6
1 JOHN RADLEY AVENUE DURAL,DURAL,NSW,2158,28,1998,62.6
47 TOORONGA ROAD TERREY HILLS,TERREY HILLS,NSW,2084,28,1998,62.6
59 SHERBROOK ROAD HORNSBY,HORNSBY,NSW,2077,28,1998,62.6
6 HOSIER PLACE BLIGH PARK,BLIGH PARK,NSW,2756,28,1998,62.6
3 NARROY ROAD NORTH NARRABEEN,NORTH NARRABEEN,NSW,2101,28,1998,62.6
44 NAROOMA DRIVE PRESTONS,PRESTONS,NSW,2170,28,1998,62.5
12 GERALDTON STREET PRESTONS,PRESTONS,NSW,2170,28,1998,62.5
2 BROWN STREET BRONTE,BRONTE,NSW,2024,28,1998,62.5
9 DEFRIES AVENUE ZETLAND,ZETLAND,NSW,2017,28,1998,62.5
BAYVIEW AVENUE EARLWOOD,EARLWOOD,NSW,2206,28,1998,62.5
12 JERSEY ROAD STRATHFIELD,STRATHFIELD,NSW,2135,28,1998,62.5
15 FLORENCE STREET STRATHFIELD,STRATHFIELD,NSW,2135,28,1998,62.5
16 COONONG ROAD CONCORD WEST,CONCORD WEST,NSW,2138,21,2005,62.5
12 HURLSTONE AVENUE SUMMER HILL,SUMMER HILL,NSW,2130,21,2005,62.5
194 FLOOD STREET LEICHHARDT,LEICHHARDT,NSW,2040,28,1998,62.5
258 MILITARY ROAD DOVER HEIGHTS,DOVER HEIGHTS,NSW,2030,28,1998,62.5
2 PORTLAND STREET DOVER HEIGHTS,DOVER HEIGHTS,NSW,2030,28,1998,62.5
38 COOLONG ROAD VAUCLUSE,VAUCLUSE,NSW,2030,28,1998,62.5
1 ROYLSTON STREET PADDINGTON,PADDINGTON,NSW,2021,28,1998,62.5
144 BARRY AVENUE CATHERINE FIELD,CATHERINE FIELD,NSW,2557,28,1998,62.5
57 MACPHERSON STREET MOSMAN,MOSMAN,NSW,2088,21,2005,62.5
9 THE BOULEVARDE CAMMERAY,CAMMERAY,NSW,2062,21,2005,62.5
5 EVERVIEW AVENUE MOSMAN,MOSMAN,NSW,2088,21,2005,62.5
6 BEACONSFIELD ROAD MOSMAN,MOSMAN,NSW,2088,28,1998,62.5
6 STRATHMORE PARADE ROSEVILLE,ROSEVILLE,NSW,2069,21,2005,62.5
271 PACIFIC HIGHWAY NORTH SYDNEY,NORTH SYDNEY,NSW,2060,21,2005,62.5
22 PHILLIPS STREET NEUTRAL BAY,NEUTRAL BAY,NSW,2089,21,2005,62.5
59 KAREELA ROAD CREMORNE POINT,CREMORNE POINT,NSW,2090,21,2005,62.5
11 CURTIS STREET RYDE,RYDE,NSW,2112,21,2005,62.5
5 BRIGG ROAD EPPING,EPPING,NSW,2121,21,2005,62.5
7 HOWARD PLACE NORTH EPPING,NORTH EPPING,NSW,2121,21,2005,62.5
91 NORFOLK ROAD NORTH EPPING,NORTH EPPING,NSW,2121,21,2005,62.5
53 NEW FARM ROAD WEST PENNANT HILLS,WEST PENNANT HILLS,NSW,2125,28,1998,62.5
18 GOODLANDS AVENUE THORNLEIGH,THORNLEIGH,NSW,2120,28,1998,62.5
48 NEW FARM ROAD WEST PENNANT HILLS,WEST PENNANT HILLS,NSW,2125,28,1998,62.5
203/8A PYMBLE AVENUE PYMBLE,PYMBLE,NSW,2073,28,1998,62.5
128 THE PONDS BOULEVARD THE PONDS,THE PONDS,NSW,2769,21,2005,62.5
7 GLEN STREET BLAXLAND,BLAXLAND,NSW,2774,28,1998,62.5
17 BUTTERCUP STREET THE PONDS,THE PONDS,NSW,2769,28,1998,62.5
36 BENSON ROAD BEAUMONT HILLS,BEAUMONT HILLS,NSW,2155,28,1998,62.5
13 STAVE PLACE KELLYVILLE RIDGE,KELLYVILLE RIDGE,NSW,2155,28,1998,62.5
3 HAWKESWORTH PLACE CHERRYBROOK,CHERRYBROOK,NSW,2126,28,1998,62.5
12-14 ZOUCH ROAD DENHAM COURT,,NSW,,28,1998,62.4
58 CABRAMATTA AVENUE MILLER,MILLER,NSW,2168,28,1998,62.4
6-6B GRANDSTAND PARADE ZETLAND,ZETLAND,NSW,2017,28,1998,62.4
8 MYRNA ROAD STRATHFIELD,STRATHFIELD,NSW,2135,28,1998,62.4
18 AGNES STREET STRATHFIELD,STRATHFIELD,NSW,2135,21,2005,62.4
119 WENTWORTH ROAD STRATHFIELD,STRATHFIELD,NSW,2135,28,1998,62.4
148 WENTWORTH ROAD BURWOOD,BURWOOD,NSW,2134,28,1998,62.4
44 NEWTON ROAD STRATHFIELD,STRATHFIELD,NSW,2135,28,1998,62.4
4 WALLIS AVENUE STRATHFIELD,STRATHFIELD,NSW,2135,28,1998,62.4
59 KINGSLAND ROAD STRATHFIELD,STRATHFIELD,NSW,2135,28,1998,62.4
98 WALLIS AVENUE STRATHFIELD,STRATHFIELD,NSW,2135,28,1998,62.4
10 DAVIS STREET DULWICH HILL,DULWICH HILL,NSW,2203,28,1998,62.4
4 MACQUARIE STREET SYDNEY,SYDNEY,NSW,2000,28,1998,62.4
HERMITAGE FORESHORE WALK VAUCLUSE,VAUCLUSE,NSW,2030,28,1998,62.4
1A CADIGAL PLACE DOVER HEIGHTS,DOVER HEIGHTS,NSW,2030,28,1998,62.4
11 MANSION ROAD BELLEVUE HILL,BELLEVUE HILL,NSW,2023,28,1998,62.4
54-66 WENTWORTH AVENUE SURRY HILLS,SURRY HILLS,NSW,2010,28,1998,62.4
18 GEORGE STREET GREENWICH,GREENWICH,NSW,2065,21,2005,62.4
11 BANGALLA PARADE GLENMORE PARK,GLENMORE PARK,NSW,2745,28,1998,62.4
134-150 CHAIN-O-PONDS ROAD MULGOA,MULGOA,NSW,2745,28,1998,62.4
43 CHELMSFORD AVENUE EPPING,EPPING,NSW,2121,21,2005,62.4
9/19-21 ENID AVENUE GRANVILLE,GRANVILLE,NSW,2142,21,2005,62.4
50-52 EARLE STREET CREMORNE,CREMORNE,NSW,2090,21,2005,62.4
SIR RODEN CUTLER VC MEMORIAL DRIVE ALLAMBIE HEIGHTS,ALLAMBIE HEIGHTS,NSW,2100,28,1998,62.4
17 BULLECOURT AVENUE MOSMAN,MOSMAN,NSW,2088,21,2005,62.4
6 THE GROVE ROSEVILLE,ROSEVILLE,NSW,2069,21,2005,62.4
76-80 EDINBURGH ROAD WILLOUGHBY,WILLOUGHBY,NSW,2068,21,2005,62.4
2 BOULTON STREET PUTNEY,PUTNEY,NSW,2112,21,2005,62.4
19 MEDWIN PLACE QUAKERS HILL,QUAKERS HILL,NSW,2763,28,1998,62.4
12 CHESTERFIELD ROAD EPPING,EPPING,NSW,2121,21,2005,62.4
54 RAY ROAD EPPING,EPPING,NSW,2121,21,2005,62.4
1 BRAIDWOOD AVENUE NORTH EPPING,NORTH EPPING,NSW,2121,28,1998,62.4
2 NAMOI STREET NORTH EPPING,NORTH EPPING,NSW,2121,28,1998,62.4
7 SCHOFIELD PARADE PENNANT HILLS,PENNANT HILLS,NSW,2120,28,1998,62.4
16 ELLIOTT PLACE CHERRYBROOK,CHERRYBROOK,NSW,2126,28,1998,62.4
27 HANNAH STREET BEECROFT,BEECROFT,NSW,2119,28,1998,62.4
9 BOWEN CLOSE CHERRYBROOK,CHERRYBROOK,NSW,2126,28,1998,62.4
33 BARINA DOWNS ROAD NORWEST,NORWEST,NSW,2153,28,1998,62.4
3 CAREEBONG ROAD FRENCHS FOREST,FRENCHS FOREST,NSW,2086,28,1998,62.4
32 HEWS PARADE BELROSE,BELROSE,NSW,2085,28,1998,62.4
CARCOOLA ROAD ST IVES,ST IVES,NSW,2075,28,1998,62.4
36 SUN VALLEY ROAD SUN VALLEY,SUN VALLEY,NSW,2777,28,1998,62.4
3 LALANDA CLOSE CRANEBROOK,CRANEBROOK,NSW,2749,28,1998,62.4
23 AVON ROAD PYMBLE,PYMBLE,NSW,2073,28,1998,62.4
20 NELSON STREET GORDON,GORDON,NSW,2072,21,2005,62.4
14 JUPITER ROAD KELLYVILLE,KELLYVILLE,NSW,2155,28,1998,62.4
48 STEPHEN STREET HORNSBY,HORNSBY,NSW,2077,28,1998,62.4
15 PALMERSTON ROAD WAITARA,WAITARA,NSW,2077,28,1998,62.4
2 VAUGHAN PLACE MIDDLE DURAL,MIDDLE DURAL,NSW,2158,28,1998,62.4
429 THE BOULEVARDE KIRRAWEE,KIRRAWEE,NSW,2232,28,1998,62.3
28-30 DWYER STREET GYMEA,GYMEA,NSW,2227,28,1998,62.3
23-27 WARATAH STREET KIRRAWEE,KIRRAWEE,NSW,2232,28,1998,62.3
600 KINGSWAY MIRANDA,MIRANDA,NSW,2228,28,1998,62.3
44 EORA STREET BARDIA,BARDIA,NSW,2565,28,1998,62.3
7 POLO STREET KURNELL,KURNELL,NSW,2231,28,1998,62.3
19 ENTERPRISE CIRCUIT PRESTONS,PRESTONS,NSW,2170,28,1998,62.3
373A AVOCA STREET RANDWICK,RANDWICK,NSW,2031,28,1998,62.3
3-7 MCPHERSON STREET BANKSMEADOW,BANKSMEADOW,NSW,2019,28,1998,62.3
29 MANDOLONG STREET BONNYRIGG HEIGHTS,BONNYRIGG HEIGHTS,NSW,2177,28,1998,62.3
179 ALBERT ROAD STRATHFIELD,STRATHFIELD,NSW,2135,28,1998,62.3
3B-5 BYER STREET ENFIELD,ENFIELD,NSW,2136,28,1998,62.3
18 COONONG ROAD CONCORD WEST,CONCORD WEST,NSW,2138,21,2005,62.3
24E PARK ROAD BURWOOD,BURWOOD,NSW,2134,28,1998,62.3
545 OLD SOUTH HEAD ROAD ROSE BAY,ROSE BAY,NSW,2029,28,1998,62.3
9 REINA STREET NORTH BONDI,NORTH BONDI,NSW,2026,28,1998,62.3
14 BRADLEY AVENUE BELLEVUE HILL,BELLEVUE HILL,NSW,2023,28,1998,62.3
14 SIRIUS AVENUE MOSMAN,MOSMAN,NSW,2088,28,1998,62.3
5 PRINCE ALBERT STREET MOSMAN,MOSMAN,NSW,2088,28,1998,62.3
6/174 RAGLAN STREET MOSMAN,MOSMAN,NSW,2088,28,1998,62.3
13 EVERVIEW AVENUE MOSMAN,MOSMAN,NSW,2088,21,2005,62.3
11 TALUS STREET NAREMBURN,NAREMBURN,NSW,2065,21,2005,62.3
4 PROSPECT AVENUE CREMORNE,CREMORNE,NSW,2090,21,2005,62.3
147 HIGH STREET WILLOUGHBY EAST,WILLOUGHBY EAST,NSW,2068,21,2005,62.3
41 MATTHEW CRESCENT BLACKTOWN,BLACKTOWN,NSW,2148,28,1998,62.3
538-550 RICHMOND ROAD GLENDENNING,GLENDENNING,NSW,2761,28,1998,62.3
29 MARSHALL STREET MANLY,MANLY,NSW,2095,28,1998,62.3
6 YALE STREET EPPING,EPPING,NSW,2121,21,2005,62.3
1 WILLOW CLOSE EPPING,EPPING,NSW,2121,21,2005,62.3
13/50 SHEPHERDS DRIVE CHERRYBROOK,CHERRYBROOK,NSW,2126,28,1998,62.3
19 LOFTUS ROAD PENNANT HILLS,PENNANT HILLS,NSW,2120,28,1998,62.3
35 JANET AVENUE THORNLEIGH,THORNLEIGH,NSW,2120,28,1998,62.3
3 NEW FARM ROAD WEST PENNANT HILLS,WEST PENNANT HILLS,NSW,2125,28,1998,62.3
106 BELLAMY STREET PENNANT HILLS,PENNANT HILLS,NSW,2120,28,1998,62.3
36 DAVID ROAD CASTLE HILL,CASTLE HILL,NSW,2154,28,1998,62.3
12 SHEPHERDS DRIVE CHERRYBROOK,CHERRYBROOK,NSW,2126,28,1998,62.3
1A DOULTON DRIVE CHERRYBROOK,CHERRYBROOK,NSW,2126,28,1998,62.3
523 PITTWATER ROAD BROOKVALE,BROOKVALE,NSW,2100,28,1998,62.3
1 MILLS PLACE BEACON HILL,BEACON HILL,NSW,2100,28,1998,62.3
45 AYRES ROAD ST IVES,ST IVES,NSW,2075,28,1998,62.3
10 ST GEORGES CRESCENT FAULCONBRIDGE,FAULCONBRIDGE,NSW,2776,28,1998,62.3
113 SUN VALLEY ROAD SUN VALLEY,SUN VALLEY,NSW,2777,28,1998,62.3
42-44 GRAYS LANE CRANEBROOK,CRANEBROOK,NSW,2749,28,1998,62.3
110-111 LINDEN CRESCENT CRANEBROOK,CRANEBROOK,NSW,2749,28,1998,62.3
CANOON ROAD SOUTH TURRAMURRA,SOUTH TURRAMURRA,NSW,2074,28,1998,62.3
50 CATALPA CRESCENT TURRAMURRA,TURRAMURRA,NSW,2074,28,1998,62.3
147 GLENHAVEN ROAD GLENHAVEN,GLENHAVEN,NSW,2156,28,1998,62.3
49 PURCHASE ROAD CHERRYBROOK,CHERRYBROOK,NSW,2126,28,1998,62.3
386 OLD NORTHERN ROAD CASTLE HILL,CASTLE HILL,NSW,2154,28,1998,62.3
34 INGALARA AVENUE WAHROONGA,WAHROONGA,NSW,2076,28,1998,62.3
1825 PITTWATER ROAD BAYVIEW,BAYVIEW,NSW,2104,28,1998,62.3
2 ALAMEDA WAY WARRIEWOOD,WARRIEWOOD,NSW,2102,28,1998,62.3
2 BEARD PLACE GLENORIE,GLENORIE,NSW,2157,28,1998,62.3
34 BANGOR ROAD MIDDLE DURAL,MIDDLE DURAL,NSW,2158,28,1998,62.3
4 ROCK BATH ROAD PALM BEACH,PALM BEACH,NSW,2108,28,1998,62.3
32A WOLLOMBI ROAD NEWPORT,NEWPORT,NSW,2106,28,1998,62.3
11 MITCHELL AVENUE JANNALI,JANNALI,NSW,2226,28,1998,62.2
55 KING STREET CANTERBURY,CANTERBURY,NSW,2193,28,1998,62.2
1 WEEROONA ROAD STRATHFIELD,STRATHFIELD,NSW,2135,28,1998,62.2
92A ALBYN ROAD STRATHFIELD,STRATHFIELD,NSW,2135,21,2005,62.2
32 EMU STREET STRATHFIELD,STRATHFIELD,NSW,2135,28,1998,62.2
58-60 HOMEBUSH ROAD STRATHFIELD,STRATHFIELD,NSW,2135,28,1998,62.2
95-103 ALBERT ROAD STRATHFIELD,STRATHFIELD,NSW,2135,28,1998,62.2
LIVERPOOL ROAD STRATHFIELD,STRATHFIELD,NSW,2135,28,1998,62.2
24 MYRNA ROAD STRATHFIELD,STRATHFIELD,NSW,2135,28,1998,62.2
143 HOMEBUSH ROAD STRATHFIELD,STRATHFIELD,NSW,2135,28,1998,62.2
21 WUNULLA ROAD POINT PIPER,POINT PIPER,NSW,2027,28,1998,62.2
17 O'DONNELL STREET NORTH BONDI,NORTH BONDI,NSW,2026,28,1998,62.2
6 NANCY STREET NORTH BONDI,NORTH BONDI,NSW,2026,28,1998,62.2
94 HOLDSWORTH STREET WOOLLAHRA,WOOLLAHRA,NSW,2025,28,1998,62.2
32 ILUKA ROAD MOSMAN,MOSMAN,NSW,2088,28,1998,62.2
4 ORIRI AVENUE GLENMORE PARK,GLENMORE PARK,NSW,2745,21,2005,62.2
1A HILLSIDE CRESCENT EPPING,EPPING,NSW,2121,21,2005,62.2
267 MILLER STREET NORTH SYDNEY,NORTH SYDNEY,NSW,2060,21,2005,62.2
2 BOURMAC AVENUE NORTHBRIDGE,NORTHBRIDGE,NSW,2063,21,2005,62.2
6 ROCKLANDS ROAD WOLLSTONECRAFT,WOLLSTONECRAFT,NSW,2065,21,2005,62.2
31 OAKES AVENUE EASTWOOD,EASTWOOD,NSW,2122,21,2005,62.2
58 CASTLEREAGH STREET PENRITH,PENRITH,NSW,2750,28,1998,62.2
19 KNAPSACK STREET GLENBROOK,GLENBROOK,NSW,2773,28,1998,62.2
ARUNDELL STREET DHARRUK,DHARRUK,NSW,2770,28,1998,62.2
10-12 WOODS PARADE FAIRLIGHT,FAIRLIGHT,NSW,2094,28,1998,62.2
24 CHESTERFIELD ROAD EPPING,EPPING,NSW,2121,21,2005,62.2
1 HILLSIDE CRESCENT EPPING,EPPING,NSW,2121,21,2005,62.2
19-23 CARLINGFORD ROAD EPPING,EPPING,NSW,2121,21,2005,62.2
9 PLYMPTON ROAD CARLINGFORD,CARLINGFORD,NSW,2118,21,2005,62.2
88-94 BELLAMY STREET PENNANT HILLS,PENNANT HILLS,NSW,2120,28,1998,62.2
43 CHELTENHAM ROAD CHELTENHAM,CHELTENHAM,NSW,2119,21,2005,62.2
36 SUTHERLAND ROAD BEECROFT,BEECROFT,NSW,2119,28,1998,62.2
14 JOHN SAVAGE CRESCENT WEST PENNANT HILLS,WEST PENNANT HILLS,NSW,2125,28,1998,62.2
5 BISHOP AVENUE WEST PENNANT HILLS,WEST PENNANT HILLS,NSW,2125,28,1998,62.2
3 JANICE PLACE CHERRYBROOK,CHERRYBROOK,NSW,2126,28,1998,62.2
6 LYONS PLACE CHERRYBROOK,CHERRYBROOK,NSW,2126,28,1998,62.2
78 KENILWORTH CRESCENT CRANEBROOK,CRANEBROOK,NSW,2749,28,1998,62.2
2 CELESTIAL PLACE CRANEBROOK,CRANEBROOK,NSW,2749,28,1998,62.2
42 PALACE STREET STANHOPE GARDENS,,NSW,,28,1998,62.2
32 WILDROSE STREET KELLYVILLE,KELLYVILLE,NSW,2155,28,1998,62.2
1 KAFFIR CLOSE CHERRYBROOK,CHERRYBROOK,NSW,2126,28,1998,62.2
18 BEECHWOOD PARADE CHERRYBROOK,CHERRYBROOK,NSW,2126,28,1998,62.2
53A APPLETREE DRIVE CHERRYBROOK,CHERRYBROOK,NSW,2126,28,1998,62.2
RALEIGH CRESCENT ST IVES CHASE,ST IVES CHASE,NSW,2075,28,1998,62.2
634 OLD NORTHERN ROAD DURAL,DURAL,NSW,2158,21,2005,62.2
121-133 PACIFIC HIGHWAY HORNSBY,HORNSBY,NSW,2077,28,1998,62.2
2B BURNS ROAD WAHROONGA,WAHROONGA,NSW,2076,28,1998,62.2
80-96 PACIFIC HIGHWAY WAITARA,WAITARA,NSW,2077,28,1998,62.2
28 ILYA AVENUE BAYVIEW,BAYVIEW,NSW,2104,28,1998,62.2
49 YAMBA ROAD COMO,COMO,NSW,2226,28,1998,62.1
18 CARTER ROAD MENAI,MENAI,NSW,2234,28,1998,62.1
1066 CANTERBURY ROAD ROSELANDS,ROSELANDS,NSW,2196,28,1998,62.1
3R HENNING AVENUE SOUTH COOGEE,SOUTH COOGEE,NSW,2034,28,1998,62.1
16 JESMOND AVENUE DULWICH HILL,DULWICH HILL,NSW,2203,28,1998,62.1
1 HENRY STREET STRATHFIELD,STRATHFIELD,NSW,2135,28,1998,62.1
31 OXFORD ROAD STRATHFIELD,STRATHFIELD,NSW,2135,28,1998,62.1
24 CONSETT STREET CONCORD WEST,CONCORD WEST,NSW,2138,21,2005,62.1
14/27 ALT STREET ASHFIELD,ASHFIELD,NSW,2131,28,1998,62.1
6 ROE STREET NORTH BONDI,NORTH BONDI,NSW,2026,28,1998,62.1
45 CRANBROOK ROAD BELLEVUE HILL,BELLEVUE HILL,NSW,2023,28,1998,62.1
6 WEST CRESCENT STREET MCMAHONS POINT,MCMAHONS POINT,NSW,2060,21,2005,62.1
80-88 FAIRLIGHT ROAD MULGOA,MULGOA,NSW,2745,28,1998,62.1
141 BRADLEY STREET GLENMORE PARK,GLENMORE PARK,NSW,2745,28,1998,62.1
2 FIFTH AVENUE CREMORNE,CREMORNE,NSW,2090,21,2005,62.1
21 STANLEY AVENUE MOSMAN,MOSMAN,NSW,2088,28,1998,62.1
9 THOMPSON STREET MOSMAN,MOSMAN,NSW,2088,28,1998,62.1
2/59 NANCY STREET NORTH BONDI,NORTH BONDI,NSW,2026,28,1998,62.1
20 THIRD AVENUE WILLOUGHBY EAST,WILLOUGHBY EAST,NSW,2068,21,2005,62.1
18 LINLEY WAY RYDE,RYDE,NSW,2112,21,2005,62.1
479 RICHMOND ROAD QUAKERS HILL,QUAKERS HILL,NSW,2763,28,1998,62.1
173 MURRAY FARM ROAD BEECROFT,BEECROFT,NSW,2119,21,2005,62.1
4 BRIGG ROAD EPPING,EPPING,NSW,2121,21,2005,62.1
9 ABUKLEA ROAD EPPING,EPPING,NSW,2121,21,2005,62.1
51 MACQUARIE DRIVE CHERRYBROOK,CHERRYBROOK,NSW,2126,28,1998,62.1
24 BRUSHFORD AVENUE CASTLE HILL,CASTLE HILL,NSW,2154,28,1998,62.1
27 MCCUSKER CRESCENT CHERRYBROOK,CHERRYBROOK,NSW,2126,28,1998,62.1
51 PARNI PLACE FRENCHS FOREST,FRENCHS FOREST,NSW,2086,28,1998,62.1
17 FOVEAUX PLACE CROMER,CROMER,NSW,2099,28,1998,62.1
ST GEORGES CRESCENT KARIWOGA,KARIWOGA,NSW,,28,1998,62.1
40 DAVESTA ROAD SPRINGWOOD,SPRINGWOOD,NSW,2777,28,1998,62.1
60 WEEMALA AVENUE LINDEN,LINDEN,NSW,2778,28,1998,62.1
95 RIDGEWAY CRESCENT SUN VALLEY,SUN VALLEY,NSW,2777,28,1998,62.1
61 AVON ROAD PYMBLE,PYMBLE,NSW,2073,28,1998,62.1
11-19 SURVEYOR ABBOT DRIVE GLENBROOK,GLENBROOK,NSW,2773,28,1998,62.1
7 MINORCA AVENUE KELLYVILLE,KELLYVILLE,NSW,2155,21,2005,62.1
43 MERRIVILLE ROAD KELLYVILLE RIDGE,KELLYVILLE RIDGE,NSW,2155,21,2005,62.1
20 HAWTHORN PLACE CHERRYBROOK,CHERRYBROOK,NSW,2126,21,2005,62.1
43 ELANORA ROAD ELANORA HEIGHTS,ELANORA HEIGHTS,NSW,2101,28,1998,62.1
50 BALMORAL STREET WAITARA,WAITARA,NSW,2077,28,1998,62.1
1 OLEANDER ROAD WAHROONGA,WAHROONGA,NSW,2076,28,1998,62.1
24 MCAULEY PLACE WAITARA,WAITARA,NSW,2077,28,1998,62.1
COONANBARRA ROAD NORTH WAHROONGA,NORTH WAHROONGA,NSW,2076,28,1998,62.1
12 HAFEY ROAD KENTHURST,KENTHURST,NSW,2156,28,1998,62.1
32 VENETTA ROAD GLENORIE,GLENORIE,NSW,2157,28,1998,62.1
31 AMAROO STREET SYLVANIA,SYLVANIA,NSW,2224,28,1998,62.0
145 LETITIA STREET OATLEY,OATLEY,NSW,2223,28,1998,62.0
15 STRZLECKI DRIVE HORNINGSEA PARK,HORNINGSEA PARK,NSW,2171,28,1998,62.0
47-55 BUNNERONG ROAD KINGSFORD,KINGSFORD,NSW,2032,28,1998,62.0
1 GRANDSTAND PARADE ZETLAND,ZETLAND,NSW,2017,28,1998,62.0
125 BAXTER ROAD MASCOT,MASCOT,NSW,2020,28,1998,62.0
10 IBEX STREET EARLWOOD,EARLWOOD,NSW,2206,28,1998,62.0
5 MINTARO AVENUE STRATHFIELD,STRATHFIELD,NSW,2135,28,1998,62.0
9 WOODWARD AVENUE STRATHFIELD,STRATHFIELD,NSW,2135,28,1998,62.0
30 GELLING AVENUE STRATHFIELD,STRATHFIELD,NSW,2135,28,1998,62.0
33 MYEE AVENUE STRATHFIELD,STRATHFIELD,NSW,2135,28,1998,62.0
50 OXFORD ROAD STRATHFIELD,STRATHFIELD,NSW,2135,28,1998,62.0
36 OXFORD ROAD STRATHFIELD,STRATHFIELD,NSW,2135,28,1998,62.0
18 WEEROONA AVENUE WOOLLAHRA,WOOLLAHRA,NSW,2025,28,1998,62.0
36 MURRIVERIE ROAD NORTH BONDI,NORTH BONDI,NSW,2026,28,1998,62.0
9 BERESFORD CRESCENT BELLEVUE HILL,BELLEVUE HILL,NSW,2023,28,1998,62.0
60 FAIRFAX ROAD BELLEVUE HILL,BELLEVUE HILL,NSW,2023,28,1998,62.0
10 BURRAWONG AVENUE MOSMAN,MOSMAN,NSW,2088,28,1998,62.0
141 WALKER STREET NORTH SYDNEY,NORTH SYDNEY,NSW,2060,21,2005,62.0
77 BEATTY PARADE GEORGES HALL,GEORGES HALL,NSW,2198,28,1998,62.0
71 DEERUBBIN DRIVE GLENMORE PARK,GLENMORE PARK,NSW,2745,28,1998,62.0
14 AUTUMNLEAF PARADE ST CLAIR,ST CLAIR,NSW,2759,28,1998,62.0
53 LAKESIDE ROAD EASTWOOD,EASTWOOD,NSW,2122,21,2005,62.0
46 BURRAWONG AVENUE MOSMAN,MOSMAN,NSW,2088,28,1998,62.0
719 MILITARY ROAD MOSMAN,MOSMAN,NSW,2088,28,1998,62.0
78 BROWN STREET PENRITH,PENRITH,NSW,2750,28,1998,62.0
169 MIDSON ROAD EPPING,EPPING,NSW,2121,21,2005,62.0
74 KENT STREET EPPING,EPPING,NSW,2121,21,2005,62.0
56A EASTWOOD AVENUE EASTWOOD,EASTWOOD,NSW,2122,21,2005,62.0
19 PENROSE AVENUE CHERRYBROOK,CHERRYBROOK,NSW,2126,28,1998,62.0
77-81 FRANKLIN ROAD CHERRYBROOK,CHERRYBROOK,NSW,2126,28,1998,62.0
32X AUSTRAL AVENUE BEECROFT,BEECROFT,NSW,2119,28,1998,62.0
10 HOWARD PLACE CASTLE HILL,CASTLE HILL,NSW,2154,28,1998,62.0
142A OLD CASTLE HILL ROAD CASTLE HILL,CASTLE HILL,NSW,2154,28,1998,62.0
33 WINCHCOMBE PLACE CASTLE HILL,CASTLE HILL,NSW,2154,28,1998,62.0
51 PIONEER PLACE CASTLE HILL,CASTLE HILL,NSW,2154,28,1998,62.0
314 MONA VALE ROAD ST IVES,ST IVES,NSW,2075,28,1998,62.0
783 GREAT WESTERN HIGHWAY LINDEN,LINDEN,NSW,2778,28,1998,62.0
11 MONTAGUE DRIVE JORDAN SPRINGS,JORDAN SPRINGS,NSW,2747,28,1998,62.0
33 ROSEDALE ROAD GORDON,GORDON,NSW,2072,28,1998,62.0
4 BURGOYNE STREET GORDON,GORDON,NSW,2072,28,1998,62.0
94 YARRABUNG ROAD ST IVES,ST IVES,NSW,2075,28,1998,62.0
98 BRAMPTON DRIVE BEAUMONT HILLS,BEAUMONT HILLS,NSW,2155,28,1998,62.0
222/301 GALSTON ROAD GALSTON,GALSTON,NSW,2159,28,1998,62.0
15 RIDGEWOOD PLACE DURAL,DURAL,NSW,2158,28,1998,62.0
210 BOBBIN HEAD ROAD NORTH TURRAMURRA,NORTH TURRAMURRA,NSW,2074,28,1998,62.0
35 BURNS ROAD WAHROONGA,WAHROONGA,NSW,2076,28,1998,62.0
2 ANIMBO STREET MIRANDA,MIRANDA,NSW,2228,28,1998,61.9
WILLS ROAD LONG POINT,LONG POINT,NSW,2564,28,1998,61.9
217 BRANSGROVE ROAD PANANIA,PANANIA,NSW,2213,28,1998,61.9
298 AVOCA STREET RANDWICK,RANDWICK,NSW,2031,28,1998,61.9
30 MAY STREET ST PETERS,ST PETERS,NSW,2044,21,2005,61.9
72 HAMPTON STREET CROYDON PARK,CROYDON PARK,NSW,2133,28,1998,61.9
113-119 PROSPECT ROAD SUMMER HILL,SUMMER HILL,NSW,2130,28,1998,61.9
90-98 THE BOULEVARDE STRATHFIELD,STRATHFIELD,NSW,2135,28,1998,61.9
2 EAST STREET ROOKWOOD,ROOKWOOD,NSW,2141,28,1998,61.9
2-36 WEEROONA ROAD STRATHFIELD,STRATHFIELD,NSW,2135,28,1998,61.9
38-50 WEEROONA ROAD STRATHFIELD,STRATHFIELD,NSW,2135,28,1998,61.9
DICKSON STREET STRATHFIELD,STRATHFIELD,NSW,2135,28,1998,61.9
ADA AVENUE STRATHFIELD,STRATHFIELD,NSW,2135,28,1998,61.9
84 CENTENARY DRIVE STRATHFIELD,STRATHFIELD,NSW,2135,28,1998,61.9
2 MERLEY ROAD STRATHFIELD,STRATHFIELD,NSW,2135,28,1998,61.9
56 HUNTER STREET STRATHFIELD,STRATHFIELD,NSW,2135,28,1998,61.9
17 BEAUMARIS STREET ENFIELD,ENFIELD,NSW,2136,28,1998,61.9
115-127 THE BOULEVARDE STRATHFIELD,STRATHFIELD,NSW,2135,28,1998,61.9
1 BATES STREET STRATHFIELD,STRATHFIELD,NSW,2135,28,1998,61.9
589 LIVERPOOL ROAD STRATHFIELD,STRATHFIELD,NSW,2135,28,1998,61.9
30 MACNAMARA AVENUE CONCORD,CONCORD,NSW,2137,21,2005,61.9
89 PIGOTT STREET DULWICH HILL,DULWICH HILL,NSW,2203,28,1998,61.9
21 VICTORIA SQUARE ASHFIELD,ASHFIELD,NSW,2131,28,1998,61.9
81 ORPINGTON STREET ASHFIELD,ASHFIELD,NSW,2131,28,1998,61.9
1 SPAINS WHARF ROAD KURRABA POINT,KURRABA POINT,NSW,2089,21,2005,61.9
16 PRINCE ALBERT STREET MOSMAN,MOSMAN,NSW,2088,28,1998,61.9
110 ELIZABETH STREET SYDNEY,SYDNEY,NSW,2000,28,1998,61.9
56A TERRY ROAD EASTWOOD,EASTWOOD,NSW,2122,21,2005,61.9
131-135 YOUNG STREET CREMORNE,CREMORNE,NSW,2090,21,2005,61.9
174 PACIFIC HIGHWAY ROSEVILLE,ROSEVILLE,NSW,2069,21,2005,61.9
366 JAMISON ROAD JAMISONTOWN,JAMISONTOWN,NSW,2750,28,1998,61.9
100-104 NEPEAN AVENUE PENRITH,PENRITH,NSW,2750,28,1998,61.9
67 DIXON ROAD BLAXLAND,BLAXLAND,NSW,2774,28,1998,61.9
21 WARRINGTON AVENUE EPPING,EPPING,NSW,2121,21,2005,61.9
20 AVONLEA DRIVE CARLINGFORD,CARLINGFORD,NSW,2118,21,2005,61.9
10 GARLAND AVENUE EPPING,EPPING,NSW,2121,21,2005,61.9
24 HILLSIDE CRESCENT EPPING,EPPING,NSW,2121,21,2005,61.9
61 GRIGG AVENUE NORTH EPPING,NORTH EPPING,NSW,2121,21,2005,61.9
22 OLD BEECROFT ROAD CHELTENHAM,CHELTENHAM,NSW,2119,21,2005,61.9
15/2 KITCHENER ROAD CHERRYBROOK,CHERRYBROOK,NSW,2126,28,1998,61.9
50 CEDARWOOD DRIVE CHERRYBROOK,CHERRYBROOK,NSW,2126,28,1998,61.9
240-242 PENNANT HILLS ROAD THORNLEIGH,THORNLEIGH,NSW,2120,28,1998,61.9
49-73 CRANE ROAD CASTLE HILL,CASTLE HILL,NSW,2154,28,1998,61.9
4 MAHOGANY CLOSE GLENWOOD,GLENWOOD,NSW,2768,28,1998,61.9
OXFORD FALLS ROAD OXFORD FALLS,OXFORD FALLS,NSW,2100,28,1998,61.9
4 NORTHCOTT ROAD CROMER,CROMER,NSW,2099,28,1998,61.9
WAROON ROAD CROMER,CROMER,NSW,2099,28,1998,61.9
92 BEECHWORTH ROAD PYMBLE,PYMBLE,NSW,2073,28,1998,61.9
2 WARRAGAL ROAD PYMBLE,PYMBLE,NSW,2073,28,1998,61.9
939A PACIFIC HIGHWAY PYMBLE,PYMBLE,NSW,2073,28,1998,61.9
10 TAYLOR STREET GORDON,GORDON,NSW,2072,28,1998,61.9
100 GARFIELD ROAD EAST RIVERSTONE,EAST RIVERSTONE,NSW,,28,1998,61.9
4 POLLIFRONE STREET KELLYVILLE RIDGE,KELLYVILLE RIDGE,NSW,2155,28,1998,61.9
419-423 SINGLES RIDGE ROAD YELLOW ROCK,YELLOW ROCK,NSW,2777,28,1998,61.9
53-61 PRETORIA PARADE HORNSBY,HORNSBY,NSW,2077,28,1998,61.9
CULLAMINE ROAD DUFFYS FOREST,DUFFYS FOREST,NSW,2084,28,1998,61.9
177 MALLAWA ROAD DUFFYS FOREST,DUFFYS FOREST,NSW,2084,28,1998,61.9
5-7 KILLAWARRA ROAD DUFFYS FOREST,DUFFYS FOREST,NSW,2084,28,1998,61.9
7 ANEMBO ROAD DUFFYS FOREST,DUFFYS FOREST,NSW,2084,28,1998,61.9
6 BIBBENLUKE AVENUE DUFFYS FOREST,DUFFYS FOREST,NSW,2084,28,1998,61.9
145 BOORALIE ROAD DUFFYS FOREST,DUFFYS FOREST,NSW,2084,28,1998,61.9
TOOLANG ROAD ST IVES,ST IVES,NSW,2075,28,1998,61.9
579 OLD NORTHERN ROAD GLENHAVEN,GLENHAVEN,NSW,2156,28,1998,61.9
316 MONA VALE ROAD TERREY HILLS,TERREY HILLS,NSW,2084,28,1998,61.9
3 BARKALA ROAD BAYVIEW,BAYVIEW,NSW,2104,28,1998,61.9
8 ROUGHLEY ROAD KENTHURST,KENTHURST,NSW,2156,28,1998,61.9
PATONGA DRIVE PATONGA,PATONGA,NSW,2256,28,1998,61.9
7 ENTERPRISE CIRCUIT PRESTONS,PRESTONS,NSW,2170,28,1998,61.8
190 KING GEORGES ROAD ROSELANDS,ROSELANDS,NSW,2196,28,1998,61.8
45 MERMAID AVENUE MAROUBRA,MAROUBRA,NSW,2035,28,1998,61.8
13A SCHOFIELD AVENUE EARLWOOD,EARLWOOD,NSW,2206,28,1998,61.8
SLADE ROAD BARDWELL PARK,BARDWELL PARK,NSW,2207,28,1998,61.8
8-10 VICTORIA STREET STRATHFIELD,STRATHFIELD,NSW,2135,28,1998,61.8
160 WENTWORTH ROAD BURWOOD,BURWOOD,NSW,2134,28,1998,61.8
16 SUNBEAM AVENUE BURWOOD,BURWOOD,NSW,2134,28,1998,61.8
99 BARKER ROAD STRATHFIELD,STRATHFIELD,NSW,2135,28,1998,61.8
28 WOODSIDE AVENUE STRATHFIELD,STRATHFIELD,NSW,2135,28,1998,61.8
37 COCKTHORPE ROAD AUBURN,AUBURN,NSW,2144,21,2005,61.8
28 LOFTUS STREET ASHFIELD,ASHFIELD,NSW,2131,28,1998,61.8
3/63 VICTORIA ROAD BELLEVUE HILL,BELLEVUE HILL,NSW,2023,28,1998,61.8
9 NANCY STREET NORTH BONDI,NORTH BONDI,NSW,2026,28,1998,61.8
150 HOPETOUN AVENUE VAUCLUSE,VAUCLUSE,NSW,2030,28,1998,61.8
85 O'CONNOR STREET CHIPPENDALE,CHIPPENDALE,NSW,2008,28,1998,61.8
66 CLONTARF STREET SEAFORTH,SEAFORTH,NSW,2092,28,1998,61.8
26 BRADLEYS HEAD ROAD MOSMAN,MOSMAN,NSW,2088,28,1998,61.8
103-109 LAYCOCK STREET CRANEBROOK,CRANEBROOK,NSW,2749,28,1998,61.8
27 CAMELOT DRIVE CRANEBROOK,CRANEBROOK,NSW,2749,28,1998,61.8
55 FRANCIS GREENWAY DRIVE CHERRYBROOK,CHERRYBROOK,NSW,2126,28,1998,61.8
39 STAR CRESCENT WEST PENNANT HILLS,WEST PENNANT HILLS,NSW,2125,28,1998,61.8
10 CASSIA GROVE BEECROFT,BEECROFT,NSW,2119,28,1998,61.8
25 MORGAN STREET THORNLEIGH,THORNLEIGH,NSW,2120,28,1998,61.8
68 CHURCH STREET CASTLE HILL,CASTLE HILL,NSW,2154,28,1998,61.8
6 STONEMASON COURT CASTLE HILL,CASTLE HILL,NSW,2154,28,1998,61.8
16 ROSLYN PLACE CHERRYBROOK,CHERRYBROOK,NSW,2126,28,1998,61.8
28 DALKEITH ROAD CHERRYBROOK,CHERRYBROOK,NSW,2126,28,1998,61.8
28 DAN CRESCENT CASTLE HILL,CASTLE HILL,NSW,2154,28,1998,61.8
75 TORONTO AVENUE CROMER,CROMER,NSW,2099,28,1998,61.8
16 THUROONG PLACE CRANEBROOK,CRANEBROOK,NSW,2749,28,1998,61.8
2-6 GRAYS LANE CRANEBROOK,CRANEBROOK,NSW,2749,28,1998,61.8
4 THUROONG PLACE CRANEBROOK,CRANEBROOK,NSW,2749,28,1998,61.8
20-24 BUSACO ROAD MARSFIELD,MARSFIELD,NSW,2122,28,1998,61.8
18 HORIZONS PLACE KELLYVILLE,KELLYVILLE,NSW,2155,28,1998,61.8
31 DRUMMOND ROAD BEAUMONT HILLS,BEAUMONT HILLS,NSW,2155,28,1998,61.8
47-49 ALEXANDRIA PARADE WAITARA,WAITARA,NSW,2077,28,1998,61.8
7 HAWKRIDGE PLACE DURAL,DURAL,NSW,2158,28,1998,61.8
28 THE GREENWAY DUFFYS FOREST,FOREST,NSW,,28,1998,61.8
12 ANGORRA ROAD TERREY HILLS,TERREY HILLS,NSW,2084,28,1998,61.8
32 CLISSOLD ROAD WAHROONGA,WAHROONGA,NSW,2076,28,1998,61.8
11A KOORANGI AVENUE ELANORA HEIGHTS,ELANORA HEIGHTS,NSW,2101,28,1998,61.8
8 COOK STREET SUTHERLAND,SUTHERLAND,NSW,2232,28,1998,61.7
34 KINGSBURY ROAD EDMONDSON PARK,EDMONDSON PARK,NSW,2174,28,1998,61.7
30 FORTUNATO STREET PRESTONS,PRESTONS,NSW,2170,28,1998,61.7
83 THE BOULEVARDE STRATHFIELD,STRATHFIELD,NSW,2135,28,1998,61.7
32 LONG STREET STRATHFIELD,STRATHFIELD,NSW,2135,28,1998,61.7
23 MERLEY ROAD STRATHFIELD,STRATHFIELD,NSW,2135,28,1998,61.7
45 WAKEFORD ROAD STRATHFIELD,STRATHFIELD,NSW,2135,28,1998,61.7
20 CARRINGTON AVENUE STRATHFIELD,STRATHFIELD,NSW,2135,28,1998,61.7
55 BARKER ROAD STRATHFIELD,STRATHFIELD,NSW,2135,28,1998,61.7
122 BARKER ROAD STRATHFIELD,STRATHFIELD,NSW,2135,28,1998,61.7
139 HOMEBUSH ROAD STRATHFIELD,STRATHFIELD,NSW,2135,28,1998,61.7
47 REDMYRE ROAD STRATHFIELD,STRATHFIELD,NSW,2135,28,1998,61.7
15-17 WAKEFORD ROAD STRATHFIELD,STRATHFIELD,NSW,2135,28,1998,61.7
49 BLAKE STREET DOVER HEIGHTS,DOVER HEIGHTS,NSW,2030,28,1998,61.7
14 NORTHCOTE STREET ROSE BAY,ROSE BAY,NSW,2029,28,1998,61.7
8 DUDLEY ROAD ROSE BAY,ROSE BAY,NSW,2029,28,1998,61.7
220 MILITARY ROAD DOVER HEIGHTS,DOVER HEIGHTS,NSW,2030,28,1998,61.7
19 HARRIETTE STREET NEUTRAL BAY,NEUTRAL BAY,NSW,2089,21,2005,61.7
74 EAST PARADE DENISTONE,DENISTONE,NSW,2114,21,2005,61.7
73 CLANALPINE STREET MOSMAN,MOSMAN,NSW,2088,28,1998,61.7
7 RUBY STREET MOSMAN,MOSMAN,NSW,2088,28,1998,61.7
11 MCLAREN STREET NORTH SYDNEY,NORTH SYDNEY,NSW,2060,21,2005,61.7
6-8 GREENDALE STREET GREENWICH,GREENWICH,NSW,2065,21,2005,61.7
2 FORSYTH STREET WEST RYDE,WEST RYDE,NSW,2114,21,2005,61.7
86 GREENBANK DRIVE WERRINGTON DOWNS,WERRINGTON DOWNS,NSW,2747,28,1998,61.7
12 HUNT STREET GLENBROOK,GLENBROOK,NSW,2773,28,1998,61.7
15 CHESTERFIELD ROAD EPPING,EPPING,NSW,2121,21,2005,61.7
9 THE BOULEVARDE EPPING,EPPING,NSW,2121,21,2005,61.7
CASTLE HOWARD ROAD EPPING,EPPING,NSW,2121,21,2005,61.7
4 HOLDEN AVENUE EPPING,EPPING,NSW,2121,21,2005,61.7
32A CASTLE HOWARD ROAD CHELTENHAM,CHELTENHAM,NSW,2119,21,2005,61.7
74 CARLINGFORD ROAD EPPING,EPPING,NSW,2121,21,2005,61.7
15 MURIEL AVENUE EPPING,EPPING,NSW,2121,21,2005,61.7
7 ILMA STREET MARSFIELD,MARSFIELD,NSW,2122,21,2005,61.7
22 DERBY STREET EPPING,EPPING,NSW,2121,21,2005,61.7
1 BEDFORD ROAD NORTH EPPING,NORTH EPPING,NSW,2121,21,2005,61.7
4 CAVENDISH STREET PENNANT HILLS,PENNANT HILLS,NSW,2120,28,1998,61.7
33 STEVENS STREET PENNANT HILLS,PENNANT HILLS,NSW,2120,28,1998,61.7
4 WYLDWOOD CRESCENT BAULKHAM HILLS,BAULKHAM HILLS,NSW,2153,28,1998,61.7
19 ROWENA PLACE CHERRYBROOK,CHERRYBROOK,NSW,2126,28,1998,61.7
18 BARKLEY CLOSE CHERRYBROOK,CHERRYBROOK,NSW,2126,28,1998,61.7
WAKEHURST PARKWAY FRENCHS FOREST,FRENCHS FOREST,NSW,2086,28,1998,61.7
FITZPATRICK AVENUE WEST FRENCHS FOREST,WEST FRENCHS FOREST,NSW,,28,1998,61.7
64 BANTRY BAY ROAD FRENCHS FOREST,FRENCHS FOREST,NSW,2086,28,1998,61.7
23 BLIGHS ROAD CROMER,CROMER,NSW,2099,28,1998,61.7
8 RICHARD ROAD ST IVES,ST IVES,NSW,2075,28,1998,61.7
60 RAILWAY PARADE WARRIMOO,WARRIMOO,NSW,2774,28,1998,61.7
50 THE CHASE SUN VALLEY,VALLEY,NSW,,28,1998,61.7
14-20 NORMAN LINDSAY CRESCENT FAULCONBRIDGE,FAULCONBRIDGE,NSW,2776,28,1998,61.7
28 NEREID ROAD CRANEBROOK,CRANEBROOK,NSW,2749,28,1998,61.7
KATE STREET TURRAMURRA,TURRAMURRA,NSW,2074,28,1998,61.7
77 BEECHWORTH ROAD PYMBLE,PYMBLE,NSW,2073,21,2005,61.7
77 GREENWOOD ROAD KELLYVILLE,KELLYVILLE,NSW,2155,28,1998,61.7
184 GLENHAVEN ROAD GLENHAVEN,GLENHAVEN,NSW,2156,28,1998,61.7
4 PRAHA PLACE KELLYVILLE,KELLYVILLE,NSW,2155,28,1998,61.7
2 HOYA PLACE CHERRYBROOK,CHERRYBROOK,NSW,2126,28,1998,61.7
12 WINDAM PLACE WESTLEIGH,WESTLEIGH,NSW,2120,28,1998,61.7
51-57 HASTINGS ROAD CASTLE HILL,CASTLE HILL,NSW,2154,28,1998,61.7
10 MOWBRAY CLOSE CASTLE HILL,CASTLE HILL,NSW,2154,28,1998,61.7
8 MURRELL PLACE DURAL,DURAL,NSW,2158,28,1998,61.7
155 GRANDVIEW DRIVE BILGOLA PLATEAU,BILGOLA PLATEAU,NSW,2107,28,1998,61.7
15 ST GEORGES PARADE EARLWOOD,EARLWOOD,NSW,2206,28,1998,61.6
40 MINNA STREET BURWOOD,BURWOOD,NSW,2134,28,1998,61.6
13 VERNON STREET STRATHFIELD,STRATHFIELD,NSW,2135,28,1998,61.6
11 PHILIP STREET BONDI,BONDI,NSW,2026,28,1998,61.6
211 OLD SOUTH HEAD ROAD BONDI,BONDI,NSW,2026,28,1998,61.6
45-47 SPENCER STREET ROSE BAY,ROSE BAY,NSW,2029,28,1998,61.6
47 ROE STREET NORTH BONDI,NORTH BONDI,NSW,2026,28,1998,61.6
99 MURRIVERIE ROAD NORTH BONDI,NORTH BONDI,NSW,2026,28,1998,61.6
33 MURRIVERIE ROAD NORTH BONDI,NORTH BONDI,NSW,2026,28,1998,61.6
7 GILGANDRA ROAD NORTH BONDI,NORTH BONDI,NSW,2026,28,1998,61.6
44 HIGHDALE TERRACE GLENMORE PARK,GLENMORE PARK,NSW,2745,28,1998,61.6
30 BAKER STREET CARLINGFORD,CARLINGFORD,NSW,2118,21,2005,61.6
24 THE GROVE MOSMAN,MOSMAN,NSW,2088,21,2005,61.6
49 CLANALPINE STREET MOSMAN,MOSMAN,NSW,2088,28,1998,61.6
15 WOLSELEY ROAD MOSMAN,MOSMAN,NSW,2088,28,1998,61.6
7 GREENDALE STREET GREENWICH,GREENWICH,NSW,2065,21,2005,61.6
206 FARNHAM ROAD QUAKERS HILL,QUAKERS HILL,NSW,2763,28,1998,61.6
8 CASSAR PLACE OAKHURST,OAKHURST,NSW,2761,28,1998,61.6
18 VICTORIA STREET EPPING,EPPING,NSW,2121,21,2005,61.6
26 HAYWOOD STREET EPPING,EPPING,NSW,2121,21,2005,61.6
30 BENGHAZI ROAD CARLINGFORD,CARLINGFORD,NSW,2118,21,2005,61.6
18 RIDGEVIEW WAY CHERRYBROOK,CHERRYBROOK,NSW,2126,28,1998,61.6
11 CLAREMOUNT PLACE CHERRYBROOK,CHERRYBROOK,NSW,2126,28,1998,61.6
32 GROVER AVENUE CROMER,CROMER,NSW,2099,28,1998,61.6
5 YILKI CLOSE CRANEBROOK,CRANEBROOK,NSW,2749,28,1998,61.6
11-13 FOREST GLEN DRIVE CRANEBROOK,CRANEBROOK,NSW,2749,28,1998,61.6
15 MUNDURRA PLACE KELLYVILLE,KELLYVILLE,NSW,2155,28,1998,61.6
15 TANBARK PLACE DURAL,DURAL,NSW,2158,28,1998,61.6
1/2 MELISSA PLACE CHERRYBROOK,CHERRYBROOK,NSW,2126,28,1998,61.6
90 BOORALIE ROAD TERREY HILLS,TERREY HILLS,NSW,2084,28,1998,61.6
55 BURNS ROAD WAHROONGA,WAHROONGA,NSW,2076,28,1998,61.6
24 WARRABA STREET COMO,COMO,NSW,2226,28,1998,61.5
17 SALISBURY ROAD KENSINGTON,KENSINGTON,NSW,2033,28,1998,61.5
79 SAMUEL TERRY AVENUE KENSINGTON,KENSINGTON,NSW,2033,28,1998,61.5
11 MILROY AVENUE KENSINGTON,KENSINGTON,NSW,2033,28,1998,61.5
302 OLD CANTERBURY ROAD ASHFIELD,ASHFIELD,NSW,2131,28,1998,61.5
2500 SILVERDALE ROAD WALLACIA,WALLACIA,NSW,2745,28,1998,61.5
7 BARKER ROAD STRATHFIELD,STRATHFIELD,NSW,2135,28,1998,61.5
43 MERLEY ROAD STRATHFIELD,STRATHFIELD,NSW,2135,28,1998,61.5
198 HOMEBUSH ROAD STRATHFIELD,STRATHFIELD,NSW,2135,28,1998,61.5
14 BAREENA STREET STRATHFIELD,STRATHFIELD,NSW,2135,28,1998,61.5
43 LONG STREET STRATHFIELD,STRATHFIELD,NSW,2135,28,1998,61.5
51 GIPPS STREET CONCORD,CONCORD,NSW,2137,21,2005,61.5
182 CONCORD ROAD NORTH STRATHFIELD,NORTH STRATHFIELD,NSW,2137,21,2005,61.5
43 PROSPECT ROAD SUMMER HILL,SUMMER HILL,NSW,2130,28,1998,61.5
13 ESPLANADE ELIZABETH BAY,ELIZABETH BAY,NSW,2011,28,1998,61.5
28 WILBERFORCE AVENUE ROSE BAY,ROSE BAY,NSW,2029,28,1998,61.5
53 DOVER ROAD ROSE BAY,ROSE BAY,NSW,2029,28,1998,61.5
20 HUNTER STREET DOVER HEIGHTS,DOVER HEIGHTS,NSW,2030,28,1998,61.5
681 OLD SOUTH HEAD ROAD VAUCLUSE,VAUCLUSE,NSW,2030,28,1998,61.5
46 KAREELA ROAD CREMORNE POINT,CREMORNE POINT,NSW,2090,21,2005,61.5
149-169 KINGS HILL ROAD MULGOA,MULGOA,NSW,2745,28,1998,61.5
5 SHALE HILL DRIVE GLENMORE PARK,GLENMORE PARK,NSW,2745,28,1998,61.5
1097 MIDDLE HEAD ROAD MOSMAN,MOSMAN,NSW,2088,28,1998,61.5
391 MILITARY ROAD MOSMAN,MOSMAN,NSW,2088,21,2005,61.5
12-14 BARDWELL ROAD MOSMAN,MOSMAN,NSW,2088,21,2005,61.5
16 LYONS STREET DOVER HEIGHTS,DOVER HEIGHTS,NSW,2030,28,1998,61.5
46 YODALLA AVENUE EMU PLAINS,EMU PLAINS,NSW,2750,28,1998,61.5
THE RUN WAY BLAXLAND,BLAXLAND,NSW,2774,28,1998,61.5
95 BLAIKIE ROAD JAMISONTOWN,JAMISONTOWN,NSW,2750,28,1998,61.5
LUXFORD ROAD LETHBRIDGE PARK,LETHBRIDGE PARK,NSW,2770,28,1998,61.5
109 VIMIERA ROAD MARSFIELD,MARSFIELD,NSW,2122,21,2005,61.5
8 HIBISCUS PLACE CHERRYBROOK,CHERRYBROOK,NSW,2126,28,1998,61.5
57 MANUKA CIRCLE CHERRYBROOK,CHERRYBROOK,NSW,2126,28,1998,61.5
24 ERLESTOKE PLACE CASTLE HILL,CASTLE HILL,NSW,2154,28,1998,61.5
3 GREYWOOD STREET CHERRYBROOK,CHERRYBROOK,NSW,2126,28,1998,61.5
189 ALLAMBIE ROAD ALLAMBIE HEIGHTS,ALLAMBIE HEIGHTS,NSW,2100,28,1998,61.5
54 NORTHCOTT ROAD CROMER,CROMER,NSW,2099,28,1998,61.5
10B WARRIMOO AVENUE ST IVES,ST IVES,NSW,2075,28,1998,61.5
6 SCOTT PLACE ST IVES,ST IVES,NSW,2075,21,2005,61.5
9 BEDNAL ROAD SPRINGWOOD,SPRINGWOOD,NSW,2777,28,1998,61.5
12 NEREID ROAD CRANEBROOK,CRANEBROOK,NSW,2749,28,1998,61.5
10 MILLCROFT WAY BEAUMONT HILLS,BEAUMONT HILLS,NSW,2155,21,2005,61.5
109 PURCHASE ROAD CHERRYBROOK,CHERRYBROOK,NSW,2126,28,1998,61.5
50 THOMAS WILKINSON AVENUE DURAL,DURAL,NSW,2158,28,1998,61.5
20-34 MITCHELL ROAD CRONULLA,CRONULLA,NSW,2230,28,1998,61.4
9 SVENSDEN PLACE INGLEBURN,INGLEBURN,NSW,2565,28,1998,61.4
1 DAME MARY GILMORE ROAD OATLEY,OATLEY,NSW,2223,28,1998,61.4
373A BUNDOCK STREET RANDWICK,RANDWICK,NSW,2031,28,1998,61.4
CARRINGTON ROAD QUEENS PARK,QUEENS PARK,NSW,2022,28,1998,61.4
5 EARL STREET RANDWICK,RANDWICK,NSW,2031,28,1998,61.4
2-4 BYER STREET ENFIELD,ENFIELD,NSW,2136,28,1998,61.4
2A NEW STREET ASHFIELD,ASHFIELD,NSW,2131,28,1998,61.4
89 BRIGHTON STREET CROYDON PARK,CROYDON PARK,NSW,2133,28,1998,61.4
3 COURTENAY ROAD ROSE BAY,ROSE BAY,NSW,2029,28,1998,61.4
2/62 DOVER ROAD ROSE BAY,ROSE BAY,NSW,2029,28,1998,61.4
15 DOVER ROAD ROSE BAY,ROSE BAY,NSW,2029,28,1998,61.4
17 OCEANVIEW AVENUE DOVER HEIGHTS,DOVER HEIGHTS,NSW,2030,28,1998,61.4
1/17 PLUMER ROAD ROSE BAY,ROSE BAY,NSW,2029,28,1998,61.4
104 MANNING ROAD DOUBLE BAY,DOUBLE BAY,NSW,2028,28,1998,61.4
67 WALLAROY ROAD WOOLLAHRA,WOOLLAHRA,NSW,2025,28,1998,61.4
2/9 BATHURST STREET WOOLLAHRA,WOOLLAHRA,NSW,2025,28,1998,61.4
1 BUNDELUK CRESCENT GLENMORE PARK,GLENMORE PARK,NSW,2745,28,1998,61.4
29 FAIRLIGHT ROAD MULGOA,MULGOA,NSW,2745,28,1998,61.4
9 THOMAS STREET PARRAMATTA,PARRAMATTA,NSW,2150,28,1998,61.4
6 COWDROY AVENUE CAMMERAY,CAMMERAY,NSW,2062,21,2005,61.4
31 WYONG ROAD MOSMAN,MOSMAN,NSW,2088,21,2005,61.4
47 CLANALPINE STREET MOSMAN,MOSMAN,NSW,2088,28,1998,61.4
ANCRUM STREET WAVERTON,WAVERTON,NSW,2060,21,2005,61.4
8 RAEBURN AVENUE CASTLECRAG,CASTLECRAG,NSW,2068,21,2005,61.4
46 THE POINT ROAD WOOLWICH,WOOLWICH,NSW,2110,21,2005,61.4
3 FERRY STREET HUNTERS HILL,HUNTERS HILL,NSW,2110,21,2005,61.4
10 CASTLEREAGH ROAD CASTLEREAGH,CASTLEREAGH,NSW,2749,28,1998,61.4
SIEMENS CRESCENT EMERTON,EMERTON,NSW,2770,28,1998,61.4
174 HILL END ROAD DOONSIDE,DOONSIDE,NSW,2767,28,1998,61.4
748 PENNANT HILLS ROAD CARLINGFORD,CARLINGFORD,NSW,2118,21,2005,61.4
90 OXFORD STREET EPPING,EPPING,NSW,2121,21,2005,61.4
4 STEWART CLOSE CHELTENHAM,CHELTENHAM,NSW,2119,21,2005,61.4
106 YARRARA ROAD PENNANT HILLS,PENNANT HILLS,NSW,2120,28,1998,61.4
74 EDWARD BENNETT DRIVE CHERRYBROOK,CHERRYBROOK,NSW,2126,28,1998,61.4
221 FOX VALLEY ROAD WAHROONGA,WAHROONGA,NSW,2076,28,1998,61.4
43X MALTON ROAD BEECROFT,BEECROFT,NSW,2119,28,1998,61.4
14-16 PATU PLACE CHERRYBROOK,CHERRYBROOK,NSW,2126,28,1998,61.4
50B COUNTY DRIVE CHERRYBROOK,CHERRYBROOK,NSW,2126,28,1998,61.4
57A/33 HIGHS ROAD WEST PENNANT HILLS,WEST PENNANT HILLS,NSW,2125,28,1998,61.4
119A MONA VALE ROAD ST IVES,ST IVES,NSW,2075,28,1998,61.4
867 PITTWATER ROAD COLLAROY,COLLAROY,NSW,2097,28,1998,61.4
197 VINCENT ROAD CRANEBROOK,CRANEBROOK,NSW,2749,28,1998,61.4
27 ARMINE WAY BEAUMONT HILLS,BEAUMONT HILLS,NSW,2155,28,1998,61.4
172 GLENHAVEN ROAD GLENHAVEN,GLENHAVEN,NSW,2156,28,1998,61.4
1-15 MILLCROFT WAY BEAUMONT HILLS,BEAUMONT HILLS,NSW,2155,28,1998,61.4
9Z FARMER CIRCUIT BEAUMONT HILLS,BEAUMONT HILLS,NSW,2155,28,1998,61.4
206 GARDEN STREET WARRIEWOOD,WARRIEWOOD,NSW,2102,28,1998,61.4
11 STRATH PLACE KENTHURST,KENTHURST,NSW,2156,28,1998,61.4
864 OLD NORTHERN ROAD GLENORIE,GLENORIE,NSW,2157,28,1998,61.4
250 THE BOULEVARDE MIRANDA,MIRANDA,NSW,2228,28,1998,61.3
640R OLD ILLAWARRA ROAD BARDEN RIDGE,BARDEN RIDGE,NSW,2234,28,1998,61.3
107 BRAIDWOOD DRIVE PRESTONS,PRESTONS,NSW,2170,28,1998,61.3
6 WELLESLEY PLACE GREEN VALLEY,GREEN VALLEY,NSW,2168,28,1998,61.3
32-34 CORONATION PARADE ENFIELD,ENFIELD,NSW,2136,28,1998,61.3
1B ABBOTSFORD ROAD HOMEBUSH,HOMEBUSH,NSW,2140,28,1998,61.3
39 OCEAN AVENUE DOUBLE BAY,DOUBLE BAY,NSW,2028,28,1998,61.3
BOYLE STREET MOSMAN,MOSMAN,NSW,2088,28,1998,61.3
5/20 BALL AVENUE EASTWOOD,EASTWOOD,NSW,2122,21,2005,61.3
HOPE STREET SEAFORTH,SEAFORTH,NSW,2092,28,1998,61.3
AVONA CRESCENT SEAFORTH,SEAFORTH,NSW,2092,28,1998,61.3
OLD SOUTH HEAD ROAD VAUCLUSE,VAUCLUSE,NSW,2030,28,1998,61.3
28 RUSSELL STREET VAUCLUSE,VAUCLUSE,NSW,2030,28,1998,61.3
9 ROSEVILLE AVENUE ROSEVILLE,ROSEVILLE,NSW,2069,21,2005,61.3
5 SERPENTINE ROAD HUNTERS HILL,HUNTERS HILL,NSW,2110,21,2005,61.3
1 WANDOO AVENUE RYDE,RYDE,NSW,2112,21,2005,61.3
22 NEPEAN STREET CRANEBROOK,CRANEBROOK,NSW,2749,28,1998,61.3
GREAT WESTERN HIGHWAY GLENBROOK,GLENBROOK,NSW,2773,28,1998,61.3
77 CHELMSFORD AVENUE EPPING,EPPING,NSW,2121,21,2005,61.3
2 NIRIMBA AVENUE NORTH EPPING,NORTH EPPING,NSW,2121,21,2005,61.3
18 BOUNDARY ROAD NORTH EPPING,NORTH EPPING,NSW,2121,28,1998,61.3
58 CLIFF ROAD EPPING,EPPING,NSW,2121,21,2005,61.3
27 BOUNDARY ROAD PENNANT HILLS,PENNANT HILLS,NSW,2120,28,1998,61.3
128 HULL ROAD WEST PENNANT HILLS,WEST PENNANT HILLS,NSW,2125,28,1998,61.3
1A WILGA STREET WEST PENNANT HILLS,WEST PENNANT HILLS,NSW,2125,28,1998,61.3
57 GOODLANDS AVENUE THORNLEIGH,THORNLEIGH,NSW,2120,28,1998,61.3
1 DORIS HIRST PLACE WEST PENNANT HILLS,WEST PENNANT HILLS,NSW,2125,28,1998,61.3
14 ASHMORE AVENUE PYMBLE,PYMBLE,NSW,2073,28,1998,61.3
73 RICKARD ROAD WARRIMOO,WARRIMOO,NSW,2774,28,1998,61.3
32 BULLER CIRCUIT BEAUMONT HILLS,BEAUMONT HILLS,NSW,2155,28,1998,61.3
110-122 ILLINGWORTH ROAD YELLOW ROCK,YELLOW ROCK,NSW,2777,28,1998,61.3
101 PURCHASE ROAD CHERRYBROOK,CHERRYBROOK,NSW,2126,28,1998,61.3
9 TEDDICK PLACE CHERRYBROOK,CHERRYBROOK,NSW,2126,28,1998,61.3
19 KINGSCOTT PLACE CASTLE HILL,CASTLE HILL,NSW,2154,21,2005,61.3
27 ALLARA AVENUE NORTH TURRAMURRA,NORTH TURRAMURRA,NSW,2074,28,1998,61.3
ZOUCH ROAD EDMONDSON PARK,EDMONDSON PARK,NSW,2174,28,1998,61.2
ASH ROAD PRESTONS,PRESTONS,NSW,2170,28,1998,61.2
25-27 TULICH AVENUE PRESTONS,PRESTONS,NSW,2170,28,1998,61.2
157A MOVERLY ROAD SOUTH COOGEE,SOUTH COOGEE,NSW,2034,28,1998,61.2
11 BODEN AVENUE STRATHFIELD,STRATHFIELD,NSW,2135,28,1998,61.2
74A MITCHELL STREET ENFIELD,ENFIELD,NSW,2136,28,1998,61.2
2183 THE NORTHERN ROAD MULGOA,MULGOA,NSW,2745,28,1998,61.2
28 JUDITH STREET SEAFORTH,SEAFORTH,NSW,2092,28,1998,61.2
13 BENELONG STREET SEAFORTH,SEAFORTH,NSW,2092,28,1998,61.2
52 WYONG ROAD MOSMAN,MOSMAN,NSW,2088,21,2005,61.2
1A WESTBOURNE ROAD LINDFIELD,LINDFIELD,NSW,2070,21,2005,61.2
1-11 BRIDGE END WOLLSTONECRAFT,WOLLSTONECRAFT,NSW,2065,21,2005,61.2
63 CROWS NEST ROAD WAVERTON,WAVERTON,NSW,2060,21,2005,61.2
22 VERNON STREET HUNTERS HILL,HUNTERS HILL,NSW,2110,21,2005,61.2
34 BARINGA ROAD NORTHBRIDGE,NORTHBRIDGE,NSW,2063,21,2005,61.2
4 EDWARD STREET RYDE,RYDE,NSW,2112,21,2005,61.2
64 BELMORE STREET RYDE,RYDE,NSW,2112,21,2005,61.2
14 GLADSTONE AVENUE RYDE,RYDE,NSW,2112,21,2005,61.2
460A-626 MULGOA ROAD MULGOA,MULGOA,NSW,2745,28,1998,61.2
187 MURRAY FARM ROAD BEECROFT,BEECROFT,NSW,2119,21,2005,61.2
17 AVONLEA DRIVE CARLINGFORD,CARLINGFORD,NSW,2118,21,2005,61.2
32 BEDFORD ROAD NORTH EPPING,NORTH EPPING,NSW,2121,21,2005,61.2
47 BLIGHS ROAD CROMER,CROMER,NSW,2099,28,1998,61.2
EVANS STREET FRESHWATER,FRESHWATER,NSW,2096,28,1998,61.2
32-44 BLAND ROAD SPRINGWOOD,SPRINGWOOD,NSW,2777,28,1998,61.2
12 FLEET AVENUE JORDAN SPRINGS,JORDAN SPRINGS,NSW,2747,28,1998,61.2
8A MOUNT WILLIAM STREET GORDON,GORDON,NSW,2072,28,1998,61.2
70A GLENBROOK ROAD GLENBROOK,GLENBROOK,NSW,2773,28,1998,61.2
1 CRESSY AVENUE BEAUMONT HILLS,BEAUMONT HILLS,NSW,2155,28,1998,61.2
WINDSOR ROAD ROUSE HILL,ROUSE HILL,NSW,2155,28,1998,61.2
59 BURNSIDE STREET KELLYVILLE RIDGE,KELLYVILLE RIDGE,NSW,2155,28,1998,61.2
110 BOORALIE ROAD DUFFYS FOREST,DUFFYS FOREST,NSW,2084,28,1998,61.2
24 BRALLAS AVENUE ST IVES CHASE,ST IVES CHASE,NSW,2075,28,1998,61.2
18 CORONATION STREET MONA VALE,MONA VALE,NSW,2103,28,1998,61.2
11 GORDON AVENUE COOGEE,COOGEE,NSW,2034,28,1998,61.1
13 GROSVENOR STREET KENSINGTON,KENSINGTON,NSW,2033,28,1998,61.1
6 MILROY AVENUE KENSINGTON,KENSINGTON,NSW,2033,28,1998,61.1
3/206 CROYDON AVENUE CROYDON PARK,CROYDON PARK,NSW,2133,28,1998,61.1
313 NORTH LIVERPOOL ROAD BONNYRIGG HEIGHTS,BONNYRIGG HEIGHTS,NSW,2177,28,1998,61.1
66 CORONATION PARADE ENFIELD,ENFIELD,NSW,2136,28,1998,61.1
13A CARLYLE STREET ENFIELD,ENFIELD,NSW,2136,28,1998,61.1
14 FRASER STREET STRATHFIELD,STRATHFIELD,NSW,2135,28,1998,61.1
4 HEATH STREET CONCORD,CONCORD,NSW,2137,21,2005,61.1
64 ISMAY AVENUE HOMEBUSH,HOMEBUSH,NSW,2140,28,1998,61.1
5-9 DRYNAN STREET SUMMER HILL,SUMMER HILL,NSW,2130,28,1998,61.1
20A STAFFORD STREET DOUBLE BAY,DOUBLE BAY,NSW,2028,28,1998,61.1
WUNULLA ROAD POINT PIPER,POINT PIPER,NSW,2027,28,1998,61.1
3 ALBERT STREET EDGECLIFF,EDGECLIFF,NSW,2027,28,1998,61.1
18-20 CAMBRIDGE STREET PADDINGTON,PADDINGTON,NSW,2021,28,1998,61.1
343A EDGECLIFF ROAD EDGECLIFF,EDGECLIFF,NSW,2027,28,1998,61.1
2 DAVID STREET MOSMAN,MOSMAN,NSW,2088,28,1998,61.1
1A JENKINS ROAD CARLINGFORD,CARLINGFORD,NSW,2118,21,2005,61.1
1/108 BEN BOYD ROAD NEUTRAL BAY,NEUTRAL BAY,NSW,2089,21,2005,61.1
1A NAROOMA ROAD NORTHBRIDGE,NORTHBRIDGE,NSW,2063,21,2005,61.1
10B COOLAWIN ROAD NORTHBRIDGE,NORTHBRIDGE,NSW,2063,21,2005,61.1
20 REDAN STREET MOSMAN,MOSMAN,NSW,2088,28,1998,61.1
25 PRINCE ALBERT STREET MOSMAN,MOSMAN,NSW,2088,28,1998,61.1
13 OWEN STREET GLADESVILLE,GLADESVILLE,NSW,2111,21,2005,61.1
SOUTH STEYNE MANLY,MANLY,NSW,2095,28,1998,61.1
26A WYCOMBE STREET EPPING,EPPING,NSW,2121,21,2005,61.1
78 RAY ROAD EPPING,EPPING,NSW,2121,21,2005,61.1
18 CYPRESS STREET NORMANHURST,NORMANHURST,NSW,2076,28,1998,61.1
2A BROKENWOOD PLACE CHERRYBROOK,CHERRYBROOK,NSW,2126,28,1998,61.1
40 WONGALA CRESCENT BEECROFT,BEECROFT,NSW,2119,28,1998,61.1
1 THOMPSON CLOSE WEST PENNANT HILLS,WEST PENNANT HILLS,NSW,2125,28,1998,61.1
16 BEGONIA ROAD NORMANHURST,NORMANHURST,NSW,2076,28,1998,61.1
15 BUSACO ROAD MARSFIELD,MARSFIELD,NSW,2122,28,1998,61.1
22 BROOKHOLLOW AVENUE NORWEST,NORWEST,NSW,2153,28,1998,61.1
40 WARRINGTON AVENUE EAST KILLARA,EAST KILLARA,NSW,2071,28,1998,61.1
3 WIRRA CLOSE ST IVES,ST IVES,NSW,2075,28,1998,61.1
52 BONTON ROAD SPRINGWOOD,SPRINGWOOD,NSW,2777,28,1998,61.1
18 ASHMORE AVENUE PYMBLE,PYMBLE,NSW,2073,28,1998,61.1
4 LUCASVILLE ROAD GLENBROOK,GLENBROOK,NSW,2773,28,1998,61.1
11 WINTER AVENUE KELLYVILLE,KELLYVILLE,NSW,2155,28,1998,61.1
2 WHITEHALL STREET KELLYVILLE RIDGE,KELLYVILLE RIDGE,NSW,2155,28,1998,61.1
17 COPPLESTONE PLACE CASTLE HILL,CASTLE HILL,NSW,2154,28,1998,61.1
11-27 ROMSEY STREET WAITARA,WAITARA,NSW,2077,28,1998,61.1
28 LEIGHTON PLACE HORNSBY,HORNSBY,NSW,2077,28,1998,61.1
23 MINKARA ROAD BAYVIEW,BAYVIEW,NSW,2104,28,1998,61.1
76 BOTANY STREET CARLTON,CARLTON,NSW,2218,28,1998,61.0
60 MARY STREET LILYFIELD,LILYFIELD,NSW,2040,28,1998,61.0
163 RIDGETOP DRIVE GLENMORE PARK,GLENMORE PARK,NSW,2745,28,1998,61.0
77 KINGSWOOD ROAD ORCHARD HILLS,ORCHARD HILLS,NSW,2748,28,1998,61.0
181-275 MAMRE ROAD ORCHARD HILLS,ORCHARD HILLS,NSW,2748,28,1998,61.0
38A LEXINGTON AVENUE ST CLAIR,ST CLAIR,NSW,2759,28,1998,61.0
1-7 BLAXLAND AVENUE NEWINGTON,NEWINGTON,NSW,2127,21,2005,61.0
24A BRUSH ROAD EASTWOOD,EASTWOOD,NSW,2122,21,2005,61.0
43 BORONIA AVENUE EPPING,EPPING,NSW,2121,21,2005,61.0
39 EPPING AVENUE EASTWOOD,EASTWOOD,NSW,2122,21,2005,61.0
51 SEAFORTH CRESCENT SEAFORTH,SEAFORTH,NSW,2092,21,2005,61.0
58 COWDROY AVENUE CAMMERAY,CAMMERAY,NSW,2062,21,2005,61.0
20 MONTAGUE ROAD CREMORNE,CREMORNE,NSW,2090,21,2005,61.0
34 VIRET STREET HUNTERS HILL,HUNTERS HILL,NSW,2110,21,2005,61.0
36 HIGHFIELD ROAD LINDFIELD,LINDFIELD,NSW,2070,21,2005,61.0
64 ROBERT STREET WILLOUGHBY EAST,WILLOUGHBY EAST,NSW,2068,21,2005,61.0
42 MORTON STREET WOLLSTONECRAFT,WOLLSTONECRAFT,NSW,2065,21,2005,61.0
6 CHARLES STREET RYDE,RYDE,NSW,2112,21,2005,61.0
2 TENCH AVENUE JAMISONTOWN,JAMISONTOWN,NSW,2750,28,1998,61.0
611-651 GREAT WESTERN HIGHWAY WERRINGTON,WERRINGTON,NSW,2747,28,1998,61.0
24 CHELMSFORD AVENUE EPPING,EPPING,NSW,2121,21,2005,61.0
22 COOKE WAY EPPING,EPPING,NSW,2121,21,2005,61.0
BEECROFT ROAD EPPING,EPPING,NSW,2121,21,2005,61.0
109 MURRAY FARM ROAD BEECROFT,BEECROFT,NSW,2119,21,2005,61.0
20 DAMON AVENUE EPPING,EPPING,NSW,2121,21,2005,61.0
12 KNOX AVENUE EPPING,EPPING,NSW,2121,21,2005,61.0
62 CHESTER STREET EPPING,EPPING,NSW,2121,21,2005,61.0
6 HOLLAND STREET NORTH EPPING,NORTH EPPING,NSW,2121,21,2005,61.0
FIRST FARM DRIVE CASTLE HILL,CASTLE HILL,NSW,2154,28,1998,61.0
37A LYNBARA AVENUE ST IVES,ST IVES,NSW,2075,28,1998,61.0
6 LIGHTWOOD WAY BEAUMONT HILLS,BEAUMONT HILLS,NSW,2155,28,1998,61.0
14 KILBENNY STREET KELLYVILLE RIDGE,KELLYVILLE RIDGE,NSW,2155,28,1998,61.0
101 BUENA VISTA ROAD WINMALEE,WINMALEE,NSW,2777,28,1998,61.0
430-440 PEATS FERRY ROAD HORNSBY,HORNSBY,NSW,2077,28,1998,61.0
1 VINEYS ROAD DURAL,DURAL,NSW,2158,28,1998,61.0
27 VINEYS LANE DURAL,DURAL,NSW,2158,28,1998,61.0
279 GALSTON ROAD GALSTON,GALSTON,NSW,2159,28,1998,61.0
11 PARK ROAD KENTHURST,KENTHURST,NSW,2156,28,1998,61.0
5 BARCOO ISLAND SYLVANIA WATERS,WATERS,NSW,,21,2005,60.9
11 CARTER STREET RANDWICK,RANDWICK,NSW,2031,28,1998,60.9
132 BOYCE ROAD MAROUBRA,MAROUBRA,NSW,2035,28,1998,60.9
49 BERESFORD ROAD STRATHFIELD,STRATHFIELD,NSW,2135,28,1998,60.9
63 MINTARO AVENUE STRATHFIELD,STRATHFIELD,NSW,2135,28,1998,60.9
577 LIVERPOOL ROAD STRATHFIELD,STRATHFIELD,NSW,2135,28,1998,60.9
75 BAY STREET DOUBLE BAY,DOUBLE BAY,NSW,2028,28,1998,60.9
14 TIVOLI AVENUE ROSE BAY,ROSE BAY,NSW,2029,28,1998,60.9
560 NEW SOUTH HEAD ROAD POINT PIPER,POINT PIPER,NSW,2027,28,1998,60.9
53 MILITARY ROAD DOVER HEIGHTS,DOVER HEIGHTS,NSW,2030,28,1998,60.9
16-18 WARATAH STREET RUSHCUTTERS BAY,RUSHCUTTERS BAY,NSW,2011,28,1998,60.9
14 EDWARD STREET WOOLLAHRA,WOOLLAHRA,NSW,2025,28,1998,60.9
438 EDGECLIFF ROAD EDGECLIFF,EDGECLIFF,NSW,2027,28,1998,60.9
64 MELVILLE ROAD ST CLAIR,ST CLAIR,NSW,2759,28,1998,60.9
2 LAMBS ROAD ARTARMON,ARTARMON,NSW,2064,21,2005,60.9
37 MUSGRAVE STREET MOSMAN,MOSMAN,NSW,2088,21,2005,60.9
389-441 GREAT WESTERN HIGHWAY ST MARYS,ST MARYS,NSW,2760,28,1998,60.9
62 BOWER STREET MANLY,MANLY,NSW,2095,28,1998,60.9
126 RAY ROAD EPPING,EPPING,NSW,2121,21,2005,60.9
33 BRIDGE STREET EPPING,EPPING,NSW,2121,21,2005,60.9
4 CLAREMOUNT PLACE CHERRYBROOK,CHERRYBROOK,NSW,2126,28,1998,60.9
26 LOCH MAREE AVENUE THORNLEIGH,THORNLEIGH,NSW,2120,28,1998,60.9
22 FAIRBURN AVENUE WEST PENNANT HILLS,WEST PENNANT HILLS,NSW,2125,28,1998,60.9
29 HAVEN COURT CHERRYBROOK,CHERRYBROOK,NSW,2126,28,1998,60.9
55 CAMBOURNE AVENUE ST IVES,ST IVES,NSW,2075,28,1998,60.9
463 GREAT WESTERN HIGHWAY FAULCONBRIDGE,FAULCONBRIDGE,NSW,2776,28,1998,60.9
96 LINKSVIEW ROAD SPRINGWOOD,SPRINGWOOD,NSW,2777,28,1998,60.9
34 CENTAURI CIRCUIT CRANEBROOK,CRANEBROOK,NSW,2749,28,1998,60.9
73 HEWITT AVENUE WAHROONGA,WAHROONGA,NSW,2076,28,1998,60.9
14 NELSON STREET GORDON,GORDON,NSW,2072,28,1998,60.9
15 DEANE STREET GLENBROOK,GLENBROOK,NSW,2773,28,1998,60.9
2 CATALPA AVENUE BLAXLAND,BLAXLAND,NSW,2774,28,1998,60.9
1 BRUNEL CLOSE CHERRYBROOK,CHERRYBROOK,NSW,2126,28,1998,60.9
1 NICHOLI PLACE CHERRYBROOK,CHERRYBROOK,NSW,2126,28,1998,60.9
29 WOONONA AVENUE WAHROONGA,WAHROONGA,NSW,2076,28,1998,60.9
66 ELANORA ROAD ELANORA HEIGHTS,ELANORA HEIGHTS,NSW,2101,28,1998,60.9
57 ILUKA AVENUE ELANORA HEIGHTS,ELANORA HEIGHTS,NSW,2101,28,1998,60.9
147 WELLING DRIVE MOUNT ANNAN,MOUNT ANNAN,NSW,2567,21,2005,60.8
WILLARONG ROAD CARINGBAH,CARINGBAH,NSW,2229,28,1998,60.8
60 BOTANY STREET CARLTON,CARLTON,NSW,2218,28,1998,60.8
2 STRZLECKI DRIVE HORNINGSEA PARK,HORNINGSEA PARK,NSW,2171,28,1998,60.8
16R ARGYLE CRESCENT RANDWICK,RANDWICK,NSW,2031,28,1998,60.8
369D BEXLEY ROAD BEXLEY,BEXLEY,NSW,2207,28,1998,60.8
1 TAMPLIN ROAD GUILDFORD,GUILDFORD,NSW,2161,28,1998,60.8
22 VICTORIA STREET STRATHFIELD,STRATHFIELD,NSW,2135,28,1998,60.8
40A ARTHUR STREET STRATHFIELD,STRATHFIELD,NSW,2135,28,1998,60.8
62 LONG STREET STRATHFIELD,STRATHFIELD,NSW,2135,28,1998,60.8
26 WILGA STREET CONCORD WEST,CONCORD WEST,NSW,2138,21,2005,60.8
119 PATTERSON STREET CONCORD,CONCORD,NSW,2137,21,2005,60.8
303 MILITARY ROAD VAUCLUSE,VAUCLUSE,NSW,2030,28,1998,60.8
24-26 ROSCOE STREET BONDI BEACH,BONDI BEACH,NSW,2026,28,1998,60.8
203-233 NEW SOUTH HEAD ROAD EDGECLIFF,EDGECLIFF,NSW,2027,28,1998,60.8
396 CROWN STREET SURRY HILLS,SURRY HILLS,NSW,2010,28,1998,60.8
279-295 MAMRE ROAD ORCHARD HILLS,ORCHARD HILLS,NSW,2748,28,1998,60.8
75 CHELMSFORD AVENUE EPPING,EPPING,NSW,2121,21,2005,60.8
28 LLOYD AVENUE CREMORNE,CREMORNE,NSW,2090,21,2005,60.8
11 HARRISON STREET CREMORNE,CREMORNE,NSW,2090,21,2005,60.8
18 ELLALONG ROAD CREMORNE,CREMORNE,NSW,2090,21,2005,60.8
19 LODGE ROAD CREMORNE,CREMORNE,NSW,2090,21,2005,60.8
76 WYONG ROAD CREMORNE,CREMORNE,NSW,2090,28,1998,60.8
16 OSBORNE ROAD GREENWICH,GREENWICH,NSW,2065,21,2005,60.8
31-35 SUTHERLAND STREET CREMORNE,CREMORNE,NSW,2090,21,2005,60.8
4 CRESCENT AVENUE RYDE,RYDE,NSW,2112,21,2005,60.8
30 LESLIE ROAD GLENBROOK,GLENBROOK,NSW,2773,28,1998,60.8
18 WINGROVE AVENUE EPPING,EPPING,NSW,2121,21,2005,60.8
34A CASTLE HOWARD ROAD CHELTENHAM,CHELTENHAM,NSW,2119,21,2005,60.8
13 CORAL TREE DRIVE CARLINGFORD,CARLINGFORD,NSW,2118,21,2005,60.8
25 JAPONICA ROAD EPPING,EPPING,NSW,2121,21,2005,60.8
22 WOOD STREET EASTWOOD,EASTWOOD,NSW,2122,21,2005,60.8
1 RAIDELL PLACE NORTH EPPING,NORTH EPPING,NSW,2121,28,1998,60.8
45 MCCUSKER CRESCENT CHERRYBROOK,CHERRYBROOK,NSW,2126,28,1998,60.8
8 EDDY STREET THORNLEIGH,THORNLEIGH,NSW,2120,28,1998,60.8
26 CAMBEWARRA AVENUE CASTLE HILL,CASTLE HILL,NSW,2154,28,1998,60.8
7 MERIDIAN PLACE BELLA VISTA,BELLA VISTA,NSW,2153,28,1998,60.8
309 MONA VALE ROAD ST IVES,ST IVES,NSW,2075,28,1998,60.8
9 DURHAM STREET NORTH EPPING,NORTH EPPING,NSW,2121,21,2005,60.8
26 NELSON STREET GORDON,GORDON,NSW,2072,28,1998,60.8
5 THE AVENUE WARRIMOO,WARRIMOO,NSW,2774,28,1998,60.8
20 WATTLECLIFFE DRIVE BLAXLAND,BLAXLAND,NSW,2774,28,1998,60.8
32 BROADLEAF CRESCENT BEAUMONT HILLS,BEAUMONT HILLS,NSW,2155,28,1998,60.8
9 GLEN ABBEY STREET ROUSE HILL,ROUSE HILL,NSW,2155,28,1998,60.8
30 BOWEN CLOSE CHERRYBROOK,CHERRYBROOK,NSW,2126,28,1998,60.8
3 BRAESIDE STREET WAHROONGA,WAHROONGA,NSW,2076,28,1998,60.8
48 MICHIGAN AVENUE ASQUITH,ASQUITH,NSW,2077,28,1998,60.8
3 PINE VALLEY ROAD GALSTON,GALSTON,NSW,2159,28,1998,60.8
127A NARRABEEN PARK PARADE MONA VALE,MONA VALE,NSW,2103,28,1998,60.8
135 STEVENS ROAD GLENORIE,GLENORIE,NSW,2157,28,1998,60.8
BARRENJOEY ROAD NEWPORT,NEWPORT,NSW,2106,28,1998,60.8
30 NORTON STREET KINGSFORD,KINGSFORD,NSW,2032,28,1998,60.7
36 ADDISON STREET KENSINGTON,KENSINGTON,NSW,2033,28,1998,60.7
293 OLD CANTERBURY ROAD DULWICH HILL,DULWICH HILL,NSW,2203,28,1998,60.7
55 HIGHGATE STREET STRATHFIELD,STRATHFIELD,NSW,2135,28,1998,60.7
6 CONSETT STREET CONCORD WEST,CONCORD WEST,NSW,2138,21,2005,60.7
635 OLD SOUTH HEAD ROAD ROSE BAY,ROSE BAY,NSW,2029,28,1998,60.7
6 IAN STREET ROSE BAY,ROSE BAY,NSW,2029,28,1998,60.7
43 DOVER ROAD ROSE BAY,ROSE BAY,NSW,2029,28,1998,60.7
599 OLD SOUTH HEAD ROAD ROSE BAY,ROSE BAY,NSW,2029,28,1998,60.7
64 MURRIVERIE ROAD NORTH BONDI,NORTH BONDI,NSW,2026,28,1998,60.7
4 FLEET STREET NORTH PARRAMATTA,NORTH PARRAMATTA,NSW,2151,28,1998,60.7
2 AUBREY ROAD NORTHBRIDGE,NORTHBRIDGE,NSW,2063,21,2005,60.7
17 BURTON STREET MOSMAN,MOSMAN,NSW,2088,21,2005,60.7
10 BAPAUME ROAD MOSMAN,MOSMAN,NSW,2088,21,2005,60.7
11 DAVID STREET MOSMAN,MOSMAN,NSW,2088,28,1998,60.7
5 KALLAROO STREET MOSMAN,MOSMAN,NSW,2088,21,2005,60.7
10 WYRALLA AVENUE EPPING,EPPING,NSW,2121,21,2005,60.7
6 GRIGG AVENUE NORTH EPPING,NORTH EPPING,NSW,2121,21,2005,60.7
7 CITY VIEW ROAD PENNANT HILLS,PENNANT HILLS,NSW,2120,28,1998,60.7
138 BEECROFT ROAD BEECROFT,BEECROFT,NSW,2119,28,1998,60.7
4/11 SEFTON ROAD THORNLEIGH,THORNLEIGH,NSW,2120,28,1998,60.7
8 MONTEREY PLACE CHERRYBROOK,CHERRYBROOK,NSW,2126,28,1998,60.7
3 KATHLEEN AVENUE CASTLE HILL,CASTLE HILL,NSW,2154,28,1998,60.7
64-66 COLLINS ROAD ST IVES,ST IVES,NSW,2075,28,1998,60.7
146 RAILWAY PARADE WARRIMOO,WARRIMOO,NSW,2774,28,1998,60.7
1 HOPE PLACE BEAUMONT HILLS,BEAUMONT HILLS,NSW,2155,28,1998,60.7
13 BENSON ROAD BEAUMONT HILLS,BEAUMONT HILLS,NSW,2155,28,1998,60.7
39 GRANGE ROAD GLENHAVEN,GLENHAVEN,NSW,2156,28,1998,60.7
4 PARAGON DRIVE DURAL,DURAL,NSW,2158,28,1998,60.7
12 ROMEO PLACE DURAL,DURAL,NSW,2158,28,1998,60.7
1 ELABANA CRESCENT CASTLE HILL,CASTLE HILL,NSW,2154,28,1998,60.7
5 PONDEROSA PARADE WARRIEWOOD,WARRIEWOOD,NSW,2102,28,1998,60.7
240 MCCARRS CREEK ROAD CHURCH POINT,CHURCH POINT,NSW,2105,28,1998,60.7
23 WOOD STREET RANDWICK,RANDWICK,NSW,2031,28,1998,60.6
13 ESHELBY STREET GREEN VALLEY,GREEN VALLEY,NSW,2168,28,1998,60.6
29 JENKINSON DRIVE ELIZABETH HILLS,ELIZABETH HILLS,NSW,2171,28,1998,60.6
130 HOMEBUSH ROAD STRATHFIELD,STRATHFIELD,NSW,2135,21,2005,60.6
16 VICTORIA STREET STRATHFIELD,STRATHFIELD,NSW,2135,28,1998,60.6
8 COBDEN STREET ENFIELD,ENFIELD,NSW,2136,28,1998,60.6
GLOVER STREET LILYFIELD,LILYFIELD,NSW,2040,28,1998,60.6
ELIZABETH BAY ROAD ELIZABETH BAY,ELIZABETH BAY,NSW,2011,28,1998,60.6
1 COLLEGE LANE ROSE BAY,ROSE BAY,NSW,2029,28,1998,60.6
22 BURRAWONG AVENUE MOSMAN,MOSMAN,NSW,2088,28,1998,60.6
73 KINGS HILL ROAD MULGOA,MULGOA,NSW,2745,28,1998,60.6
10 HAROLD BENTLEYS WAY GLENMORE PARK,GLENMORE PARK,NSW,2745,28,1998,60.6
5 MARANA STREET BLACKTOWN,BLACKTOWN,NSW,2148,28,1998,60.6
456 MILITARY ROAD MOSMAN,MOSMAN,NSW,2088,21,2005,60.6
6 THE ESPLANADE MOSMAN,MOSMAN,NSW,2088,28,1998,60.6
35 PRINCE ALBERT STREET MOSMAN,MOSMAN,NSW,2088,28,1998,60.6
9 POTTS STREET RYDE,RYDE,NSW,2112,21,2005,60.6
21 CARMEN DRIVE CARLINGFORD,CARLINGFORD,NSW,2118,21,2005,60.6
80 CORAL TREE DRIVE CARLINGFORD,CARLINGFORD,NSW,2118,21,2005,60.6
147C RAY ROAD EPPING,EPPING,NSW,2121,21,2005,60.6
27 MARWOOD DRIVE BEECROFT,BEECROFT,NSW,2119,21,2005,60.6
713 BLAXLAND ROAD EPPING,EPPING,NSW,2121,21,2005,60.6
60-74 THE CRESCENT CHELTENHAM,CHELTENHAM,NSW,2119,28,1998,60.6
14 GUMNUT ROAD CHERRYBROOK,CHERRYBROOK,NSW,2126,28,1998,60.6
1 MALAHIDE ROAD PENNANT HILLS,PENNANT HILLS,NSW,2120,28,1998,60.6
91-93 PENNANT HILLS ROAD NORMANHURST,NORMANHURST,NSW,2076,28,1998,60.6
208 FISHER ROAD NORTH CROMER,NORTH CROMER,NSW,,28,1998,60.6
98 GREAT WESTERN HIGHWAY SUN VALLEY,SUN VALLEY,NSW,2777,28,1998,60.6
3 APSLEY COURT CRANEBROOK,CRANEBROOK,NSW,2749,28,1998,60.6
SAMANTHA RILEY DRIVE BEAUMONT HILLS,BEAUMONT HILLS,NSW,2155,28,1998,60.6
DIANA AVENUE KELLYVILLE,KELLYVILLE,NSW,2155,21,2005,60.6
29 VINEYS LANE DURAL,DURAL,NSW,2158,28,1998,60.6
7 PARK ROAD KENTHURST,KENTHURST,NSW,2156,28,1998,60.6
42 CHISHOLM AVENUE AVALON BEACH,AVALON BEACH,NSW,2107,28,1998,60.6
71 SPROULE ROAD ILLAWONG,ILLAWONG,NSW,2234,28,1998,60.5
152 BRAIDWOOD DRIVE PRESTONS,PRESTONS,NSW,2170,28,1998,60.5
ST THOMAS STREET BRONTE,BRONTE,NSW,2024,28,1998,60.5
15 O'RIORDAN STREET ALEXANDRIA,ALEXANDRIA,NSW,2015,28,1998,60.5
FEODORE DRIVE ELIZABETH HILLS,ELIZABETH HILLS,NSW,2171,28,1998,60.5
184 THE BOULEVARDE STRATHFIELD,STRATHFIELD,NSW,2135,28,1998,60.5
1 WILGA STREET CONCORD WEST,CONCORD WEST,NSW,2138,21,2005,60.5
1 MANSON ROAD STRATHFIELD,STRATHFIELD,NSW,2135,28,1998,60.5
21 GRANTHAM STREET BURWOOD,BURWOOD,NSW,2134,28,1998,60.5
539-541 ELIZABETH STREET SURRY HILLS,SURRY HILLS,NSW,2010,28,1998,60.5
9 CITY ROAD CAMPERDOWN,CAMPERDOWN,NSW,2050,28,1998,60.5
19 ORIRI AVENUE GLENMORE PARK,GLENMORE PARK,NSW,2745,21,2005,60.5
38 EURYALUS STREET MOSMAN,MOSMAN,NSW,2088,21,2005,60.5
118 AGINCOURT ROAD MARSFIELD,MARSFIELD,NSW,2122,21,2005,60.5
3 CASS PLACE CRANEBROOK,CRANEBROOK,NSW,2749,28,1998,60.5
27 ROMFORD ROAD EPPING,EPPING,NSW,2121,21,2005,60.5
101 RAY ROAD EPPING,EPPING,NSW,2121,21,2005,60.5
22 WILLOW CLOSE EPPING,EPPING,NSW,2121,21,2005,60.5
7 GARLAND AVENUE EPPING,EPPING,NSW,2121,21,2005,60.5
2 REEVES AVENUE EPPING,EPPING,NSW,2121,21,2005,60.5
46 GRAYSON ROAD NORTH EPPING,NORTH EPPING,NSW,2121,21,2005,60.5
4 KIRKHAM STREET BEECROFT,BEECROFT,NSW,2119,28,1998,60.5
2 MALAHIDE ROAD PENNANT HILLS,PENNANT HILLS,NSW,2120,28,1998,60.5
332-338 PENNANT HILLS ROAD PENNANT HILLS,PENNANT HILLS,NSW,2120,28,1998,60.5
57B CAMPBELL AVENUE NORMANHURST,NORMANHURST,NSW,2076,28,1998,60.5
MARIE STREET CASTLE HILL,CASTLE HILL,NSW,2154,28,1998,60.5
BRON CLOSE WEST PENNANT HILLS,WEST PENNANT HILLS,NSW,2125,28,1998,60.5
84 CECIL AVENUE CASTLE HILL,CASTLE HILL,NSW,2154,28,1998,60.5
48A CONSUL ROAD BROOKVALE,BROOKVALE,NSW,2100,28,1998,60.5
12 BASS PLACE ST IVES,ST IVES,NSW,2075,28,1998,60.5
75 AYRES ROAD ST IVES,ST IVES,NSW,2075,28,1998,60.5
20 BROADLEAF CRESCENT BEAUMONT HILLS,BEAUMONT HILLS,NSW,2155,28,1998,60.5
40 EDGBASTON ROAD NORTH KELLYVILLE,NORTH KELLYVILLE,NSW,2155,28,1998,60.5
26X FALLON DRIVE DURAL,DURAL,NSW,2158,28,1998,60.5
97 BOORALIE ROAD TERREY HILLS,TERREY HILLS,NSW,2084,28,1998,60.5
17 KINGSCOTT PLACE CASTLE HILL,CASTLE HILL,NSW,2154,28,1998,60.5
317 MCCARRS CREEK ROAD TERREY HILLS,TERREY HILLS,NSW,2084,28,1998,60.5
9 BURNLEY AVENUE NORTH TURRAMURRA,NORTH TURRAMURRA,NSW,2074,28,1998,60.5
1668 PITTWATER ROAD MONA VALE,MONA VALE,NSW,2103,28,1998,60.5
118 BULMANN AVENUE HORNINGSEA PARK,HORNINGSEA PARK,NSW,2171,28,1998,60.4
44 MERMAID AVENUE MAROUBRA,MAROUBRA,NSW,2035,28,1998,60.4
895 DOWLING STREET ZETLAND,ZETLAND,NSW,2017,28,1998,60.4
SOUTH PARADE CAMPSIE,CAMPSIE,NSW,2194,28,1998,60.4
6 BEACH ROAD DULWICH HILL,DULWICH HILL,NSW,2203,28,1998,60.4
7 WILGA AVENUE DULWICH HILL,DULWICH HILL,NSW,2203,28,1998,60.4
11 JENKINSON DRIVE ELIZABETH HILLS,ELIZABETH HILLS,NSW,2171,28,1998,60.4
193 HOMEBUSH ROAD STRATHFIELD,STRATHFIELD,NSW,2135,28,1998,60.4
1001/46-48 MARKET STREET SYDNEY,SYDNEY,NSW,2000,28,1998,60.4
131 SEAFORTH CRESCENT SEAFORTH,SEAFORTH,NSW,2092,28,1998,60.4
26 BYORA CRESCENT NORTHBRIDGE,NORTHBRIDGE,NSW,2063,21,2005,60.4
276-278 PACIFIC HIGHWAY GREENWICH,GREENWICH,NSW,2065,21,2005,60.4
35 CAIRO STREET CAMMERAY,CAMMERAY,NSW,2062,21,2005,60.4
44 CHISHOLM STREET GREENWICH,GREENWICH,NSW,2065,21,2005,60.4
8 TURELLA STREET GLENBROOK,GLENBROOK,NSW,2773,28,1998,60.4
51 BOWER STREET MANLY,MANLY,NSW,2095,28,1998,60.4
111 KENT STREET EPPING,EPPING,NSW,2121,21,2005,60.4
76X PEMBROKE STREET EPPING,EPPING,NSW,2121,21,2005,60.4
104 ESSEX STREET EPPING,EPPING,NSW,2121,21,2005,60.4
14 ELLIOTT PLACE CHERRYBROOK,CHERRYBROOK,NSW,2126,28,1998,60.4
16 CAVENDISH STREET PENNANT HILLS,PENNANT HILLS,NSW,2120,28,1998,60.4
12 KEELENDI ROAD WEST PENNANT HILLS,WEST PENNANT HILLS,NSW,2125,28,1998,60.4
39 AUSTRAL AVENUE BEECROFT,BEECROFT,NSW,2119,28,1998,60.4
9 BOLDREWOOD PLACE CHERRYBROOK,CHERRYBROOK,NSW,2126,28,1998,60.4
66 DAVID ROAD CASTLE HILL,CASTLE HILL,NSW,2154,28,1998,60.4
6-8 HIGHS ROAD WEST PENNANT HILLS,WEST PENNANT HILLS,NSW,2125,28,1998,60.4
4 JOHN RADLEY AVENUE DURAL,DURAL,NSW,2158,28,1998,60.4
385 BOBBIN HEAD ROAD NORTH TURRAMURRA,NORTH TURRAMURRA,NSW,2074,28,1998,60.4
74-76 MOKERA AVENUE KIRRAWEE,KIRRAWEE,NSW,2232,28,1998,60.3
101 THE WOODS CIRCUIT MENAI,MENAI,NSW,2234,28,1998,60.3
7 VLATKO DRIVE WEST HOXTON,WEST HOXTON,NSW,2171,21,2005,60.3
719-721 ELIZABETH STREET WATERLOO,WATERLOO,NSW,2017,28,1998,60.3
20 AGNES STREET STRATHFIELD,STRATHFIELD,NSW,2135,28,1998,60.3
FRASER STREET HOMEBUSH WEST,HOMEBUSH WEST,NSW,2140,28,1998,60.3
37 UNDERWOOD ROAD HOMEBUSH,HOMEBUSH,NSW,2140,21,2005,60.3
37-39 SPENCER STREET ROSE BAY,ROSE BAY,NSW,2029,28,1998,60.3
2 HOLLAND ROAD BELLEVUE HILL,BELLEVUE HILL,NSW,2023,28,1998,60.3
10 MOORE STREET BONDI,BONDI,NSW,2026,28,1998,60.3
2 PRINCE ALBERT ROAD SYDNEY,SYDNEY,NSW,2000,28,1998,60.3
9 MONTAGUE ROAD CREMORNE,CREMORNE,NSW,2090,21,2005,60.3
2 NEEWORRA ROAD NORTHBRIDGE,NORTHBRIDGE,NSW,2063,21,2005,60.3
302 SAILORS BAY ROAD NORTHBRIDGE,NORTHBRIDGE,NSW,2063,21,2005,60.3
54 WYONG ROAD MOSMAN,MOSMAN,NSW,2088,21,2005,60.3
16 WYONG ROAD MOSMAN,MOSMAN,NSW,2088,21,2005,60.3
2/8 LYONS STREET DOVER HEIGHTS,DOVER HEIGHTS,NSW,2030,28,1998,60.3
24 LYONS STREET DOVER HEIGHTS,DOVER HEIGHTS,NSW,2030,28,1998,60.3
141 DOVER ROAD ROSE BAY,ROSE BAY,NSW,2029,28,1998,60.3
78A-80 GOUGH STREET LEONAY,LEONAY,NSW,2750,28,1998,60.3
25/30-34 KEELER STREET CARLINGFORD,CARLINGFORD,NSW,2118,21,2005,60.3
37 RIDGE STREET EPPING,EPPING,NSW,2121,21,2005,60.3
65 ESSEX STREET EPPING,EPPING,NSW,2121,21,2005,60.3
6 TREEVIEW PLACE EPPING,EPPING,NSW,2121,21,2005,60.3
9 TENNYSON CLOSE CHERRYBROOK,CHERRYBROOK,NSW,2126,28,1998,60.3
44 STATION STREET THORNLEIGH,THORNLEIGH,NSW,2120,28,1998,60.3
139Z CECIL AVENUE CASTLE HILL,CASTLE HILL,NSW,2154,28,1998,60.3
MORGAN ROAD BELROSE,BELROSE,NSW,2085,28,1998,60.3
29 CONSUL ROAD BROOKVALE,BROOKVALE,NSW,2100,28,1998,60.3
3 TRUMAN AVENUE CROMER,CROMER,NSW,2099,28,1998,60.3
4 MATTHEW CLOSE ST IVES,ST IVES,NSW,2075,28,1998,60.3
132 RIDGEWAY CRESCENT SUN VALLEY,SUN VALLEY,NSW,2777,28,1998,60.3
33 BENSON ROAD BEAUMONT HILLS,BEAUMONT HILLS,NSW,2155,28,1998,60.3
5 WOODGLEN PLACE CHERRYBROOK,CHERRYBROOK,NSW,2126,28,1998,60.3
15 CARRINGTON ROAD HORNSBY,HORNSBY,NSW,2077,28,1998,60.3
155 EURABBA ROAD DUFFYS FOREST,DUFFYS FOREST,NSW,2084,28,1998,60.3
16 WAYFIELD ROAD GLENHAVEN,GLENHAVEN,NSW,2156,28,1998,60.3
227 TOORONGA ROAD TERREY HILLS,TERREY HILLS,NSW,2084,28,1998,60.3
14B DURAL STREET HORNSBY,HORNSBY,NSW,2077,28,1998,60.3
43 BURNS ROAD WAHROONGA,WAHROONGA,NSW,2076,28,1998,60.3
6-12 SUNNYSIDE AVENUE CARINGBAH,CARINGBAH,NSW,2229,28,1998,60.2
765 PRINCES HIGHWAY BLAKEHURST,BLAKEHURST,NSW,2221,28,1998,60.2
14 HORNINGSEA PARK DRIVE HORNINGSEA PARK,HORNINGSEA PARK,NSW,2171,28,1998,60.2
10 MARLIS AVENUE REVESBY,REVESBY,NSW,2212,28,1998,60.2
43/19 ELPHINSTONE ROAD SOUTH COOGEE,SOUTH COOGEE,NSW,2034,28,1998,60.2
79 NEWTON ROAD STRATHFIELD,STRATHFIELD,NSW,2135,21,2005,60.2
22 AUGUSTA STREET STRATHFIELD,STRATHFIELD,NSW,2135,28,1998,60.2
54 BELMORE STREET BURWOOD,BURWOOD,NSW,2134,28,1998,60.2
168-172 ALBERT ROAD STRATHFIELD,STRATHFIELD,NSW,2135,28,1998,60.2
9 VICKERY AVENUE ROSE BAY,ROSE BAY,NSW,2029,28,1998,60.2
57 CREMORNE ROAD CREMORNE POINT,CREMORNE POINT,NSW,2090,21,2005,60.2
2 KENSINGTON STREET WATERLOO,WATERLOO,NSW,2017,28,1998,60.2
12 SHELLCOVE ROAD KURRABA POINT,KURRABA POINT,NSW,2089,21,2005,60.2
1 BLUNDELL STREET MARSFIELD,MARSFIELD,NSW,2122,21,2005,60.2
40 LINDEN WAY CASTLECRAG,CASTLECRAG,NSW,2068,21,2005,60.2
5A CASTLE CIRCUIT SEAFORTH,SEAFORTH,NSW,2092,28,1998,60.2
2 KILLARNEY STREET MOSMAN,MOSMAN,NSW,2088,28,1998,60.2
45 HARDY STREET DOVER HEIGHTS,DOVER HEIGHTS,NSW,2030,28,1998,60.2
495 OLD SOUTH HEAD ROAD ROSE BAY,ROSE BAY,NSW,2029,28,1998,60.2
24 SPRUSON STREET NEUTRAL BAY,NEUTRAL BAY,NSW,2089,21,2005,60.2
24 WRIGHT STREET GLENBROOK,GLENBROOK,NSW,2773,28,1998,60.2
7 RANCH AVENUE GLENBROOK,GLENBROOK,NSW,2773,21,2005,60.2
27 ROSEN STREET EPPING,EPPING,NSW,2121,21,2005,60.2
108B BOUNDARY ROAD PENNANT HILLS,PENNANT HILLS,NSW,2120,28,1998,60.2
1C STEVENS STREET PENNANT HILLS,PENNANT HILLS,NSW,2120,28,1998,60.2
122 FRANKLIN ROAD CHERRYBROOK,CHERRYBROOK,NSW,2126,28,1998,60.2
4 HOYLE AVENUE CASTLE HILL,CASTLE HILL,NSW,2154,28,1998,60.2
17/83 DAVID ROAD CASTLE HILL,CASTLE HILL,NSW,2154,28,1998,60.2
WARRINGAH ROAD BEACON HILL,BEACON HILL,NSW,2100,28,1998,60.2
8 SHINFIELD AVENUE ST IVES,ST IVES,NSW,2075,28,1998,60.2
312 MACQUARIE ROAD SPRINGWOOD,SPRINGWOOD,NSW,2777,28,1998,60.2
22 WAIWERA AVENUE NORTH MANLY,NORTH MANLY,NSW,2100,28,1998,60.2
25 LINDEN CRESCENT CRANEBROOK,CRANEBROOK,NSW,2749,28,1998,60.2
19 GRAYS LANE CRANEBROOK,CRANEBROOK,NSW,2749,28,1998,60.2
32 FERNLEAF CRESCENT BEAUMONT HILLS,BEAUMONT HILLS,NSW,2155,21,2005,60.2
30 REGENT HONEYEATER GROVE NORTH KELLYVILLE,NORTH KELLYVILLE,NSW,2155,28,1998,60.2
6-8 APPLETREE DRIVE CHERRYBROOK,CHERRYBROOK,NSW,2126,28,1998,60.2
ALEXANDRIA PARADE WAHROONGA,WAHROONGA,NSW,2076,28,1998,60.2
2 WESTBROOK AVENUE WAHROONGA,WAHROONGA,NSW,2076,28,1998,60.2
2A SHERBROOK ROAD HORNSBY,HORNSBY,NSW,2077,28,1998,60.2
244R THE BOULEVARDE MIRANDA,MIRANDA,NSW,2228,28,1998,60.1
7 VICTORIA PARK PARADE ZETLAND,ZETLAND,NSW,2017,28,1998,60.1
25 FIFTH STREET ASHBURY,ASHBURY,NSW,2193,28,1998,60.1
LEOPOLD PLACE CECIL HILLS,CECIL HILLS,NSW,2171,28,1998,60.1
EDGAR STREET STRATHFIELD,STRATHFIELD,NSW,2135,21,2005,60.1
6 MELVILLE AVENUE STRATHFIELD,STRATHFIELD,NSW,2135,28,1998,60.1
3 MACKENZIE STREET HOMEBUSH,HOMEBUSH,NSW,2140,28,1998,60.1
STATION STREET PETERSHAM,PETERSHAM,NSW,2049,28,1998,60.1
14 LOLA ROAD DOVER HEIGHTS,DOVER HEIGHTS,NSW,2030,28,1998,60.1
29 HARDY STREET NORTH BONDI,NORTH BONDI,NSW,2026,28,1998,60.1
25 THORNE STREET EDGECLIFF,EDGECLIFF,NSW,2027,28,1998,60.1
3 BROADLANDS AVENUE GLENMORE PARK,GLENMORE PARK,NSW,2745,21,2005,60.1
26-30 THORNBILL CRESCENT MULGOA,MULGOA,NSW,2745,28,1998,60.1
7 CROPLEY STREET RHODES,RHODES,NSW,2138,21,2005,60.1
813 VICTORIA ROAD RYDE,RYDE,NSW,2112,21,2005,60.1
41 RANGERS ROAD CREMORNE,CREMORNE,NSW,2090,21,2005,60.1
3 LYONS STREET DOVER HEIGHTS,DOVER HEIGHTS,NSW,2030,21,2005,60.1
12 EARLE STREET CREMORNE,CREMORNE,NSW,2090,21,2005,60.1
51 WYCOMBE ROAD NEUTRAL BAY,NEUTRAL BAY,NSW,2089,21,2005,60.1
15 THIRD AVENUE WILLOUGHBY EAST,WILLOUGHBY EAST,NSW,2068,21,2005,60.1
1A EASTVIEW STREET GREENWICH,GREENWICH,NSW,2065,21,2005,60.1
295 WEST STREET CAMMERAY,CAMMERAY,NSW,2062,21,2005,60.1
HODGSON ROAD GLENBROOK,GLENBROOK,NSW,2773,28,1998,60.1
180 KNOX ROAD DOONSIDE,DOONSIDE,NSW,2767,28,1998,60.1
33A CLIFF STREET WATSONS BAY,WATSONS BAY,NSW,2030,28,1998,60.1
10 SURREY STREET EPPING,EPPING,NSW,2121,21,2005,60.1
108 KENT STREET EPPING,EPPING,NSW,2121,21,2005,60.1
52 DENT STREET EPPING,EPPING,NSW,2121,21,2005,60.1
33 MARIAM PLACE CHERRYBROOK,CHERRYBROOK,NSW,2126,28,1998,60.1
EDWARD STREET GORDON,GORDON,NSW,2072,28,1998,60.1
41-49 THE CHASE SUN VALLEY,VALLEY,NSW,,28,1998,60.1
212 CHAPMAN PARADE FAULCONBRIDGE,FAULCONBRIDGE,NSW,2776,28,1998,60.1
66 PERISHER ROAD BEAUMONT HILLS,BEAUMONT HILLS,NSW,2155,28,1998,60.1
32 STRATHEDEN AVENUE BEAUMONT HILLS,BEAUMONT HILLS,NSW,2155,28,1998,60.1
17 SPRING ROAD KELLYVILLE,KELLYVILLE,NSW,2155,28,1998,60.1
317 MONA VALE ROAD TERREY HILLS,TERREY HILLS,NSW,2084,28,1998,60.1
104 BOORALIE ROAD TERREY HILLS,TERREY HILLS,NSW,2084,28,1998,60.1
8 VINEYS LANE DURAL,DURAL,NSW,2158,28,1998,60.1
593 OLD NORTHERN ROAD GLENHAVEN,GLENHAVEN,NSW,2156,28,1998,60.1
236-242 MALABAR ROAD SOUTH COOGEE,SOUTH COOGEE,NSW,2034,28,1998,60.0
5 EDGECLIFFE AVENUE SOUTH COOGEE,SOUTH COOGEE,NSW,2034,28,1998,60.0
60 RAILWAY ROAD SYDENHAM,SYDENHAM,NSW,2044,28,1998,60.0
1 HUTCHINSON WALK ZETLAND,ZETLAND,NSW,2017,28,1998,60.0
18 MALLENY STREET ASHBURY,ASHBURY,NSW,2193,28,1998,60.0
 TURRELLA,,NSW,,28,1998,60.0
119 HOMEBUSH ROAD STRATHFIELD,STRATHFIELD,NSW,2135,28,1998,60.0
48 HOMEBUSH ROAD STRATHFIELD,STRATHFIELD,NSW,2135,28,1998,60.0
4 HYDEBRAE STREET STRATHFIELD,STRATHFIELD,NSW,2135,28,1998,60.0
44 MYRNA ROAD STRATHFIELD,STRATHFIELD,NSW,2135,28,1998,60.0
2A ROSEDALE STREET DULWICH HILL,DULWICH HILL,NSW,2203,28,1998,60.0
14 ARTHUR STREET ASHFIELD,ASHFIELD,NSW,2131,28,1998,60.0
25 ETONVILLE PARADE ASHFIELD,ASHFIELD,NSW,2131,28,1998,60.0
7 GLADSWOOD GARDENS DOUBLE BAY,DOUBLE BAY,NSW,2028,28,1998,60.0
10 HAMILTON STREET ROSE BAY,ROSE BAY,NSW,2029,28,1998,60.0
9 BLACK STREET VAUCLUSE,VAUCLUSE,NSW,2030,28,1998,60.0
35 RAMSGATE AVENUE BONDI BEACH,BONDI BEACH,NSW,2026,28,1998,60.0
6 GREENOAKS AVENUE DARLING POINT,DARLING POINT,NSW,2027,28,1998,60.0
36 MACMILLAN STREET SEAFORTH,SEAFORTH,NSW,2092,28,1998,60.0
65 WYONG ROAD MOSMAN,MOSMAN,NSW,2088,21,2005,60.0
41 ROSEBERY STREET MOSMAN,MOSMAN,NSW,2088,21,2005,60.0
6 LANSDOWNE STREET GREENWICH,GREENWICH,NSW,2065,21,2005,60.0
194 MIDSON ROAD EPPING,EPPING,NSW,2121,21,2005,60.0
8 MERINDA AVENUE EPPING,EPPING,NSW,2121,21,2005,60.0
42 PENNANT PARADE CARLINGFORD,CARLINGFORD,NSW,2118,21,2005,60.0
19A WILLOUGHBY STREET EPPING,EPPING,NSW,2121,21,2005,60.0
11 RAYMOND PLACE EPPING,EPPING,NSW,2121,21,2005,60.0
2A SUTHERLAND ROAD CHELTENHAM,CHELTENHAM,NSW,2119,28,1998,60.0
11 FLEUR CLOSE WEST PENNANT HILLS,WEST PENNANT HILLS,NSW,2125,28,1998,60.0
11 LYNDHURST WAY CHERRYBROOK,CHERRYBROOK,NSW,2126,28,1998,60.0
117 SOLDIERS AVENUE FRESHWATER,FRESHWATER,NSW,2096,28,1998,60.0
66 BEECHWORTH ROAD PYMBLE,PYMBLE,NSW,2073,28,1998,60.0
14 GREYFRIAR PLACE KELLYVILLE,KELLYVILLE,NSW,2155,28,1998,60.0
134 BRAMPTON DRIVE BEAUMONT HILLS,BEAUMONT HILLS,NSW,2155,28,1998,60.0
12 FALLON DRIVE DURAL,DURAL,NSW,2158,28,1998,60.0
19 PALMERSTON ROAD WAITARA,WAITARA,NSW,2077,28,1998,60.0
21 CLEVELAND STREET WAHROONGA,WAHROONGA,NSW,2076,28,1998,60.0
34A PRINCE EDWARD PARK ROAD WORONORA,WORONORA,NSW,2232,28,1998,59.9
1 MILFORD ROAD MIRANDA,MIRANDA,NSW,2228,28,1998,59.9
88R FREYA STREET KAREELA,KAREELA,NSW,2232,28,1998,59.9
64 HORNINGSEA PARK DRIVE HORNINGSEA PARK,HORNINGSEA PARK,NSW,2171,28,1998,59.9
16 THE SERPENTINE KENSINGTON,KENSINGTON,NSW,2033,28,1998,59.9
32 CHEVIOT STREET ASHBURY,ASHBURY,NSW,2193,28,1998,59.9
20 PYE ROAD ELIZABETH HILLS,ELIZABETH HILLS,NSW,2171,28,1998,59.9
16 BIRNAM GROVE STRATHFIELD,STRATHFIELD,NSW,2135,28,1998,59.9
250-252 BURWOOD ROAD BURWOOD,BURWOOD,NSW,2134,28,1998,59.9
41 MERLEY ROAD STRATHFIELD,STRATHFIELD,NSW,2135,28,1998,59.9
174 THE BOULEVARDE STRATHFIELD,STRATHFIELD,NSW,2135,28,1998,59.9
21 AUGUSTA STREET STRATHFIELD,STRATHFIELD,NSW,2135,28,1998,59.9
21 MIDELTON AVENUE NORTH BONDI,NORTH BONDI,NSW,2026,28,1998,59.9
47 SUTTIE ROAD BELLEVUE HILL,BELLEVUE HILL,NSW,2023,28,1998,59.9
74-76 MCLACHLAN AVENUE DARLINGHURST,DARLINGHURST,NSW,2010,28,1998,59.9
274-294 CHAIN-O-PONDS ROAD MULGOA,MULGOA,NSW,2745,28,1998,59.9
44 BARELLAN AVENUE CARLINGFORD,CARLINGFORD,NSW,2118,21,2005,59.9
6 BARELLAN AVENUE CARLINGFORD,CARLINGFORD,NSW,2118,21,2005,59.9
1 ROTHWELL STREET EASTWOOD,EASTWOOD,NSW,2122,21,2005,59.9
69A CAMMERAY ROAD CAMMERAY,CAMMERAY,NSW,2062,21,2005,59.9
19 SAYWELL STREET CHATSWOOD,CHATSWOOD,NSW,2067,21,2005,59.9
15 ANDERSON STREET NEUTRAL BAY,NEUTRAL BAY,NSW,2089,21,2005,59.9
40 FITZWILLIAM ROAD VAUCLUSE,VAUCLUSE,NSW,2030,21,2005,59.9
23 BOGOTA AVENUE CREMORNE POINT,CREMORNE POINT,NSW,2090,21,2005,59.9
123A HIGH STREET WILLOUGHBY EAST,WILLOUGHBY EAST,NSW,2068,21,2005,59.9
44 UPPER CLIFF ROAD NORTHWOOD,NORTHWOOD,NSW,2066,21,2005,59.9
363 VICTORIA ROAD GLADESVILLE,GLADESVILLE,NSW,2111,21,2005,59.9
7 MOUNT STREET MOUNT DRUITT,MOUNT DRUITT,NSW,2770,28,1998,59.9
187 RAY ROAD EPPING,EPPING,NSW,2121,21,2005,59.9
59 BAMBARA CRESCENT BEECROFT,BEECROFT,NSW,2119,21,2005,59.9
111 MALTON ROAD CHELTENHAM,CHELTENHAM,NSW,2119,28,1998,59.9
26 BEVAN PLACE CARLINGFORD,CARLINGFORD,NSW,2118,21,2005,59.9
8 LYNETTE AVENUE CARLINGFORD,CARLINGFORD,NSW,2118,21,2005,59.9
15 MARS STREET EPPING,EPPING,NSW,2121,21,2005,59.9
3 PEMBROKE STREET EPPING,EPPING,NSW,2121,21,2005,59.9
20 HOLLAND STREET NORTH EPPING,NORTH EPPING,NSW,2121,21,2005,59.9
68 GUMNUT ROAD CHERRYBROOK,CHERRYBROOK,NSW,2126,28,1998,59.9
51 COUNTY DRIVE CHERRYBROOK,CHERRYBROOK,NSW,2126,28,1998,59.9
9 JORDAN ROAD WAHROONGA,WAHROONGA,NSW,2076,28,1998,59.9
36 NARELLE AVENUE CASTLE HILL,CASTLE HILL,NSW,2154,28,1998,59.9
11 NERIDAH AVENUE BELROSE,BELROSE,NSW,2085,28,1998,59.9
7 SIR HENRYS PARADE FAULCONBRIDGE,FAULCONBRIDGE,NSW,2776,28,1998,59.9
76 CHAPMAN PARADE FAULCONBRIDGE,FAULCONBRIDGE,NSW,2776,28,1998,59.9
373-387 GREAT WESTERN HIGHWAY SPRINGWOOD,SPRINGWOOD,NSW,2777,28,1998,59.9
12-70 ST JOHNS ROAD BLAXLAND,BLAXLAND,NSW,2774,28,1998,59.9
6-8 COLLEGE CRESCENT HORNSBY,HORNSBY,NSW,2077,28,1998,59.9
110 COOYONG ROAD TERREY HILLS,TERREY HILLS,NSW,2084,28,1998,59.9
53A JAMES HENTY DRIVE DURAL,DURAL,NSW,2158,28,1998,59.9
3X WOODGLEN PLACE DURAL,DURAL,NSW,2158,28,1998,59.9
7 BRAEMORE COURT CASTLE HILL,CASTLE HILL,NSW,2154,28,1998,59.9
9-15 QUARRY ROAD DURAL,DURAL,NSW,2158,28,1998,59.9
573A OLD NORTHERN ROAD GLENHAVEN,GLENHAVEN,NSW,2156,28,1998,59.9
5 NORMURRA AVENUE NORTH TURRAMURRA,NORTH TURRAMURRA,NSW,2074,28,1998,59.9
117 PORPOISE CRESCENT BLIGH PARK,BLIGH PARK,NSW,2756,28,1998,59.9
30 PORTERS ROAD KENTHURST,KENTHURST,NSW,2156,28,1998,59.9
24A KIEWARRA STREET KINGSGROVE,KINGSGROVE,NSW,2208,28,1998,59.8
28 BROMPTON ROAD KENSINGTON,KENSINGTON,NSW,2033,28,1998,59.8
4-8 WYATT AVENUE BURWOOD,BURWOOD,NSW,2134,28,1998,59.8
81 WOMERAH AVENUE DARLINGHURST,DARLINGHURST,NSW,2010,28,1998,59.8
15 PEEL STREET DOVER HEIGHTS,DOVER HEIGHTS,NSW,2030,28,1998,59.8
99 HARDY STREET DOVER HEIGHTS,DOVER HEIGHTS,NSW,2030,28,1998,59.8
6 ORMOND STREET BONDI BEACH,BONDI BEACH,NSW,2026,28,1998,59.8
1 WYUNA ROAD POINT PIPER,POINT PIPER,NSW,2027,21,2005,59.8
11A EPPING AVENUE EASTWOOD,EASTWOOD,NSW,2122,21,2005,59.8
15 SWAN STREET GLADESVILLE,GLADESVILLE,NSW,2111,21,2005,59.8
53 DERBY STREET VAUCLUSE,VAUCLUSE,NSW,2030,28,1998,59.8
21 JOHNSON STREET CHATSWOOD,CHATSWOOD,NSW,2067,21,2005,59.8
21 ARKLAND STREET CAMMERAY,CAMMERAY,NSW,2062,21,2005,59.8
3 SHIRLEY ROAD WOLLSTONECRAFT,WOLLSTONECRAFT,NSW,2065,21,2005,59.8
4 BROOKLANDS ROAD GLENBROOK,GLENBROOK,NSW,2773,28,1998,59.8
65 BRICKETWOOD DRIVE WOODCROFT,WOODCROFT,NSW,2767,28,1998,59.8
110 MURRAY FARM ROAD BEECROFT,BEECROFT,NSW,2119,21,2005,59.8
3 MORSHEAD AVENUE CARLINGFORD,CARLINGFORD,NSW,2118,21,2005,59.8
17 MCMULLEN AVENUE CARLINGFORD,CARLINGFORD,NSW,2118,21,2005,59.8
208 RAY ROAD EPPING,EPPING,NSW,2121,21,2005,59.8
144 MIDSON ROAD EPPING,EPPING,NSW,2121,21,2005,59.8
1 RIDGE STREET EPPING,EPPING,NSW,2121,21,2005,59.8
33 MCMULLEN AVENUE CARLINGFORD,CARLINGFORD,NSW,2118,21,2005,59.8
64 DENT STREET EPPING,EPPING,NSW,2121,21,2005,59.8
10 MAWARRA CRESCENT MARSFIELD,MARSFIELD,NSW,2122,21,2005,59.8
55 ROBERT ROAD CHERRYBROOK,CHERRYBROOK,NSW,2126,28,1998,59.8
17A MALTON ROAD BEECROFT,BEECROFT,NSW,2119,28,1998,59.8
167 CHAPMAN PARADE FAULCONBRIDGE,FAULCONBRIDGE,NSW,2776,28,1998,59.8
36C EXETER ROAD WAHROONGA,WAHROONGA,NSW,2076,28,1998,59.8
21 PEARSON AVENUE GORDON,GORDON,NSW,2072,28,1998,59.8
16 FOREST CRESCENT BEAUMONT HILLS,BEAUMONT HILLS,NSW,2155,28,1998,59.8
107 SANCTUARY DRIVE BEAUMONT HILLS,BEAUMONT HILLS,NSW,2155,28,1998,59.8
610 OLD NORTHERN ROAD DURAL,DURAL,NSW,2158,28,1998,59.8
BENSLEY ROAD INGLEBURN,INGLEBURN,NSW,2565,28,1998,59.7
680 THE NORTHERN ROAD BRINGELLY,BRINGELLY,NSW,2556,28,1998,59.7
BULMANN AVENUE HORNINGSEA PARK,HORNINGSEA PARK,NSW,2171,28,1998,59.7
5 SPAGNOLO PLACE PRESTONS,PRESTONS,NSW,2170,28,1998,59.7
295 VICTORIA ROAD MARRICKVILLE,MARRICKVILLE,NSW,2204,21,2005,59.7
10 DUNSTAN STREET CROYDON PARK,CROYDON PARK,NSW,2133,28,1998,59.7
28 MINTARO AVENUE STRATHFIELD,STRATHFIELD,NSW,2135,28,1998,59.7
100 REDMYRE ROAD STRATHFIELD,STRATHFIELD,NSW,2135,28,1998,59.7
18 ABBOTSFORD ROAD HOMEBUSH,HOMEBUSH,NSW,2140,28,1998,59.7
36 SALISBURY ROAD ROSE BAY,ROSE BAY,NSW,2029,28,1998,59.7
2 NIBLICK STREET NORTH BONDI,NORTH BONDI,NSW,2026,28,1998,59.7
9 HUNTER STREET WOOLWICH,WOOLWICH,NSW,2110,21,2005,59.7
12C/37-43 REYNOLDS STREET CREMORNE,CREMORNE,NSW,2090,21,2005,59.7
2/73 BAY ROAD WAVERTON,WAVERTON,NSW,2060,21,2005,59.7
16 COLLEGE STREET GLADESVILLE,GLADESVILLE,NSW,2111,21,2005,59.7
5 RENWICK CLOSE BLAXLAND,BLAXLAND,NSW,2774,28,1998,59.7
16 GREAT WESTERN HIGHWAY LAPSTONE,LAPSTONE,NSW,2773,28,1998,59.7
4 CREEK ROAD ST MARYS,ST MARYS,NSW,2760,28,1998,59.7
40 DUNLOP STREET EPPING,EPPING,NSW,2121,21,2005,59.7
10 GRANDVIEW PARADE EPPING,EPPING,NSW,2121,21,2005,59.7
4 GILLARD WAY NORTH EPPING,NORTH EPPING,NSW,2121,21,2005,59.7
21 MANUKA CIRCLE CHERRYBROOK,CHERRYBROOK,NSW,2126,28,1998,59.7
72 COUNTY DRIVE CHERRYBROOK,CHERRYBROOK,NSW,2126,28,1998,59.7
7 MELALEUCA CLOSE CASTLE HILL,CASTLE HILL,NSW,2154,28,1998,59.7
11A MERRIWA PLACE CHERRYBROOK,CHERRYBROOK,NSW,2126,28,1998,59.7
66 EDWARD BENNETT DRIVE CHERRYBROOK,CHERRYBROOK,NSW,2126,21,2005,59.7
23 CALLISTO DRIVE CRANEBROOK,CRANEBROOK,NSW,2749,28,1998,59.7
3 ROSARIO PLACE ROUSE HILL,ROUSE HILL,NSW,2155,28,1998,59.7
160 PERFECTION AVENUE STANHOPE GARDENS,,NSW,,28,1998,59.7
131 BOORALIE ROAD DUFFYS FOREST,DUFFYS FOREST,NSW,2084,28,1998,59.7
45 HAMPDEN AVENUE WAHROONGA,WAHROONGA,NSW,2076,28,1998,59.7
17 CRANSTONS ROAD MIDDLE DURAL,MIDDLE DURAL,NSW,2158,28,1998,59.7
21 JOHNSON ROAD GALSTON,GALSTON,NSW,2159,28,1998,59.7
20 CATTAI RIDGE ROAD GLENORIE,GLENORIE,NSW,2157,28,1998,59.7
MCNAMARA AVENUE RICHMOND,RICHMOND,NSW,2753,28,1998,59.7
551 PRESIDENT AVENUE SUTHERLAND,SUTHERLAND,NSW,2232,28,1998,59.6
246R THE BOULEVARDE MIRANDA,MIRANDA,NSW,2228,28,1998,59.6
17 URUNGA PARADE MIRANDA,MIRANDA,NSW,2228,28,1998,59.6
BRAIDWOOD DRIVE PRESTONS,PRESTONS,NSW,2170,28,1998,59.6
4 TULICH AVENUE PRESTONS,PRESTONS,NSW,2170,28,1998,59.6
WALLACE STREET WAVERLEY,WAVERLEY,NSW,2024,28,1998,59.6
2 GREENWOOD AVENUE SOUTH COOGEE,SOUTH COOGEE,NSW,2034,28,1998,59.6
2/10 OSWALD STREET RANDWICK,RANDWICK,NSW,2031,28,1998,59.6
42 BROAD STREET CROYDON PARK,CROYDON PARK,NSW,2133,28,1998,59.6
14 FIFE PLACE CECIL HILLS,CECIL HILLS,NSW,2171,28,1998,59.6
13 DOBROYD DRIVE ELIZABETH HILLS,ELIZABETH HILLS,NSW,2171,28,1998,59.6
69 WARRADALE ROAD WARRAGAMBA,WARRAGAMBA,NSW,2752,28,1998,59.6
87 HOMEBUSH ROAD STRATHFIELD,STRATHFIELD,NSW,2135,28,1998,59.6
BERESFORD ROAD STRATHFIELD,STRATHFIELD,NSW,2135,28,1998,59.6
28 MACKENZIE STREET HOMEBUSH,HOMEBUSH,NSW,2140,28,1998,59.6
19 WUNDA ROAD CONCORD WEST,CONCORD WEST,NSW,2138,21,2005,59.6
47 CONSETT STREET CONCORD WEST,CONCORD WEST,NSW,2138,21,2005,59.6
28 OWEN STREET NORTH BONDI,NORTH BONDI,NSW,2026,28,1998,59.6
168 KURRABA ROAD KURRABA POINT,KURRABA POINT,NSW,2089,21,2005,59.6
11 SKENES AVENUE EASTWOOD,EASTWOOD,NSW,2122,21,2005,59.6
2 MANNING STREET NORTH BALGOWLAH,NORTH BALGOWLAH,NSW,2093,21,2005,59.6
AVENUE ROAD MOSMAN,MOSMAN,NSW,2088,21,2005,59.6
3 MISTRAL AVENUE MOSMAN,MOSMAN,NSW,2088,21,2005,59.6
MCLEAN CRESCENT MOSMAN,MOSMAN,NSW,2088,28,1998,59.6
28 WANDOO AVENUE RYDE,RYDE,NSW,2112,21,2005,59.6
44 GOVERNORS DRIVE LAPSTONE,LAPSTONE,NSW,2773,28,1998,59.6
90A TENCH AVENUE JAMISONTOWN,JAMISONTOWN,NSW,2750,28,1998,59.6
32 DAWSON STREET EPPING,EPPING,NSW,2121,21,2005,59.6
37 HILLCREST AVENUE EPPING,EPPING,NSW,2121,21,2005,59.6
17 ALBUERA ROAD EPPING,EPPING,NSW,2121,21,2005,59.6
31 KENT STREET EPPING,EPPING,NSW,2121,21,2005,59.6
34 MAGNOLIA AVENUE EPPING,EPPING,NSW,2121,21,2005,59.6
8 BEAHAN PLACE CHERRYBROOK,CHERRYBROOK,NSW,2126,28,1998,59.6
30 THE CRESCENT CHELTENHAM,CHELTENHAM,NSW,2119,28,1998,59.6
6 CHURCH STREET WEST PENNANT HILLS,WEST PENNANT HILLS,NSW,2125,28,1998,59.6
51 BRUNETTE DRIVE CASTLE HILL,CASTLE HILL,NSW,2154,28,1998,59.6
AMBLESIDE DRIVE CASTLE HILL,CASTLE HILL,NSW,2154,28,1998,59.6
7 JARRAH PLACE CASTLE HILL,CASTLE HILL,NSW,2154,28,1998,59.6
2 WILIMA PLACE FRENCHS FOREST,FRENCHS FOREST,NSW,2086,28,1998,59.6
OWEN STANLEY AVENUE ALLAMBIE HEIGHTS,ALLAMBIE HEIGHTS,NSW,2100,28,1998,59.6
39 CONSUL ROAD BROOKVALE,BROOKVALE,NSW,2100,21,2005,59.6
14 WIGRAM ROAD FAULCONBRIDGE,FAULCONBRIDGE,NSW,2776,28,1998,59.6
BURNS PLACE BLUE LABYRINTH,BLUE LABYRINTH,NSW,,28,1998,59.6
3-8 WILLOWGUM CRESCENT CRANEBROOK,CRANEBROOK,NSW,2749,28,1998,59.6
9 BEECHWORTH ROAD PYMBLE,PYMBLE,NSW,2073,28,1998,59.6
274B MALTON ROAD NORTH EPPING,NORTH EPPING,NSW,2121,28,1998,59.6
25 THE MALL WARRIMOO,WARRIMOO,NSW,2774,28,1998,59.6
28-30 ATTUNGA ROAD BLAXLAND,BLAXLAND,NSW,2774,28,1998,59.6
11 DALTON CLOSE ROUSE HILL,ROUSE HILL,NSW,2155,28,1998,59.6
7 GAMBIER AVENUE BEAUMONT HILLS,BEAUMONT HILLS,NSW,2155,28,1998,59.6
41 SOVEREIGN AVENUE KELLYVILLE RIDGE,KELLYVILLE RIDGE,NSW,2155,28,1998,59.6
105 BOORALIE ROAD TERREY HILLS,TERREY HILLS,NSW,2084,28,1998,59.6
106 BOORALIE ROAD TERREY HILLS,TERREY HILLS,NSW,2084,28,1998,59.6
70 OAKHILL DRIVE CASTLE HILL,CASTLE HILL,NSW,2154,28,1998,59.6
91 BOORALIE ROAD TERREY HILLS,TERREY HILLS,NSW,2084,28,1998,59.6
9 CURAGUL ROAD NORTH TURRAMURRA,NORTH TURRAMURRA,NSW,2074,28,1998,59.6
3 CALDERWOOD ROAD GALSTON,GALSTON,NSW,2159,28,1998,59.6
42 JENDI AVENUE BAYVIEW,BAYVIEW,NSW,2104,28,1998,59.6
23-25 PORTERS ROAD KENTHURST,KENTHURST,NSW,2156,28,1998,59.6
58 FERN STREET RANDWICK,RANDWICK,NSW,2031,28,1998,59.5
26 MCPHERSON STREET BANKSMEADOW,BANKSMEADOW,NSW,2019,28,1998,59.5
25 SLADE ROAD BARDWELL PARK,BARDWELL PARK,NSW,2207,28,1998,59.5
37 OXFORD ROAD STRATHFIELD,STRATHFIELD,NSW,2135,28,1998,59.5
260-264 LIVERPOOL ROAD ENFIELD,ENFIELD,NSW,2136,28,1998,59.5
31 BAKER STREET ENFIELD,ENFIELD,NSW,2136,28,1998,59.5
4 MENA STREET NORTH STRATHFIELD,NORTH STRATHFIELD,NSW,2137,21,2005,59.5
1 MYUNA ROAD DOVER HEIGHTS,DOVER HEIGHTS,NSW,2030,28,1998,59.5
3 LINDSAY AVENUE DARLING POINT,DARLING POINT,NSW,2027,28,1998,59.5
2 HALLSTROM CLOSE NORTHBRIDGE,NORTHBRIDGE,NSW,2063,21,2005,59.5
14A BAY STREET MOSMAN,MOSMAN,NSW,2088,28,1998,59.5
AMAROO CRESCENT MOSMAN,MOSMAN,NSW,2088,28,1998,59.5
20 WHEATLEIGH STREET NAREMBURN,NAREMBURN,NSW,2065,21,2005,59.5
16 CARR STREET WAVERTON,WAVERTON,NSW,2060,21,2005,59.5
85 WYANGALA CIRCUIT WOODCROFT,WOODCROFT,NSW,2767,28,1998,59.5
40A VICTORIA ROAD PENNANT HILLS,PENNANT HILLS,NSW,2120,28,1998,59.5
15 WEDGEWOOD CRESCENT BEACON HILL,BEACON HILL,NSW,2100,28,1998,59.5
26-27 GREAT WESTERN HIGHWAY VALLEY HEIGHTS,VALLEY HEIGHTS,NSW,2777,28,1998,59.5
30 PITT STREET SPRINGWOOD,SPRINGWOOD,NSW,2777,28,1998,59.5
360 KISSING POINT ROAD SOUTH TURRAMURRA,SOUTH TURRAMURRA,NSW,2074,28,1998,59.5
30 JAMES MILEHAM DRIVE KELLYVILLE,KELLYVILLE,NSW,2155,28,1998,59.5
47 TAMARISK CRESCENT CHERRYBROOK,CHERRYBROOK,NSW,2126,28,1998,59.5
11 FIFTH AVENUE LOFTUS,LOFTUS,NSW,2232,28,1998,59.4
27A MILBURN ROAD GYMEA,GYMEA,NSW,2227,28,1998,59.4
130R GLAISHER PARADE CRONULLA,CRONULLA,NSW,2230,28,1998,59.4
563 HENRY LAWSON DRIVE PANANIA,PANANIA,NSW,2213,28,1998,59.4
43 ST MARKS ROAD RANDWICK,RANDWICK,NSW,2031,28,1998,59.4
55 GWANDALAN ROAD EDENSOR PARK,EDENSOR PARK,NSW,2176,28,1998,59.4
1 EDGAR STREET STRATHFIELD,STRATHFIELD,NSW,2135,28,1998,59.4
58 ALBYN ROAD STRATHFIELD,STRATHFIELD,NSW,2135,21,2005,59.4
21 MILL HILL ROAD BONDI JUNCTION,BONDI JUNCTION,NSW,2022,28,1998,59.4
52 DARLING POINT ROAD DARLING POINT,DARLING POINT,NSW,2027,28,1998,59.4
THE NORTHERN ROAD ORCHARD HILLS,ORCHARD HILLS,NSW,2748,28,1998,59.4
67 CHELMSFORD AVENUE EPPING,EPPING,NSW,2121,21,2005,59.4
3 HOLWAY STREET EASTWOOD,EASTWOOD,NSW,2122,21,2005,59.4
23 WYONG ROAD MOSMAN,MOSMAN,NSW,2088,21,2005,59.4
1 HALLSTROM CLOSE NORTHBRIDGE,NORTHBRIDGE,NSW,2063,28,1998,59.4
6 NORWICH ROAD ROSE BAY,ROSE BAY,NSW,2029,28,1998,59.4
248 WILLOUGHBY ROAD NAREMBURN,NAREMBURN,NSW,2065,21,2005,59.4
2 CURTIS STREET RYDE,RYDE,NSW,2112,21,2005,59.4
16 THE BOULEVARDE EPPING,EPPING,NSW,2121,21,2005,59.4
18 DELAWARE STREET EPPING,EPPING,NSW,2121,21,2005,59.4
84 RAY ROAD EPPING,EPPING,NSW,2121,21,2005,59.4
6 PATYA CLOSE EPPING,EPPING,NSW,2121,21,2005,59.4
2 TARRAGUNDI ROAD EPPING,EPPING,NSW,2121,21,2005,59.4
WATERLOO ROAD MARSFIELD,MARSFIELD,NSW,2122,28,1998,59.4
31 GRIGG AVENUE NORTH EPPING,NORTH EPPING,NSW,2121,21,2005,59.4
56 NEW FARM ROAD WEST PENNANT HILLS,WEST PENNANT HILLS,NSW,2125,28,1998,59.4
30-34 GREENOAKS AVENUE CHERRYBROOK,CHERRYBROOK,NSW,2126,28,1998,59.4
87 MEMORIAL AVENUE ST IVES,ST IVES,NSW,2075,28,1998,59.4
207-241 GROSE ROAD FAULCONBRIDGE,FAULCONBRIDGE,NSW,2776,28,1998,59.4
16 PENINSULA ROAD VALLEY HEIGHTS,VALLEY HEIGHTS,NSW,2777,28,1998,59.4
54 RIDGEWAY CRESCENT SUN VALLEY,SUN VALLEY,NSW,2777,28,1998,59.4
11 CROSBY AVENUE BEAUMONT HILLS,BEAUMONT HILLS,NSW,2155,28,1998,59.4
15 HALCYON AVENUE KELLYVILLE,KELLYVILLE,NSW,2155,28,1998,59.4
870 WINDSOR ROAD ROUSE HILL,ROUSE HILL,NSW,2155,28,1998,59.4
23 LISGAR ROAD HORNSBY,HORNSBY,NSW,2077,28,1998,59.4
8 KILLAWARRA ROAD DUFFYS FOREST,DUFFYS FOREST,NSW,2084,28,1998,59.4
LUKAS AVENUE KENTHURST,KENTHURST,NSW,2156,28,1998,59.4
6 FINCHLEY PLACE TURRAMURRA,TURRAMURRA,NSW,2074,28,1998,59.4
90 RACECOURSE ROAD CLARENDON,CLARENDON,NSW,2756,28,1998,59.4
4 BRANDS LANE WARRIEWOOD,WARRIEWOOD,NSW,2102,28,1998,59.4
68 MOUNT ANNAN DRIVE MOUNT ANNAN,MOUNT ANNAN,NSW,2567,21,2005,59.3
427/5 DEFRIES AVENUE ZETLAND,ZETLAND,NSW,2017,28,1998,59.3
74 DONCASTER AVENUE KENSINGTON,KENSINGTON,NSW,2033,28,1998,59.3
17 AUGUSTA STREET STRATHFIELD,STRATHFIELD,NSW,2135,28,1998,59.3
37-39 BURLINGTON ROAD HOMEBUSH,HOMEBUSH,NSW,2140,28,1998,59.3
127 MURRIVERIE ROAD NORTH BONDI,NORTH BONDI,NSW,2026,28,1998,59.3
695 OLD SOUTH HEAD ROAD VAUCLUSE,VAUCLUSE,NSW,2030,28,1998,59.3
2 ILUKA STREET ROSE BAY,ROSE BAY,NSW,2029,28,1998,59.3
15 PAUL STREET BONDI JUNCTION,BONDI JUNCTION,NSW,2022,28,1998,59.3
203-225 VICTORIA STREET POTTS POINT,POTTS POINT,NSW,2011,21,2005,59.3
48A BALACLAVA ROAD EASTWOOD,EASTWOOD,NSW,2122,21,2005,59.3
11 BALL AVENUE EASTWOOD,EASTWOOD,NSW,2122,21,2005,59.3
2 RIGNOLD STREET SEAFORTH,SEAFORTH,NSW,2092,28,1998,59.3
117 YOUNG STREET CREMORNE,CREMORNE,NSW,2090,21,2005,59.3
22 CROWS NEST ROAD WAVERTON,WAVERTON,NSW,2060,21,2005,59.3
68 BLAXLAND ROAD RYDE,RYDE,NSW,2112,21,2005,59.3
10A CHARLES STREET RYDE,RYDE,NSW,2112,21,2005,59.3
4 SMALL STREET PUTNEY,PUTNEY,NSW,2112,21,2005,59.3
57-59 EVAN STREET PENRITH,PENRITH,NSW,2750,28,1998,59.3
10 ADDISON ROAD MANLY,MANLY,NSW,2095,21,2005,59.3
11 PARK STREET EPPING,EPPING,NSW,2121,21,2005,59.3
37 RAY ROAD EPPING,EPPING,NSW,2121,21,2005,59.3
13 RAYMOND STREET EASTWOOD,EASTWOOD,NSW,2122,21,2005,59.3
2 KENT STREET EPPING,EPPING,NSW,2121,21,2005,59.3
56B EASTWOOD AVENUE EASTWOOD,EASTWOOD,NSW,2122,21,2005,59.3
31 STANLEY ROAD EPPING,EPPING,NSW,2121,21,2005,59.3
17-19 BUSACO ROAD MARSFIELD,MARSFIELD,NSW,2122,28,1998,59.3
123 NEW LINE ROAD CHERRYBROOK,CHERRYBROOK,NSW,2126,28,1998,59.3
4 JACINTA AVENUE BEECROFT,BEECROFT,NSW,2119,28,1998,59.3
55 OLD CASTLE HILL ROAD CASTLE HILL,CASTLE HILL,NSW,2154,28,1998,59.3
18 RODBOROUGH ROAD FRENCHS FOREST,FRENCHS FOREST,NSW,2086,28,1998,59.3
18A RONALD AVENUE NARRAWEENA,NARRAWEENA,NSW,2099,28,1998,59.3
1074 PACIFIC HIGHWAY PYMBLE,PYMBLE,NSW,2073,28,1998,59.3
57 REDDEN DRIVE KELLYVILLE,KELLYVILLE,NSW,2155,28,1998,59.3
39 SOFTWOOD AVENUE BEAUMONT HILLS,BEAUMONT HILLS,NSW,2155,21,2005,59.3
25 BEAUMONT DRIVE BEAUMONT HILLS,BEAUMONT HILLS,NSW,2155,28,1998,59.3
3 RODWELL PLACE KELLYVILLE,KELLYVILLE,NSW,2155,28,1998,59.3
4 STEPHEN STREET HORNSBY,HORNSBY,NSW,2077,28,1998,59.3
20 WATER STREET WAHROONGA,WAHROONGA,NSW,2076,28,1998,59.3
PRINCE ALFRED PARADE PITTWATER,PITTWATER,NSW,,28,1998,59.3
15 HANSENS ROAD KENTLYN,KENTLYN,NSW,2560,21,2005,59.2
182R RATHANE ROAD WARUMBUL,WARUMBUL,NSW,2232,28,1998,59.2
90A MEMORIAL AVENUE LIVERPOOL,LIVERPOOL,NSW,2170,28,1998,59.2
104Z MARCO AVENUE REVESBY,REVESBY,NSW,2212,28,1998,59.2
126-146 ROBEY STREET MAROUBRA,MAROUBRA,NSW,2035,28,1998,59.2
19 WOLSELEY ROAD SOUTH COOGEE,SOUTH COOGEE,NSW,2034,28,1998,59.2
2-4 LAWSON STREET FAIRFIELD,FAIRFIELD,NSW,2165,28,1998,59.2
2 EDGAR STREET STRATHFIELD,STRATHFIELD,NSW,2135,28,1998,59.2
3 MARGARET STREET STRATHFIELD,STRATHFIELD,NSW,2135,28,1998,59.2
20 CUMMING AVENUE CONCORD WEST,CONCORD WEST,NSW,2138,21,2005,59.2
2 GASCOIGNE ROAD BIRRONG,BIRRONG,NSW,2143,28,1998,59.2
52 CLYDE STREET NORTH BONDI,NORTH BONDI,NSW,2026,28,1998,59.2
154 HARGRAVE STREET PADDINGTON,PADDINGTON,NSW,2021,28,1998,59.2
88 WENTWORTH ROAD VAUCLUSE,VAUCLUSE,NSW,2030,28,1998,59.2
60 GLENMORE RIDGE DRIVE GLENMORE PARK,GLENMORE PARK,NSW,2745,28,1998,59.2
2304A THE NORTHERN ROAD ORCHARD HILLS,ORCHARD HILLS,NSW,2748,28,1998,59.2
659 BLAXLAND ROAD EASTWOOD,EASTWOOD,NSW,2122,21,2005,59.2
51 CHESTERFIELD ROAD EPPING,EPPING,NSW,2121,21,2005,59.2
1 KENNETH ROAD MANLY,MANLY,NSW,2095,28,1998,59.2
14 PHILLIP AVENUE SEAFORTH,SEAFORTH,NSW,2092,28,1998,59.2
WONGA ROAD CREMORNE,CREMORNE,NSW,2090,21,2005,59.2
26 JULIAN STREET MOSMAN,MOSMAN,NSW,2088,21,2005,59.2
9 BURTON STREET MOSMAN,MOSMAN,NSW,2088,21,2005,59.2
65 MINIMBAH ROAD NORTHBRIDGE,NORTHBRIDGE,NSW,2063,21,2005,59.2
30 MORTON STREET WOLLSTONECRAFT,WOLLSTONECRAFT,NSW,2065,21,2005,59.2
GORE HILL FREEWAY ARTARMON,ARTARMON,NSW,2064,21,2005,59.2
788 VICTORIA ROAD RYDE,RYDE,NSW,2112,21,2005,59.2
119 STATION STREET PENRITH,PENRITH,NSW,2750,28,1998,59.2
136 BRADDOCK STREET CRANEBROOK,CRANEBROOK,NSW,2749,28,1998,59.2
123 RIVER ROAD EMU PLAINS,EMU PLAINS,NSW,2750,28,1998,59.2
12 ROSEBANK AVENUE EPPING,EPPING,NSW,2121,21,2005,59.2
5 CRAIGLEA GARDENS CARLINGFORD,CARLINGFORD,NSW,2118,21,2005,59.2
28 AVONLEA DRIVE CARLINGFORD,CARLINGFORD,NSW,2118,21,2005,59.2
7 BORONIA AVENUE EPPING,EPPING,NSW,2121,21,2005,59.2
69 MURRAY FARM ROAD CARLINGFORD,CARLINGFORD,NSW,2118,21,2005,59.2
6 VICTORIA STREET EPPING,EPPING,NSW,2121,21,2005,59.2
37 DAWSON STREET EPPING,EPPING,NSW,2121,21,2005,59.2
10 CHESTERFIELD ROAD EPPING,EPPING,NSW,2121,21,2005,59.2
754B PENNANT HILLS ROAD CARLINGFORD,CARLINGFORD,NSW,2118,21,2005,59.2
11 YORK STREET EPPING,EPPING,NSW,2121,21,2005,59.2
6 MERRIWA PLACE CHERRYBROOK,CHERRYBROOK,NSW,2126,28,1998,59.2
45 WESSON ROAD WEST PENNANT HILLS,WEST PENNANT HILLS,NSW,2125,21,2005,59.2
13 REID AVENUE CASTLE HILL,CASTLE HILL,NSW,2154,21,2005,59.2
28 FRANKLIN ROAD CHERRYBROOK,CHERRYBROOK,NSW,2126,28,1998,59.2
35 SUMMER ROAD FAULCONBRIDGE,FAULCONBRIDGE,NSW,2776,28,1998,59.2
17 DALY ROAD FAULCONBRIDGE,FAULCONBRIDGE,NSW,2776,28,1998,59.2
37 WILSON STREET FRESHWATER,FRESHWATER,NSW,2096,28,1998,59.2
37 WASCOE STREET GLENBROOK,GLENBROOK,NSW,2773,28,1998,59.2
48 ROSS CRESCENT BLAXLAND,BLAXLAND,NSW,2774,28,1998,59.2
48 VALENTI CRESCENT KELLYVILLE,KELLYVILLE,NSW,2155,21,2005,59.2
8 CRUSADER ROAD GALSTON,GALSTON,NSW,2159,28,1998,59.2
92 BOORALIE ROAD TERREY HILLS,TERREY HILLS,NSW,2084,28,1998,59.2
19 WAYFIELD ROAD GLENHAVEN,GLENHAVEN,NSW,2156,28,1998,59.2
101 CHURCH STREET SOUTH WINDSOR,SOUTH WINDSOR,NSW,2756,28,1998,59.2
3 MOUNTVIEW PLACE BILGOLA PLATEAU,BILGOLA PLATEAU,NSW,2107,28,1998,59.2
266 PRESIDENT AVENUE MIRANDA,MIRANDA,NSW,2228,28,1998,59.1
137 WORONORA CRESCENT COMO,COMO,NSW,2226,28,1998,59.1
135 LETITIA STREET OATLEY,OATLEY,NSW,2223,28,1998,59.1
2-28 ALEXANDER AVENUE TAREN POINT,TAREN POINT,NSW,2229,28,1998,59.1
7 DEE CLOSE PRESTONS,PRESTONS,NSW,2170,21,2005,59.1
218 HOMEBUSH ROAD STRATHFIELD,STRATHFIELD,NSW,2135,28,1998,59.1
123 ALBERT ROAD STRATHFIELD,STRATHFIELD,NSW,2135,28,1998,59.1
32 MYUNA ROAD DOVER HEIGHTS,DOVER HEIGHTS,NSW,2030,28,1998,59.1
80 MURRIVERIE ROAD NORTH BONDI,NORTH BONDI,NSW,2026,28,1998,59.1
16 WILFIELD AVENUE VAUCLUSE,VAUCLUSE,NSW,2030,28,1998,59.1
2A ROE STREET NORTH BONDI,NORTH BONDI,NSW,2026,28,1998,59.1
19 NEW SOUTH HEAD ROAD VAUCLUSE,VAUCLUSE,NSW,2030,28,1998,59.1
94 MANNING ROAD DOUBLE BAY,DOUBLE BAY,NSW,2028,28,1998,59.1
DARLING DRIVE SYDNEY,SYDNEY,NSW,2000,28,1998,59.1
9 CLANALPINE STREET MOSMAN,MOSMAN,NSW,2088,28,1998,59.1
7 OWEN STREET NORTH WILLOUGHBY,NORTH WILLOUGHBY,NSW,2068,21,2005,59.1
12 PENSAX ROAD CRANEBROOK,CRANEBROOK,NSW,2749,28,1998,59.1
3 KAWANA CLOSE EPPING,EPPING,NSW,2121,21,2005,59.1
1/46 BEECROFT ROAD BEECROFT,BEECROFT,NSW,2119,28,1998,59.1
114 BEECROFT ROAD BEECROFT,BEECROFT,NSW,2119,28,1998,59.1
147 OLD CASTLE HILL ROAD CASTLE HILL,CASTLE HILL,NSW,2154,28,1998,59.1
23 FOREST GLEN DRIVE CRANEBROOK,CRANEBROOK,NSW,2749,28,1998,59.1
110-114 BOUNDARY ROAD CRANEBROOK,CRANEBROOK,NSW,2749,28,1998,59.1
GARFIELD ROAD EAST RIVERSTONE,EAST RIVERSTONE,NSW,,28,1998,59.1
3 BRENDAN PLACE QUAKERS HILL,QUAKERS HILL,NSW,2763,28,1998,59.1
28 STONECROP ROAD NORTH TURRAMURRA,NORTH TURRAMURRA,NSW,2074,28,1998,59.1
1588B PITTWATER ROAD MONA VALE,MONA VALE,NSW,2103,28,1998,59.1
385 BARRENJOEY ROAD NEWPORT,NEWPORT,NSW,2106,28,1998,59.1
72 TORRES STREET KURNELL,KURNELL,NSW,2231,28,1998,59.0
41 JOHNSTON PARADE MAROUBRA,MAROUBRA,NSW,2035,28,1998,59.0
39A MOUNT STREET COOGEE,COOGEE,NSW,2034,28,1998,59.0
20 BODEN AVENUE STRATHFIELD,STRATHFIELD,NSW,2135,28,1998,59.0
9 THE PARADE ENFIELD,ENFIELD,NSW,2136,28,1998,59.0
17 AGNES STREET STRATHFIELD,STRATHFIELD,NSW,2135,21,2005,59.0
97 WALLIS AVENUE STRATHFIELD,STRATHFIELD,NSW,2135,28,1998,59.0
153 QUEEN STREET CONCORD WEST,CONCORD WEST,NSW,2138,21,2005,59.0
54 HIGH STREET NORTH SYDNEY,NORTH SYDNEY,NSW,2060,21,2005,59.0
85 KURRABA ROAD KURRABA POINT,KURRABA POINT,NSW,2089,21,2005,59.0
131P HENLEY MARINE DRIVE DRUMMOYNE,DRUMMOYNE,NSW,2047,21,2005,59.0
2 TENBY STREET BLACKTOWN,BLACKTOWN,NSW,2148,28,1998,59.0
33A BANGAROO STREET NORTH BALGOWLAH,NORTH BALGOWLAH,NSW,2093,28,1998,59.0
12 WYONG ROAD MOSMAN,MOSMAN,NSW,2088,21,2005,59.0
462 WILLOUGHBY ROAD WILLOUGHBY,WILLOUGHBY,NSW,2068,21,2005,59.0
44 MILNER CRESCENT WOLLSTONECRAFT,WOLLSTONECRAFT,NSW,2065,21,2005,59.0
36 POTTS STREET RYDE,RYDE,NSW,2112,21,2005,59.0
1 TUGGERAH PLACE WOODCROFT,WOODCROFT,NSW,2767,28,1998,59.0
42C KENT STREET EPPING,EPPING,NSW,2121,21,2005,59.0
5 CHELMSFORD AVENUE EPPING,EPPING,NSW,2121,21,2005,59.0
1/245 MIDSON ROAD EPPING,EPPING,NSW,2121,21,2005,59.0
49 CLIFF ROAD EPPING,EPPING,NSW,2121,21,2005,59.0
71 RAY ROAD EPPING,EPPING,NSW,2121,21,2005,59.0
68 DENT STREET EPPING,EPPING,NSW,2121,21,2005,59.0
16 BARTIL CLOSE EPPING,EPPING,NSW,2121,21,2005,59.0
19 SHEOAK CLOSE CHERRYBROOK,CHERRYBROOK,NSW,2126,28,1998,59.0
2 GLAMORGAN WAY CHERRYBROOK,CHERRYBROOK,NSW,2126,28,1998,59.0
8A HAMPDEN ROAD PENNANT HILLS,PENNANT HILLS,NSW,2120,28,1998,59.0
88A THE CRESCENT CHELTENHAM,CHELTENHAM,NSW,2119,28,1998,59.0
138 CECIL AVENUE CASTLE HILL,CASTLE HILL,NSW,2154,28,1998,59.0
89 BEACON HILL ROAD BEACON HILL,BEACON HILL,NSW,2100,28,1998,59.0
42 TOROKINA AVENUE ST IVES,ST IVES,NSW,2075,28,1998,59.0
3 ROSS CRESCENT BLAXLAND,BLAXLAND,NSW,2774,21,2005,59.0
599-607 OLD NORTHERN ROAD GLENHAVEN,GLENHAVEN,NSW,2156,28,1998,59.0
15 GLEN HELEN GROVE DURAL,DURAL,NSW,2158,28,1998,59.0
609 OLD NORTHERN ROAD GLENHAVEN,GLENHAVEN,NSW,2156,28,1998,59.0
228 TOORONGA ROAD TERREY HILLS,TERREY HILLS,NSW,2084,28,1998,59.0
1A FERN TREE CLOSE HORNSBY,HORNSBY,NSW,2077,28,1998,59.0
71 EAST MARKET STREET HOBARTVILLE,HOBARTVILLE,NSW,2753,28,1998,59.0
21 LARNE STREET PRESTONS,PRESTONS,NSW,2170,28,1998,58.9
33 WESTON STREET REVESBY,REVESBY,NSW,2212,28,1998,58.9
3A JOYNTON AVENUE ZETLAND,ZETLAND,NSW,2017,28,1998,58.9
751 NEW CANTERBURY ROAD DULWICH HILL,DULWICH HILL,NSW,2203,28,1998,58.9
LIVERPOOL ROAD GREENACRE,GREENACRE,NSW,2190,28,1998,58.9
359A LIVERPOOL ROAD STRATHFIELD,STRATHFIELD,NSW,2135,28,1998,58.9
9 MACKENZIE STREET CONCORD WEST,CONCORD WEST,NSW,2138,21,2005,58.9
1R OXFORD STREET CENTENNIAL PARK,CENTENNIAL PARK,NSW,2021,28,1998,58.9
131 MILITARY ROAD DOVER HEIGHTS,DOVER HEIGHTS,NSW,2030,28,1998,58.9
47 GLENAYR AVENUE NORTH BONDI,NORTH BONDI,NSW,2026,28,1998,58.9
204-232 JERSEY ROAD PADDINGTON,PADDINGTON,NSW,2021,28,1998,58.9
45 BINYANG AVENUE GLENMORE PARK,GLENMORE PARK,NSW,2745,28,1998,58.9
3 HONDA ROAD KURRABA POINT,KURRABA POINT,NSW,2089,21,2005,58.9
10 CHURCHILL CRESCENT CAMMERAY,CAMMERAY,NSW,2062,21,2005,58.9
2 MCKYE STREET WAVERTON,WAVERTON,NSW,2060,21,2005,58.9
43 RIVER ROAD EMU PLAINS,EMU PLAINS,NSW,2750,21,2005,58.9
31 HILLCREST AVENUE EPPING,EPPING,NSW,2121,21,2005,58.9
19 TORQUIL AVENUE CARLINGFORD,CARLINGFORD,NSW,2118,21,2005,58.9
466 PENNANT HILLS ROAD PENNANT HILLS,PENNANT HILLS,NSW,2120,28,1998,58.9
40 CHELTENHAM ROAD CHELTENHAM,CHELTENHAM,NSW,2119,28,1998,58.9
11 VERLETTA AVENUE CASTLE HILL,CASTLE HILL,NSW,2154,21,2005,58.9
7 BERNARD PLACE CHERRYBROOK,CHERRYBROOK,NSW,2126,28,1998,58.9
35 ROBERT ROAD CHERRYBROOK,CHERRYBROOK,NSW,2126,28,1998,58.9
4/1 LUCINDA AVENUE NORWEST,NORWEST,NSW,2153,28,1998,58.9
105 ANDROMEDA DRIVE CRANEBROOK,CRANEBROOK,NSW,2749,28,1998,58.9
5 TOWNSEND CIRCUIT BEAUMONT HILLS,BEAUMONT HILLS,NSW,2155,28,1998,58.9
11 REDGUM CRESCENT BEAUMONT HILLS,BEAUMONT HILLS,NSW,2155,28,1998,58.9
1 PANMURE STREET ROUSE HILL,ROUSE HILL,NSW,2155,28,1998,58.9
2 PITURI WAY KELLYVILLE RIDGE,KELLYVILLE RIDGE,NSW,2155,28,1998,58.9
13R MARINE PARADE MAROUBRA,MAROUBRA,NSW,2035,28,1998,58.8
4 NAPPER STREET SOUTH COOGEE,SOUTH COOGEE,NSW,2034,28,1998,58.8
32A VIRGINIA STREET KENSINGTON,KENSINGTON,NSW,2033,28,1998,58.8
46 WOODWARD AVENUE STRATHFIELD,STRATHFIELD,NSW,2135,28,1998,58.8
43 REDMYRE ROAD STRATHFIELD,STRATHFIELD,NSW,2135,28,1998,58.8
6 NELSON STREET WOOLLAHRA,WOOLLAHRA,NSW,2025,21,2005,58.8
26 STRICKLAND STREET ROSE BAY,ROSE BAY,NSW,2029,28,1998,58.8
24 COURTENAY ROAD ROSE BAY,ROSE BAY,NSW,2029,28,1998,58.8
4A NELSON STREET WOOLLAHRA,WOOLLAHRA,NSW,2025,28,1998,58.8
23 ENNIS STREET BALMAIN,BALMAIN,NSW,2041,21,2005,58.8
31 POST OFFICE STREET CARLINGFORD,CARLINGFORD,NSW,2118,21,2005,58.8
19-21 COUNTESS STREET MOSMAN,MOSMAN,NSW,2088,21,2005,58.8
44 BENNETT STREET CREMORNE,CREMORNE,NSW,2090,21,2005,58.8
9 AMAROO CRESCENT MOSMAN,MOSMAN,NSW,2088,28,1998,58.8
34 CHALEYER STREET ROSE BAY,ROSE BAY,NSW,2029,28,1998,58.8
4 RAWHITI STREET ROSEVILLE,ROSEVILLE,NSW,2069,21,2005,58.8
3 HENRY STREET RYDE,RYDE,NSW,2112,21,2005,58.8
123-125 MARTIN STREET MULGOA,MULGOA,NSW,2745,28,1998,58.8
14/42-50 CLIFF ROAD EPPING,EPPING,NSW,2121,21,2005,58.8
11 HOLDEN AVENUE EPPING,EPPING,NSW,2121,21,2005,58.8
76 BAMBARA CRESCENT BEECROFT,BEECROFT,NSW,2119,21,2005,58.8
7 BAMBARA CRESCENT BEECROFT,BEECROFT,NSW,2119,21,2005,58.8
17 CUMBERLAND STREET EPPING,EPPING,NSW,2121,21,2005,58.8
47B DOWNING STREET EPPING,EPPING,NSW,2121,21,2005,58.8
2 WORTHING PLACE CHERRYBROOK,CHERRYBROOK,NSW,2126,28,1998,58.8
10 MARGUERITE CRESCENT WEST PENNANT HILLS,WEST PENNANT HILLS,NSW,2125,28,1998,58.8
34 LONGWORTH CRESCENT CASTLE HILL,CASTLE HILL,NSW,2154,28,1998,58.8
18 ROWENA PLACE CHERRYBROOK,CHERRYBROOK,NSW,2126,28,1998,58.8
53 FRANKLIN ROAD CHERRYBROOK,CHERRYBROOK,NSW,2126,28,1998,58.8
22 RIDGEWAY CRESCENT SUN VALLEY,SUN VALLEY,NSW,2777,28,1998,58.8
8 PEARSON AVENUE GORDON,GORDON,NSW,2072,28,1998,58.8
153 SANCTUARY DRIVE ROUSE HILL,ROUSE HILL,NSW,2155,28,1998,58.8
2 ALFORD ROAD BEAUMONT HILLS,BEAUMONT HILLS,NSW,2155,28,1998,58.8
5 BOTTLE BRUSH AVENUE BEAUMONT HILLS,BEAUMONT HILLS,NSW,2155,21,2005,58.8
143 GLENHAVEN ROAD GLENHAVEN,GLENHAVEN,NSW,2156,28,1998,58.8
13 GARNET PLACE NORTH KELLYVILLE,NORTH KELLYVILLE,NSW,2155,21,2005,58.8
61-73 ILLINGWORTH ROAD YELLOW ROCK,YELLOW ROCK,NSW,2777,28,1998,58.8
4 TEDDICK PLACE CHERRYBROOK,CHERRYBROOK,NSW,2126,28,1998,58.8
19 CABER CLOSE DURAL,DURAL,NSW,2158,28,1998,58.8
50 JENNER ROAD DURAL,DURAL,NSW,2158,28,1998,58.8
25B CLEVELAND STREET WAHROONGA,WAHROONGA,NSW,2076,28,1998,58.8
98B ELIMATTA ROAD MONA VALE,MONA VALE,NSW,2103,28,1998,58.8
33 DOUGLASS ESTATE MCCARRS CREEK,CREEK,NSW,,28,1998,58.8
40R THIRD AVENUE LOFTUS,LOFTUS,NSW,2232,28,1998,58.7
126 KAREENA ROAD CARINGBAH,CARINGBAH,NSW,2229,28,1998,58.7
1975 CAMDEN VALLEY WAY PRESTONS,PRESTONS,NSW,2170,28,1998,58.7
2 VERMONT AVENUE ELIZABETH HILLS,ELIZABETH HILLS,NSW,2171,28,1998,58.7
84 THE RIVER ROAD REVESBY,REVESBY,NSW,2212,28,1998,58.7
2 ROWLEY STREET ELIZABETH HILLS,ELIZABETH HILLS,NSW,2171,28,1998,58.7
4 DUXFORD STREET ELIZABETH HILLS,ELIZABETH HILLS,NSW,2171,28,1998,58.7
6 MERLEY ROAD STRATHFIELD,STRATHFIELD,NSW,2135,28,1998,58.7
9 BIRNAM GROVE STRATHFIELD,STRATHFIELD,NSW,2135,28,1998,58.7
8 ROBERTS STREET ROSE BAY,ROSE BAY,NSW,2029,21,2005,58.7
MILITARY ROAD NORTH BONDI,NORTH BONDI,NSW,2026,28,1998,58.7
81 DARLING POINT ROAD DARLING POINT,DARLING POINT,NSW,2027,28,1998,58.7
120 ELIZABETH STREET SYDNEY,SYDNEY,NSW,2000,28,1998,58.7
4 BRANKSOME WAY GLENMORE PARK,GLENMORE PARK,NSW,2745,28,1998,58.7
22 EPPING AVENUE EASTWOOD,EASTWOOD,NSW,2122,21,2005,58.7
93 CLONTARF STREET SEAFORTH,SEAFORTH,NSW,2092,28,1998,58.7
BOTANIC ROAD MOSMAN,MOSMAN,NSW,2088,28,1998,58.7
6 LOLA ROAD DOVER HEIGHTS,DOVER HEIGHTS,NSW,2030,28,1998,58.7
63 THE BULWARK CASTLECRAG,CASTLECRAG,NSW,2068,21,2005,58.7
33 EDINBURGH ROAD WILLOUGHBY EAST,WILLOUGHBY EAST,NSW,2068,21,2005,58.7
5A SUTTOR AVENUE RYDE,RYDE,NSW,2112,21,2005,58.7
40 BREAKFAST ROAD MARAYONG,MARAYONG,NSW,2148,28,1998,58.7
110 KENT STREET EPPING,EPPING,NSW,2121,21,2005,58.7
43 WYRALLA AVENUE EPPING,EPPING,NSW,2121,21,2005,58.7
1 DUNTROON AVENUE EPPING,EPPING,NSW,2121,21,2005,58.7
23 SHIPWAY STREET MARSFIELD,MARSFIELD,NSW,2122,21,2005,58.7
89-97 MALTON ROAD BEECROFT,BEECROFT,NSW,2119,28,1998,58.7
5 HIGHS ROAD WEST PENNANT HILLS,WEST PENNANT HILLS,NSW,2125,28,1998,58.7
56-66 SPURWOOD ROAD WARRIMOO,WARRIMOO,NSW,2774,28,1998,58.7
20 BERNABEAU STREET NORTH KELLYVILLE,NORTH KELLYVILLE,NSW,2155,21,2005,58.7
10 FERNLEAF CRESCENT BEAUMONT HILLS,BEAUMONT HILLS,NSW,2155,21,2005,58.7
40 GOLDEN GROVE AVENUE KELLYVILLE,KELLYVILLE,NSW,2155,28,1998,58.7
161 PRETORIA PARADE HORNSBY,HORNSBY,NSW,2077,28,1998,58.7
31 VINEYS LANE DURAL,DURAL,NSW,2158,28,1998,58.7
19 PARKWOOD CLOSE CASTLE HILL,CASTLE HILL,NSW,2154,28,1998,58.7
17-19 VINEYS LANE DURAL,DURAL,NSW,2158,28,1998,58.7
32 THOMAS WILKINSON AVENUE DURAL,DURAL,NSW,2158,28,1998,58.7
589-591 OLD NORTHERN ROAD GLENHAVEN,GLENHAVEN,NSW,2156,28,1998,58.7
44 ALLARA AVENUE NORTH TURRAMURRA,NORTH TURRAMURRA,NSW,2074,28,1998,58.7
1 THE DRIFTWAY SOUTH WINDSOR,WINDSOR,NSW,2756,28,1998,58.7
70 ALAMEDA WAY WARRIEWOOD,WARRIEWOOD,NSW,2102,28,1998,58.7
11 VENETTA ROAD GLENORIE,GLENORIE,NSW,2157,28,1998,58.7
322 BENSLEY ROAD INGLEBURN,INGLEBURN,NSW,2565,21,2005,58.6
6 DOVELEYS ROAD COMO,COMO,NSW,2226,21,2005,58.6
114 QUEEN STREET REVESBY,REVESBY,NSW,2212,28,1998,58.6
2/501 BRONTE ROAD BRONTE,BRONTE,NSW,2024,28,1998,58.6
26A ROSLYN STREET ASHBURY,ASHBURY,NSW,2193,28,1998,58.6
12 ROSS STREET DULWICH HILL,DULWICH HILL,NSW,2203,28,1998,58.6
149B THE BOULEVARDE STRATHFIELD,STRATHFIELD,NSW,2135,28,1998,58.6
7 CALEDONIAN ROAD ROSE BAY,ROSE BAY,NSW,2029,28,1998,58.6
37 BATHURST STREET WOOLLAHRA,WOOLLAHRA,NSW,2025,28,1998,58.6
120 DARLINGHURST ROAD DARLINGHURST,DARLINGHURST,NSW,2010,28,1998,58.6
257 NORTON STREET LEICHHARDT,LEICHHARDT,NSW,2040,28,1998,58.6
42 PORTRUSH CRESCENT LUDDENHAM,LUDDENHAM,NSW,2745,28,1998,58.6
12 COLEMAN AVENUE CARLINGFORD,CARLINGFORD,NSW,2118,21,2005,58.6
32 WARRINGA ROAD CAMMERAY,CAMMERAY,NSW,2062,21,2005,58.6
67 BANCROFT AVENUE ROSEVILLE,ROSEVILLE,NSW,2069,21,2005,58.6
38/191-195 WALKER STREET NORTH SYDNEY,NORTH SYDNEY,NSW,2060,21,2005,58.6
1-5 RUSSELL STREET WOLLSTONECRAFT,WOLLSTONECRAFT,NSW,2065,21,2005,58.6
15 BENNETT STREET GLENBROOK,GLENBROOK,NSW,2773,28,1998,58.6
24 LEWIS STREET EPPING,EPPING,NSW,2121,21,2005,58.6
40 DOWNING STREET EPPING,EPPING,NSW,2121,21,2005,58.6
28/10-14 HAZLEWOOD PLACE EPPING,EPPING,NSW,2121,21,2005,58.6
97 COUNTY DRIVE CHERRYBROOK,CHERRYBROOK,NSW,2126,28,1998,58.6
3B MASON AVENUE CHELTENHAM,CHELTENHAM,NSW,2119,28,1998,58.6
24Z TIMOTHY AVENUE CASTLE HILL,CASTLE HILL,NSW,2154,28,1998,58.6
59Z WOMURRUNG AVENUE CASTLE HILL,CASTLE HILL,NSW,2154,28,1998,58.6
549 PITTWATER ROAD BROOKVALE,BROOKVALE,NSW,2100,28,1998,58.6
102 ROSEDALE ROAD ST IVES,ST IVES,NSW,2075,28,1998,58.6
27 MAWSON STREET ST IVES,ST IVES,NSW,2075,28,1998,58.6
5 GROSE VALLEY COURT FAULCONBRIDGE,FAULCONBRIDGE,NSW,2776,28,1998,58.6
59 PLATEAU ROAD SPRINGWOOD,SPRINGWOOD,NSW,2777,28,1998,58.6
47 GOLDMARK CRESCENT CRANEBROOK,CRANEBROOK,NSW,2749,28,1998,58.6
1 ANNFIELD STREET KELLYVILLE RIDGE,KELLYVILLE RIDGE,NSW,2155,28,1998,58.6
18 THE WHITEWATER MOUNT ANNAN,ANNAN,NSW,,21,2005,58.5
301/27 CHAPMAN STREET GYMEA,GYMEA,NSW,2227,21,2005,58.5
359 AVOCA STREET RANDWICK,RANDWICK,NSW,2031,28,1998,58.5
26 MAJORS BAY ROAD CONCORD,CONCORD,NSW,2137,21,2005,58.5
18 HOMEDALE AVENUE CONCORD,CONCORD,NSW,2137,21,2005,58.5
275 ALFRED STREET NORTH NORTH SYDNEY,NORTH NORTH SYDNEY,NSW,,21,2005,58.5
6 ALBUERA ROAD EPPING,EPPING,NSW,2121,21,2005,58.5
WAKEHURST PARKWAY SEAFORTH,SEAFORTH,NSW,2092,28,1998,58.5
32 ROSEBERY STREET MOSMAN,MOSMAN,NSW,2088,21,2005,58.5
4 BOGOTA AVENUE KURRABA POINT,KURRABA POINT,NSW,2089,21,2005,58.5
68 BEN BOYD ROAD NEUTRAL BAY,NEUTRAL BAY,NSW,2089,21,2005,58.5
1/30 MUSTON STREET MOSMAN,MOSMAN,NSW,2088,28,1998,58.5
46 DERBY STREET VAUCLUSE,VAUCLUSE,NSW,2030,28,1998,58.5
122 BOUNDARY STREET ROSEVILLE,ROSEVILLE,NSW,2069,21,2005,58.5
5A HOLDSWORTH STREET NEUTRAL BAY,NEUTRAL BAY,NSW,2089,21,2005,58.5
23 SECOND AVENUE WILLOUGHBY EAST,WILLOUGHBY EAST,NSW,2068,21,2005,58.5
281A MORRISON ROAD RYDE,RYDE,NSW,2112,21,2005,58.5
24 KARRABEE AVENUE HUNTLEYS COVE,HUNTLEYS COVE,NSW,2111,21,2005,58.5
25 PERCY STREET MARAYONG,MARAYONG,NSW,2148,28,1998,58.5
72 BOWER STREET MANLY,MANLY,NSW,2095,21,2005,58.5
4 WAVELL AVENUE CARLINGFORD,CARLINGFORD,NSW,2118,21,2005,58.5
7 ALL SAINTS CLOSE CHERRYBROOK,CHERRYBROOK,NSW,2126,28,1998,58.5
14 TELFER ROAD CASTLE HILL,CASTLE HILL,NSW,2154,28,1998,58.5
57 MAYBROOK AVENUE CROMER,CROMER,NSW,2099,28,1998,58.5
SOLING CRESCENT CRANEBROOK,CRANEBROOK,NSW,2749,28,1998,58.5
26 RIDGECROP DRIVE CASTLE HILL,CASTLE HILL,NSW,2154,21,2005,58.5
34 ROSEBERY ROAD KELLYVILLE,KELLYVILLE,NSW,2155,28,1998,58.5
373-377 SINGLES RIDGE ROAD YELLOW ROCK,YELLOW ROCK,NSW,2777,28,1998,58.5
615 OLD NORTHERN ROAD GLENHAVEN,GLENHAVEN,NSW,2156,28,1998,58.5
GWYDIR AVENUE NORTH TURRAMURRA,NORTH TURRAMURRA,NSW,2074,28,1998,58.5
15 VENETTA ROAD GLENORIE,GLENORIE,NSW,2157,28,1998,58.5
10 BROOKS BEND MOUNT ANNAN,ANNAN,NSW,,21,2005,58.4
168 RATHANE TELFORD ROAD WARUMBUL,WARUMBUL,NSW,2232,28,1998,58.4
5 CUBITT DRIVE DENHAM COURT,,NSW,,28,1998,58.4
8A DEFRIES AVENUE ZETLAND,ZETLAND,NSW,2017,28,1998,58.4
2 KENSINGTON ROAD KENSINGTON,KENSINGTON,NSW,2033,28,1998,58.4
40 NICHOLSON STREET BURWOOD,BURWOOD,NSW,2134,28,1998,58.4
13 CLISSOLD STREET ASHFIELD,ASHFIELD,NSW,2131,28,1998,58.4
6F COWPER WHARF ROADWAY WOOLLOOMOOLOO,WOOLLOOMOOLOO,NSW,2011,28,1998,58.4
2 LYONS STREET DOVER HEIGHTS,DOVER HEIGHTS,NSW,2030,28,1998,58.4
59 MANNING ROAD DOUBLE BAY,DOUBLE BAY,NSW,2028,28,1998,58.4
130 EDGECLIFF ROAD WOOLLAHRA,WOOLLAHRA,NSW,2025,28,1998,58.4
17 BURRABIRRA AVENUE VAUCLUSE,VAUCLUSE,NSW,2030,28,1998,58.4
49 EPPING AVENUE EASTWOOD,EASTWOOD,NSW,2122,21,2005,58.4
25 MURDOCH STREET CREMORNE,CREMORNE,NSW,2090,21,2005,58.4
31 HARDY STREET NORTH BONDI,NORTH BONDI,NSW,2026,28,1998,58.4
180 KURRABA ROAD KURRABA POINT,KURRABA POINT,NSW,2089,21,2005,58.4
13/25-27 BELMONT AVENUE WOLLSTONECRAFT,WOLLSTONECRAFT,NSW,2065,21,2005,58.4
1/34 GROSVENOR STREET NEUTRAL BAY,NEUTRAL BAY,NSW,2089,21,2005,58.4
4 WARD STREET EPPING,EPPING,NSW,2121,21,2005,58.4
55A CARLINGFORD ROAD EPPING,EPPING,NSW,2121,21,2005,58.4
44 WILLOUGHBY STREET EPPING,EPPING,NSW,2121,21,2005,58.4
79 ESSEX STREET EPPING,EPPING,NSW,2121,21,2005,58.4
12 WINIFRED AVENUE EPPING,EPPING,NSW,2121,21,2005,58.4
36 DORSET STREET EPPING,EPPING,NSW,2121,21,2005,58.4
12 RAWSON STREET EPPING,EPPING,NSW,2121,21,2005,58.4
TALAVERA ROAD MARSFIELD,MARSFIELD,NSW,2122,21,2005,58.4
215-219 OLD NORTHERN ROAD CASTLE HILL,CASTLE HILL,NSW,2154,28,1998,58.4
29 CANDLEBUSH CRESCENT CASTLE HILL,CASTLE HILL,NSW,2154,28,1998,58.4
12 SUNRIDGE PLACE WEST PENNANT HILLS,WEST PENNANT HILLS,NSW,2125,28,1998,58.4
5 OCEAN VIEW ROAD FRESHWATER,FRESHWATER,NSW,2096,28,1998,58.4
3 SUAKIN STREET PYMBLE,PYMBLE,NSW,2073,28,1998,58.4
3 GLASSHOUSE ROAD BEAUMONT HILLS,BEAUMONT HILLS,NSW,2155,28,1998,58.4
1 TEMPUS STREET ROUSE HILL,ROUSE HILL,NSW,2155,28,1998,58.4
1 GAMBIER AVENUE BEAUMONT HILLS,BEAUMONT HILLS,NSW,2155,28,1998,58.4
5 MILLER WAY KELLYVILLE RIDGE,KELLYVILLE RIDGE,NSW,2155,21,2005,58.4
7 DENISON STREET HORNSBY,HORNSBY,NSW,2077,28,1998,58.4
470 HAWKESBURY RIVER PATONGA,PATONGA,NSW,2256,28,1998,58.4
19 LANCIA DRIVE INGLEBURN,INGLEBURN,NSW,2565,21,2005,58.3
68 JACARANDA PLACE SOUTH COOGEE,SOUTH COOGEE,NSW,2034,28,1998,58.3
216 BARKER STREET RANDWICK,RANDWICK,NSW,2031,28,1998,58.3
15-51 MADDOX STREET ALEXANDRIA,ALEXANDRIA,NSW,2015,28,1998,58.3
116 CHAPEL STREET MARRICKVILLE,MARRICKVILLE,NSW,2204,28,1998,58.3
46 HUNTER STREET STRATHFIELD,STRATHFIELD,NSW,2135,28,1998,58.3
29 WILLEE STREET STRATHFIELD,STRATHFIELD,NSW,2135,28,1998,58.3
90 GEORGE STREET NORTH STRATHFIELD,NORTH STRATHFIELD,NSW,2137,21,2005,58.3
2 KOBADA ROAD DOVER HEIGHTS,DOVER HEIGHTS,NSW,2030,28,1998,58.3
103 BELLEVUE ROAD BELLEVUE HILL,BELLEVUE HILL,NSW,2023,21,2005,58.3
1/1-13 GRAFTON STREET BALMAIN,BALMAIN,NSW,2041,21,2005,58.3
1 HOLWAY STREET EASTWOOD,EASTWOOD,NSW,2122,21,2005,58.3
36 HARLEY CRESCENT EASTWOOD,EASTWOOD,NSW,2122,21,2005,58.3
20 SHEPHERD STREET RYDE,RYDE,NSW,2112,21,2005,58.3
204/116 BELMONT ROAD MOSMAN,MOSMAN,NSW,2088,21,2005,58.3
13/94-96 WYCOMBE ROAD NEUTRAL BAY,NEUTRAL BAY,NSW,2089,21,2005,58.3
62-66 GROSVENOR STREET NEUTRAL BAY,NEUTRAL BAY,NSW,2089,21,2005,58.3
CLIFF AVENUE NORTHBRIDGE,NORTHBRIDGE,NSW,2063,21,2005,58.3
20 HALE ROAD MOSMAN,MOSMAN,NSW,2088,21,2005,58.3
194 RAGLAN STREET MOSMAN,MOSMAN,NSW,2088,28,1998,58.3
114 MOWBRAY ROAD WILLOUGHBY,WILLOUGHBY,NSW,2068,21,2005,58.3
22 EATON STREET NEUTRAL BAY,NEUTRAL BAY,NSW,2089,21,2005,58.3
34 MCLAREN STREET NORTH SYDNEY,NORTH SYDNEY,NSW,2060,21,2005,58.3
17 BURRA ROAD ARTARMON,ARTARMON,NSW,2064,21,2005,58.3
22 ROBERTSON STREET GREENWICH,GREENWICH,NSW,2065,21,2005,58.3
11 EAGLE STREET RYDE,RYDE,NSW,2112,21,2005,58.3
7 REIBY ROAD HUNTERS HILL,HUNTERS HILL,NSW,2110,21,2005,58.3
97 MIDSON ROAD EPPING,EPPING,NSW,2121,21,2005,58.3
24 FRANCIS STREET EPPING,EPPING,NSW,2121,21,2005,58.3
4 KIMBERLEY ROAD CARLINGFORD,CARLINGFORD,NSW,2118,21,2005,58.3
27 LEICESTER STREET EPPING,EPPING,NSW,2121,21,2005,58.3
145A KENT STREET EPPING,EPPING,NSW,2121,21,2005,58.3
17 GARLAND AVENUE EPPING,EPPING,NSW,2121,21,2005,58.3
4 DENT STREET EPPING,EPPING,NSW,2121,21,2005,58.3
43 CARLINGFORD ROAD EPPING,EPPING,NSW,2121,21,2005,58.3
45 CHELMSFORD AVENUE EPPING,EPPING,NSW,2121,21,2005,58.3
21 SECOND AVENUE EPPING,EPPING,NSW,2121,21,2005,58.3
1 CHESTERFIELD ROAD EPPING,EPPING,NSW,2121,21,2005,58.3
118 BROWNS ROAD WAHROONGA,WAHROONGA,NSW,2076,28,1998,58.3
1 WEEMALA ROAD PENNANT HILLS,PENNANT HILLS,NSW,2120,28,1998,58.3
FACER COURT CASTLE HILL,CASTLE HILL,NSW,2154,28,1998,58.3
CURRIE ROAD FORESTVILLE,FORESTVILLE,NSW,2087,28,1998,58.3
5 LUCAS CIRCUIT KELLYVILLE,KELLYVILLE,NSW,2155,28,1998,58.3
18 VANTAGE CRESCENT KELLYVILLE,KELLYVILLE,NSW,2155,28,1998,58.3
145 GLENHAVEN ROAD GLENHAVEN,GLENHAVEN,NSW,2156,28,1998,58.3
WORCESTER ROAD ROUSE HILL,ROUSE HILL,NSW,2155,28,1998,58.3
9 ROMEO PLACE DURAL,DURAL,NSW,2158,21,2005,58.3
18 COPPLESTONE PLACE CASTLE HILL,CASTLE HILL,NSW,2154,28,1998,58.3
16E DOLANS ROAD WOOLOOWARE,WOOLOOWARE,NSW,2230,28,1998,58.2
41/16 ELPHINSTONE ROAD SOUTH COOGEE,SOUTH COOGEE,NSW,2034,28,1998,58.2
4 JOHNSON AVENUE DULWICH HILL,DULWICH HILL,NSW,2203,28,1998,58.2
219 MILITARY ROAD DOVER HEIGHTS,DOVER HEIGHTS,NSW,2030,28,1998,58.2
61 MANNING ROAD DOUBLE BAY,DOUBLE BAY,NSW,2028,28,1998,58.2
19 TRELAWNEY STREET WOOLLAHRA,WOOLLAHRA,NSW,2025,28,1998,58.2
23 RICKARD AVENUE MOSMAN,MOSMAN,NSW,2088,28,1998,58.2
65 RIGNOLD STREET SEAFORTH,SEAFORTH,NSW,2092,28,1998,58.2
2A WYONG ROAD MOSMAN,MOSMAN,NSW,2088,21,2005,58.2
90 AMHERST STREET CAMMERAY,CAMMERAY,NSW,2062,21,2005,58.2
13 HALES PLACE BLACKETT,BLACKETT,NSW,2770,28,1998,58.2
47 WOOD STREET MANLY,MANLY,NSW,2095,28,1998,58.2
18-22 PALING STREET THORNLEIGH,THORNLEIGH,NSW,2120,28,1998,58.2
SIR HENRYS PARADE FAULCONBRIDGE,FAULCONBRIDGE,NSW,2776,28,1998,58.2
28 GWEN CRESCENT WARRIMOO,WARRIMOO,NSW,2774,28,1998,58.2
212 PERFECTION AVENUE KELLYVILLE RIDGE,KELLYVILLE RIDGE,NSW,2155,21,2005,58.2
21 FINGAL AVENUE GLENHAVEN,GLENHAVEN,NSW,2156,28,1998,58.2
26 GREENBANK DRIVE GLENHAVEN,GLENHAVEN,NSW,2156,28,1998,58.2
58 FOAMCREST AVENUE NEWPORT,NEWPORT,NSW,2106,28,1998,58.2
65 BANKSIA ROAD MOUNT ANNAN,MOUNT ANNAN,NSW,2567,21,2005,58.1
178 NEW ILLAWARRA ROAD LUCAS HEIGHTS,LUCAS HEIGHTS,NSW,2234,28,1998,58.1
11 FRONTIERS ROAD EDMONDSON PARK,EDMONDSON PARK,NSW,2174,28,1998,58.1
1R GEORGIC PLACE SOUTH COOGEE,SOUTH COOGEE,NSW,2034,28,1998,58.1
181 QUEEN STREET ASHFIELD,ASHFIELD,NSW,2131,28,1998,58.1
4 BIRNAM GROVE STRATHFIELD,STRATHFIELD,NSW,2135,28,1998,58.1
69 BEAUMARIS STREET ENFIELD,ENFIELD,NSW,2136,28,1998,58.1
85 WELLBANK STREET CONCORD,CONCORD,NSW,2137,21,2005,58.1
134 VICTORIA STREET ASHFIELD,ASHFIELD,NSW,2131,28,1998,58.1
96-118 GLOUCESTER STREET THE ROCKS,THE ROCKS,NSW,2000,21,2005,58.1
16 BRANKSOME WAY GLENMORE PARK,GLENMORE PARK,NSW,2745,28,1998,58.1
5 RISUS AVENUE GLENMORE PARK,GLENMORE PARK,NSW,2745,28,1998,58.1
25A BALACLAVA ROAD EASTWOOD,EASTWOOD,NSW,2122,21,2005,58.1
24 EPPING AVENUE EASTWOOD,EASTWOOD,NSW,2122,21,2005,58.1
32 KITCHENER STREET BALGOWLAH,BALGOWLAH,NSW,2093,28,1998,58.1
21 RAGLAN STREET MOSMAN,MOSMAN,NSW,2088,21,2005,58.1
49-53 BEN BOYD ROAD NEUTRAL BAY,NEUTRAL BAY,NSW,2089,21,2005,58.1
14 WYONG ROAD MOSMAN,MOSMAN,NSW,2088,21,2005,58.1
12 WOLSELEY ROAD MOSMAN,MOSMAN,NSW,2088,28,1998,58.1
65 BOUNDARY STREET ROSEVILLE,ROSEVILLE,NSW,2069,21,2005,58.1
23 THOMAS AVENUE ROSEVILLE,ROSEVILLE,NSW,2069,21,2005,58.1
56 RAGLAN STREET MOSMAN,MOSMAN,NSW,2088,21,2005,58.1
16 SEARLE STREET RYDE,RYDE,NSW,2112,21,2005,58.1
38 STATION STREET GLENBROOK,GLENBROOK,NSW,2773,28,1998,58.1
LAMB STREET GLENDENNING,GLENDENNING,NSW,2761,28,1998,58.1
3 MELROSE STREET EPPING,EPPING,NSW,2121,21,2005,58.1
18 CHESTER STREET EPPING,EPPING,NSW,2121,21,2005,58.1
24 WILLOUGHBY STREET EPPING,EPPING,NSW,2121,21,2005,58.1
15 FLEMING STREET CARLINGFORD,CARLINGFORD,NSW,2118,21,2005,58.1
220 BOUNDARY ROAD CHERRYBROOK,CHERRYBROOK,NSW,2126,28,1998,58.1
33 NEW FARM ROAD WEST PENNANT HILLS,WEST PENNANT HILLS,NSW,2125,28,1998,58.1
4 WEEMALA ROAD PENNANT HILLS,PENNANT HILLS,NSW,2120,21,2005,58.1
129 CARDINAL AVENUE WEST PENNANT HILLS,WEST PENNANT HILLS,NSW,2125,28,1998,58.1
39-47 ROBERT ROAD CHERRYBROOK,CHERRYBROOK,NSW,2126,21,2005,58.1
17 BEECHWORTH ROAD PYMBLE,PYMBLE,NSW,2073,21,2005,58.1
3 PRINCE STREET GLENBROOK,GLENBROOK,NSW,2773,28,1998,58.1
28 PAPERBARK CRESCENT BEAUMONT HILLS,BEAUMONT HILLS,NSW,2155,28,1998,58.1
75 ILLINGWORTH ROAD YELLOW ROCK,YELLOW ROCK,NSW,2777,28,1998,58.1
98 BOORALIE ROAD TERREY HILLS,TERREY HILLS,NSW,2084,28,1998,58.1
14 WATSFORD ROAD CAMPBELLTOWN,CAMPBELLTOWN,NSW,2560,21,2005,58.0
220 ST GEORGE CRESCENT MENAI,MENAI,NSW,2234,28,1998,58.0
57 MOVERLY ROAD MAROUBRA,MAROUBRA,NSW,2035,21,2005,58.0
65 ALBION STREET WAVERLEY,WAVERLEY,NSW,2024,28,1998,58.0
32 BROMPTON ROAD KENSINGTON,KENSINGTON,NSW,2033,28,1998,58.0
17A WINDSOR AVENUE CROYDON PARK,CROYDON PARK,NSW,2133,28,1998,58.0
43 BERESFORD ROAD STRATHFIELD,STRATHFIELD,NSW,2135,28,1998,58.0
HOMEBUSH BAY DRIVE LIBERTY GROVE,,NSW,,21,2005,58.0
342 CONCORD ROAD CONCORD WEST,CONCORD WEST,NSW,2138,21,2005,58.0
1D NEW BEACH ROAD DARLING POINT,DARLING POINT,NSW,2027,28,1998,58.0
88 MIDSON ROAD EPPING,EPPING,NSW,2121,21,2005,58.0
269D SAILORS BAY ROAD NORTHBRIDGE,NORTHBRIDGE,NSW,2063,21,2005,58.0
25 CLYDE STREET NORTH BONDI,NORTH BONDI,NSW,2026,28,1998,58.0
209 WALKER STREET NORTH SYDNEY,NORTH SYDNEY,NSW,2060,21,2005,58.0
30 ROBERTSON STREET GREENWICH,GREENWICH,NSW,2065,21,2005,58.0
2 CHARLES STREET CASTLECRAG,CASTLECRAG,NSW,2068,21,2005,58.0
66 RYRIE STREET NORTH RYDE,NORTH RYDE,NSW,2113,21,2005,58.0
39 BRERETON STREET GLADESVILLE,GLADESVILLE,NSW,2111,21,2005,58.0
84-88 RIVER ROAD EMU PLAINS,EMU PLAINS,NSW,2750,21,2005,58.0
26 DELAWARE STREET EPPING,EPPING,NSW,2121,21,2005,58.0
18 MAGNOLIA AVENUE EPPING,EPPING,NSW,2121,21,2005,58.0
44 BAMBARA CRESCENT BEECROFT,BEECROFT,NSW,2119,21,2005,58.0
24 RAYMOND STREET EASTWOOD,EASTWOOD,NSW,2122,21,2005,58.0
143A RAY ROAD EPPING,EPPING,NSW,2121,21,2005,58.0
21 MERINDA AVENUE EPPING,EPPING,NSW,2121,21,2005,58.0
48 WILLOUGHBY STREET EPPING,EPPING,NSW,2121,21,2005,58.0
18A HIGH STREET EPPING,EPPING,NSW,2121,21,2005,58.0
33A HAMPDEN ROAD PENNANT HILLS,PENNANT HILLS,NSW,2120,28,1998,58.0
14-20 STYPANDRA PLACE SPRINGWOOD,SPRINGWOOD,NSW,2777,28,1998,58.0
EVERGREEN WAY NORTH KELLYVILLE,NORTH KELLYVILLE,NSW,2155,28,1998,58.0
38 BLUE BELL CIRCUIT KELLYVILLE,KELLYVILLE,NSW,2155,28,1998,58.0
5 VINEYS LANE DURAL,DURAL,NSW,2158,28,1998,58.0
9-19 JOHN RADLEY AVENUE DURAL,DURAL,NSW,2158,28,1998,58.0
42 RAWSON AVENUE SUTHERLAND,SUTHERLAND,NSW,2232,28,1998,57.9
1/44 LIONEL STREET INGLEBURN,INGLEBURN,NSW,2565,28,1998,57.9
20 PAULING AVENUE COOGEE,COOGEE,NSW,2034,28,1998,57.9
7-11 MANDIBLE STREET ALEXANDRIA,ALEXANDRIA,NSW,2015,21,2005,57.9
50B SHORTLAND AVENUE STRATHFIELD,STRATHFIELD,NSW,2135,28,1998,57.9
4 LANSDOWNE STREET CONCORD,CONCORD,NSW,2137,28,1998,57.9
1-5 SANDPIPER CRESCENT NEWINGTON,NEWINGTON,NSW,2127,21,2005,57.9
HAWTHORNE PARADE HABERFIELD,HABERFIELD,NSW,2045,28,1998,57.9
21 OCEAN AVENUE DOUBLE BAY,DOUBLE BAY,NSW,2028,28,1998,57.9
12 LENNOX STREET MOSMAN,MOSMAN,NSW,2088,28,1998,57.9
6 SUNRISE TERRACE GLENMORE PARK,GLENMORE PARK,NSW,2745,21,2005,57.9
DOONSIDE ROAD BUNGARRIBEE,BUNGARRIBEE,NSW,2767,28,1998,57.9
18 LOMAX STREET EPPING,EPPING,NSW,2121,21,2005,57.9
8 NORWOOD AVENUE LINDFIELD,LINDFIELD,NSW,2070,21,2005,57.9
49 RAWSON STREET NEUTRAL BAY,NEUTRAL BAY,NSW,2089,21,2005,57.9
4 WYCOMBE STREET EPPING,EPPING,NSW,2121,21,2005,57.9
5 ERINA STREET EASTWOOD,EASTWOOD,NSW,2122,21,2005,57.9
16/8 MAIDA ROAD EPPING,EPPING,NSW,2121,21,2005,57.9
6 CARAWATHA STREET BEECROFT,BEECROFT,NSW,2119,21,2005,57.9
66 EASTCOTE ROAD NORTH EPPING,NORTH EPPING,NSW,2121,21,2005,57.9
12 MORRISON PLACE PENNANT HILLS,PENNANT HILLS,NSW,2120,28,1998,57.9
4 BLAMEY WAY CHERRYBROOK,CHERRYBROOK,NSW,2126,28,1998,57.9
3 WATTLE STREET SPRINGWOOD,SPRINGWOOD,NSW,2777,28,1998,57.9
31 CROSS STREET WARRIMOO,WARRIMOO,NSW,2774,28,1998,57.9
3A BURGOYNE STREET GORDON,GORDON,NSW,2072,28,1998,57.9
26 KEOUGH STREET TALLAWONG,TALLAWONG,NSW,2762,28,1998,57.9
103 NEPTUNE CIRCUIT SCHOFIELDS,SCHOFIELDS,NSW,2762,28,1998,57.9
84-90 LALOR DRIVE SPRINGWOOD,SPRINGWOOD,NSW,2777,28,1998,57.9
17 VIEW STREET BLAXLAND,BLAXLAND,NSW,2774,28,1998,57.9
139 BARRY ROAD NORTH KELLYVILLE,NORTH KELLYVILLE,NSW,2155,28,1998,57.9
27 FRIENDSHIP AVENUE KELLYVILLE,KELLYVILLE,NSW,2155,28,1998,57.9
23-57 ILLINGWORTH ROAD YELLOW ROCK,YELLOW ROCK,NSW,2777,28,1998,57.9
400 WYONG ROAD DUFFYS FOREST,DUFFYS FOREST,NSW,2084,28,1998,57.9
597 OLD NORTHERN ROAD GLENHAVEN,GLENHAVEN,NSW,2156,28,1998,57.9
84 CATTAI RIDGE ROAD GLENORIE,GLENORIE,NSW,2157,28,1998,57.9
66 HANSENS ROAD MINTO HEIGHTS,MINTO HEIGHTS,NSW,2566,21,2005,57.8
16 BELLEVUE AVENUE GEORGES HALL,GEORGES HALL,NSW,2198,28,1998,57.8
2 PRINCES HIGHWAY ALEXANDRIA,ALEXANDRIA,NSW,2015,28,1998,57.8
47 SECOND STREET ASHBURY,ASHBURY,NSW,2193,28,1998,57.8
6 MENA STREET NORTH STRATHFIELD,NORTH STRATHFIELD,NSW,2137,21,2005,57.8
3/5 FREDERICK STREET NORTH BONDI,NORTH BONDI,NSW,2026,28,1998,57.8
92 THE PLAZA ROSE BAY,BAY,NSW,,28,1998,57.8
45 FITZWILLIAM ROAD VAUCLUSE,VAUCLUSE,NSW,2030,28,1998,57.8
90-98 THE LAKES DRIVE GLENMORE PARK,GLENMORE PARK,NSW,2745,28,1998,57.8
26-32 CROSS ROAD ORCHARD HILLS,ORCHARD HILLS,NSW,2748,28,1998,57.8
41A HARLEY CRESCENT EASTWOOD,EASTWOOD,NSW,2122,21,2005,57.8
139 CREMORNE ROAD CREMORNE POINT,CREMORNE POINT,NSW,2090,21,2005,57.8
16A PRETORIA AVENUE MOSMAN,MOSMAN,NSW,2088,28,1998,57.8
1/2A LAMONT STREET WOLLSTONECRAFT,WOLLSTONECRAFT,NSW,2065,21,2005,57.8
5 JUNCTION STREET RYDE,RYDE,NSW,2112,21,2005,57.8
171 STATION STREET PENRITH,PENRITH,NSW,2750,28,1998,57.8
1 DUNLOP STREET EPPING,EPPING,NSW,2121,21,2005,57.8
192 MIDSON ROAD EPPING,EPPING,NSW,2121,21,2005,57.8
1 KAWANA CLOSE EPPING,EPPING,NSW,2121,21,2005,57.8
699 BLAXLAND ROAD EPPING,EPPING,NSW,2121,21,2005,57.8
11A FIRST AVENUE EPPING,EPPING,NSW,2121,21,2005,57.8
10 BARDIA ROAD CARLINGFORD,CARLINGFORD,NSW,2118,21,2005,57.8
40 NORFOLK ROAD EPPING,EPPING,NSW,2121,21,2005,57.8
14 BELINDA CRESCENT NORTH EPPING,NORTH EPPING,NSW,2121,28,1998,57.8
22 WOODCREST PLACE CHERRYBROOK,CHERRYBROOK,NSW,2126,28,1998,57.8
10 FLEUR CLOSE WEST PENNANT HILLS,WEST PENNANT HILLS,NSW,2125,28,1998,57.8
85 DAVID ROAD CASTLE HILL,CASTLE HILL,NSW,2154,28,1998,57.8
419A WINDSOR ROAD BAULKHAM HILLS,BAULKHAM HILLS,NSW,2153,28,1998,57.8
120 SOUTH CREEK ROAD CROMER,CROMER,NSW,2099,28,1998,57.8
11-49 HILLCREST AVENUE FAULCONBRIDGE,FAULCONBRIDGE,NSW,2776,28,1998,57.8
1B CRANE STREET SPRINGWOOD,SPRINGWOOD,NSW,2777,28,1998,57.8
2 CUMBERLAND AVENUE COLLAROY,COLLAROY,NSW,2097,28,1998,57.8
PITTWATER ROAD COLLAROY,COLLAROY,NSW,2097,28,1998,57.8
38C NELSON STREET GORDON,GORDON,NSW,2072,28,1998,57.8
27 TALLOWOOD GARDENS BLAXLAND,BLAXLAND,NSW,2774,28,1998,57.8
37 SOFTWOOD AVENUE BEAUMONT HILLS,BEAUMONT HILLS,NSW,2155,21,2005,57.8
3 KINKA ROAD DUFFYS FOREST,DUFFYS FOREST,NSW,2084,28,1998,57.8
HORNSBY RAILWAY STATION HORNSBY,HORNSBY,NSW,2077,28,1998,57.8
151A KAREENA ROAD MIRANDA,MIRANDA,NSW,2228,28,1998,57.7
50 CULVERSTON AVENUE DENHAM COURT,,NSW,,28,1998,57.7
64 ST GEORGES PARADE ALLAWAH,ALLAWAH,NSW,2218,28,1998,57.7
145 CARRINGTON ROAD COOGEE,COOGEE,NSW,2034,28,1998,57.7
226-228R MALABAR ROAD SOUTH COOGEE,SOUTH COOGEE,NSW,2034,28,1998,57.7
8 KING STREET EASTLAKES,EASTLAKES,NSW,2018,28,1998,57.7
18 MELODY STREET COOGEE,COOGEE,NSW,2034,28,1998,57.7
57 SAMUEL TERRY AVENUE KENSINGTON,KENSINGTON,NSW,2033,28,1998,57.7
436 HOMER STREET EARLWOOD,EARLWOOD,NSW,2206,28,1998,57.7
102 HOMEBUSH ROAD STRATHFIELD,STRATHFIELD,NSW,2135,28,1998,57.7
79 QUEEN STREET ASHFIELD,ASHFIELD,NSW,2131,28,1998,57.7
109 HAWTHORNE PARADE HABERFIELD,HABERFIELD,NSW,2045,28,1998,57.7
4 JUSTUS STREET NORTH BONDI,NORTH BONDI,NSW,2026,28,1998,57.7
362 MILITARY ROAD VAUCLUSE,VAUCLUSE,NSW,2030,28,1998,57.7
99 KURRABA ROAD KURRABA POINT,KURRABA POINT,NSW,2089,21,2005,57.7
77 KURRABA ROAD KURRABA POINT,KURRABA POINT,NSW,2089,21,2005,57.7
469 BLAXLAND ROAD DENISTONE EAST,DENISTONE EAST,NSW,2112,21,2005,57.7
116 ESSEX STREET EPPING,EPPING,NSW,2121,21,2005,57.7
20 BENELONG STREET SEAFORTH,SEAFORTH,NSW,2092,28,1998,57.7
53 FROMELLES AVENUE SEAFORTH,SEAFORTH,NSW,2092,28,1998,57.7
23 MOSMAN STREET MOSMAN,MOSMAN,NSW,2088,21,2005,57.7
5 CHURCH STREET HUNTERS HILL,HUNTERS HILL,NSW,2110,21,2005,57.7
71 CHURCH STREET RYDE,RYDE,NSW,2112,21,2005,57.7
8 DUIGNAN CLOSE EPPING,EPPING,NSW,2121,21,2005,57.7
220 BEECROFT ROAD CHELTENHAM,CHELTENHAM,NSW,2119,21,2005,57.7
17 PINETREE DRIVE CARLINGFORD,CARLINGFORD,NSW,2118,21,2005,57.7
13 KENT STREET EPPING,EPPING,NSW,2121,21,2005,57.7
33-35 BOUNDARY ROAD PENNANT HILLS,PENNANT HILLS,NSW,2120,28,1998,57.7
121 BEECROFT ROAD BEECROFT,BEECROFT,NSW,2119,28,1998,57.7
17 BROADLEAF CRESCENT BEAUMONT HILLS,BEAUMONT HILLS,NSW,2155,28,1998,57.7
6/351 MONA VALE ROAD ST IVES,ST IVES,NSW,2075,28,1998,57.7
5 ELABANA WAY CASTLE HILL,CASTLE HILL,NSW,2154,28,1998,57.7
47 JUNCTION ROAD WAHROONGA,WAHROONGA,NSW,2076,21,2005,57.7
23 GOODSELL STREET MINTO,MINTO,NSW,2566,21,2005,57.6
HEATHCOTE ROAD PLEASURE POINT,PLEASURE POINT,NSW,2172,28,1998,57.6
GUNGARLIN DRIVE HORNINGSEA PARK,HORNINGSEA PARK,NSW,2171,28,1998,57.6
33 BANKSIA ROAD GREENACRE,GREENACRE,NSW,2190,28,1998,57.6
45 FIGTREE AVENUE RANDWICK,RANDWICK,NSW,2031,28,1998,57.6
35-39 BOURKE ROAD ALEXANDRIA,ALEXANDRIA,NSW,2015,28,1998,57.6
5 NAIRN STREET KINGSGROVE,KINGSGROVE,NSW,2208,28,1998,57.6
13-17 GUMDALE AVENUE ST JOHNS PARK,ST JOHNS PARK,NSW,2176,28,1998,57.6
52 WOODSIDE AVENUE STRATHFIELD,STRATHFIELD,NSW,2135,21,2005,57.6
17 ALMA STREET ASHFIELD,ASHFIELD,NSW,2131,28,1998,57.6
9 ALBERT STREET EDGECLIFF,EDGECLIFF,NSW,2027,28,1998,57.6
48 OCEAN STREET WOOLLAHRA,WOOLLAHRA,NSW,2025,28,1998,57.6
17 RAGLAN STREET MOSMAN,MOSMAN,NSW,2088,21,2005,57.6
7A SHELLCOVE ROAD KURRABA POINT,KURRABA POINT,NSW,2089,21,2005,57.6
1-13 BRADLEY STREET GLENMORE PARK,GLENMORE PARK,NSW,2745,28,1998,57.6
10-12 CARVER PLACE DUNDAS VALLEY,DUNDAS VALLEY,NSW,2117,21,2005,57.6
79 EASTWOOD AVENUE EASTWOOD,EASTWOOD,NSW,2122,21,2005,57.6
15-17 BYDOWN STREET NEUTRAL BAY,NEUTRAL BAY,NSW,2089,21,2005,57.6
54-58 SPIT ROAD MOSMAN,MOSMAN,NSW,2088,21,2005,57.6
18 WYONG ROAD MOSMAN,MOSMAN,NSW,2088,21,2005,57.6
23 TUNKS STREET WAVERTON,WAVERTON,NSW,2060,21,2005,57.6
27A EATON STREET NEUTRAL BAY,NEUTRAL BAY,NSW,2089,21,2005,57.6
936 PACIFIC HIGHWAY ROSEVILLE,ROSEVILLE,NSW,2069,21,2005,57.6
17 FERRABETTA AVENUE EASTWOOD,EASTWOOD,NSW,2122,21,2005,57.6
CACIA AVENUE SEVEN HILLS,SEVEN HILLS,NSW,2147,28,1998,57.6
26 COOKE WAY EPPING,EPPING,NSW,2121,21,2005,57.6
4 GRANT CLOSE EPPING,EPPING,NSW,2121,21,2005,57.6
29 ROBIN STREET CARLINGFORD,CARLINGFORD,NSW,2118,21,2005,57.6
20A SOMERSET STREET EPPING,EPPING,NSW,2121,21,2005,57.6
106 BEECROFT ROAD BEECROFT,BEECROFT,NSW,2119,21,2005,57.6
15A HENLEY CLOSE CASTLE HILL,CASTLE HILL,NSW,2154,28,1998,57.6
28 DARLINGTON DRIVE CHERRYBROOK,CHERRYBROOK,NSW,2126,28,1998,57.6
76-100 CASTLE STREET CASTLE HILL,CASTLE HILL,NSW,2154,28,1998,57.6
5 KAYLA WAY CHERRYBROOK,CHERRYBROOK,NSW,2126,28,1998,57.6
2 OXLEY AVENUE ST IVES,ST IVES,NSW,2075,28,1998,57.6
39 PENINSULA ROAD VALLEY HEIGHTS,VALLEY HEIGHTS,NSW,2777,21,2005,57.6
712 WINDSOR ROAD KELLYVILLE RIDGE,KELLYVILLE RIDGE,NSW,2155,28,1998,57.6
107 REDDEN DRIVE KELLYVILLE,KELLYVILLE,NSW,2155,21,2005,57.6
126 SANCTUARY DRIVE BEAUMONT HILLS,BEAUMONT HILLS,NSW,2155,28,1998,57.6
83 ANNFIELD STREET THE PONDS,THE PONDS,NSW,2769,28,1998,57.6
116A BOORALIE ROAD DUFFYS FOREST,DUFFYS FOREST,NSW,2084,28,1998,57.6
33A STONECROP ROAD NORTH TURRAMURRA,NORTH TURRAMURRA,NSW,2074,28,1998,57.6
12 STRATTON PLACE NORTH TURRAMURRA,NORTH TURRAMURRA,NSW,2074,28,1998,57.6
30A CLIFF AVENUE PEAKHURST HEIGHTS,PEAKHURST HEIGHTS,NSW,2210,28,1998,57.5
200 BEECH ROAD CASULA,CASULA,NSW,2170,28,1998,57.5
209 CROYDON AVENUE CROYDON PARK,CROYDON PARK,NSW,2133,28,1998,57.5
965 ELIZABETH DRIVE ABBOTSBURY,ABBOTSBURY,NSW,2176,28,1998,57.5
48 WOODSIDE AVENUE STRATHFIELD,STRATHFIELD,NSW,2135,28,1998,57.5
15 NEWTON ROAD STRATHFIELD,STRATHFIELD,NSW,2135,21,2005,57.5
TODMAN PLACE STRATHFIELD,STRATHFIELD,NSW,2135,28,1998,57.5
46 EDWARD STREET WOOLLAHRA,WOOLLAHRA,NSW,2025,28,1998,57.5
667A OLD SOUTH HEAD ROAD ROSE BAY,ROSE BAY,NSW,2029,28,1998,57.5
5 FLOOD STREET BONDI,BONDI,NSW,2026,28,1998,57.5
ENDEAVOUR AVENUE ST CLAIR,ST CLAIR,NSW,2759,28,1998,57.5
37 BATTLE BOULEVARD SEAFORTH,SEAFORTH,NSW,2092,28,1998,57.5
55 CAMMERAY ROAD CAMMERAY,CAMMERAY,NSW,2062,21,2005,57.5
42 THE GROVE MOSMAN,MOSMAN,NSW,2088,28,1998,57.5
18B MORELLA ROAD MOSMAN,MOSMAN,NSW,2088,28,1998,57.5
110 WALKER STREET NORTH SYDNEY,NORTH SYDNEY,NSW,2060,21,2005,57.5
6 ILLILIWA STREET CREMORNE,CREMORNE,NSW,2090,21,2005,57.5
2/60 WILLIAM STREET ROSEVILLE,ROSEVILLE,NSW,2069,21,2005,57.5
4 THIRD AVENUE WILLOUGHBY EAST,WILLOUGHBY EAST,NSW,2068,21,2005,57.5
32 BONNEY CRESCENT JORDAN SPRINGS,JORDAN SPRINGS,NSW,2747,28,1998,57.5
20 STATION STREET GLENBROOK,GLENBROOK,NSW,2773,28,1998,57.5
15C GOVERNORS DRIVE LAPSTONE,LAPSTONE,NSW,2773,28,1998,57.5
2 BLEND PLACE WOODCROFT,WOODCROFT,NSW,2767,28,1998,57.5
35 RIDGE STREET CARLINGFORD,CARLINGFORD,NSW,2118,21,2005,57.5
77 MURRAY FARM ROAD BEECROFT,BEECROFT,NSW,2119,21,2005,57.5
46 CRIMEA ROAD MARSFIELD,MARSFIELD,NSW,2122,21,2005,57.5
39 MARCELLA STREET NORTH EPPING,NORTH EPPING,NSW,2121,28,1998,57.5
273-291 PENNANT HILLS ROAD THORNLEIGH,THORNLEIGH,NSW,2120,28,1998,57.5
298-312 PENNANT HILLS ROAD PENNANT HILLS,PENNANT HILLS,NSW,2120,28,1998,57.5
36 BADCOE ROAD CROMER,CROMER,NSW,2099,28,1998,57.5
53 RIDGEWAY CRESCENT SUN VALLEY,SUN VALLEY,NSW,2777,28,1998,57.5
11 BUNYANA AVENUE WAHROONGA,WAHROONGA,NSW,2076,28,1998,57.5
14 LOMATIA PLACE DENHAM COURT,,NSW,,28,1998,57.4
203 VICTORIA STREET ASHFIELD,ASHFIELD,NSW,2131,28,1998,57.4
32 SHORTLAND AVENUE STRATHFIELD,STRATHFIELD,NSW,2135,21,2005,57.4
22 THE PARADE ENFIELD,ENFIELD,NSW,2136,28,1998,57.4
20 HENSON STREET SUMMER HILL,SUMMER HILL,NSW,2130,28,1998,57.4
61 CAMERON STREET EDGECLIFF,EDGECLIFF,NSW,2027,28,1998,57.4
2A BALL AVENUE EASTWOOD,EASTWOOD,NSW,2122,21,2005,57.4
15 LAKESIDE ROAD EASTWOOD,EASTWOOD,NSW,2122,21,2005,57.4
39A CLONTARF STREET SEAFORTH,SEAFORTH,NSW,2092,28,1998,57.4
1/55A SHELLCOVE ROAD KURRABA POINT,KURRABA POINT,NSW,2089,21,2005,57.4
5 BANCROFT AVENUE ROSEVILLE,ROSEVILLE,NSW,2069,21,2005,57.4
12 ABBOTT STREET CAMMERAY,CAMMERAY,NSW,2062,21,2005,57.4
1203/33 BERRY ROAD ST LEONARDS,ST LEONARDS,NSW,2065,21,2005,57.4
12 COGAN PLACE LANE COVE,COVE,NSW,,21,2005,57.4
18 ACACIA AVENUE RYDE,RYDE,NSW,2112,21,2005,57.4
37 MULGOA ROAD PENRITH,PENRITH,NSW,2750,28,1998,57.4
242-244 BEECROFT ROAD EPPING,EPPING,NSW,2121,21,2005,57.4
62 KARRIL AVENUE BEECROFT,BEECROFT,NSW,2119,21,2005,57.4
44 CHELMSFORD AVENUE EPPING,EPPING,NSW,2121,21,2005,57.4
174 RAY ROAD EPPING,EPPING,NSW,2121,21,2005,57.4
179 RAY ROAD EPPING,EPPING,NSW,2121,21,2005,57.4
73 CARLINGFORD ROAD EPPING,EPPING,NSW,2121,21,2005,57.4
8 MENZIES ROAD MARSFIELD,MARSFIELD,NSW,2122,21,2005,57.4
14 KEELENDI ROAD WEST PENNANT HILLS,WEST PENNANT HILLS,NSW,2125,21,2005,57.4
20 CENTRAL AVENUE THORNLEIGH,THORNLEIGH,NSW,2120,28,1998,57.4
COOLONG STREET CASTLE HILL,CASTLE HILL,NSW,2154,28,1998,57.4
181 ALLAMBIE ROAD ALLAMBIE HEIGHTS,ALLAMBIE HEIGHTS,NSW,2100,28,1998,57.4
24 MITCHELLS PASS BLAXLAND,BLAXLAND,NSW,2774,28,1998,57.4
35 THE PARKWAY BEAUMONT HILLS,BEAUMONT HILLS,NSW,2155,21,2005,57.4
63 ALDEBARAN STREET CRANEBROOK,CRANEBROOK,NSW,2749,28,1998,57.4
1 MALLAWA ROAD DUFFYS FOREST,DUFFYS FOREST,NSW,2084,28,1998,57.4
ALEXANDRIA PARADE WAITARA,WAITARA,NSW,2077,28,1998,57.4
22 MINKARA ROAD BAYVIEW,BAYVIEW,NSW,2104,28,1998,57.4
22-30 KING STREET RANDWICK,RANDWICK,NSW,2031,28,1998,57.3
47 PEMBERTON STREET STRATHFIELD,STRATHFIELD,NSW,2135,28,1998,57.3
17 COLEMAN AVENUE HOMEBUSH,HOMEBUSH,NSW,2140,21,2005,57.3
24 WATERVIEW STREET PUTNEY,PUTNEY,NSW,2112,21,2005,57.3
32 RUSSELL STREET VAUCLUSE,VAUCLUSE,NSW,2030,28,1998,57.3
31 PALMERSTON STREET VAUCLUSE,VAUCLUSE,NSW,2030,28,1998,57.3
17 MOUNTAIN STREET EPPING,EPPING,NSW,2121,21,2005,57.3
7 ANTHONY STREET CARLINGFORD,CARLINGFORD,NSW,2118,21,2005,57.3
139 CASTLE HILL ROAD WEST PENNANT HILLS,WEST PENNANT HILLS,NSW,2125,28,1998,57.3
15 KNIGHT WAY CASTLE HILL,CASTLE HILL,NSW,2154,28,1998,57.3
PENNANT STREET CASTLE HILL,CASTLE HILL,NSW,2154,28,1998,57.3
112 GREEN PARADE VALLEY HEIGHTS,VALLEY HEIGHTS,NSW,2777,28,1998,57.3
3 KAREN COURT CRANEBROOK,CRANEBROOK,NSW,2749,28,1998,57.3
182 EWOS PARADE CRONULLA,CRONULLA,NSW,2230,28,1998,57.2
AVIATION ROAD ELIZABETH HILLS,ELIZABETH HILLS,NSW,2171,28,1998,57.2
4 WOODWARD AVENUE STRATHFIELD,STRATHFIELD,NSW,2135,28,1998,57.2
55 COLLEGE STREET DRUMMOYNE,DRUMMOYNE,NSW,2047,21,2005,57.2
10 STRICKLAND STREET ROSE BAY,ROSE BAY,NSW,2029,28,1998,57.2
18 SHELLCOVE ROAD KURRABA POINT,KURRABA POINT,NSW,2089,21,2005,57.2
65 VIMIERA ROAD EASTWOOD,EASTWOOD,NSW,2122,21,2005,57.2
CAMPBELL PARADE MANLY VALE,MANLY VALE,NSW,2093,28,1998,57.2
40 COWDROY AVENUE CAMMERAY,CAMMERAY,NSW,2062,21,2005,57.2
48 THE RAMPART CASTLECRAG,CASTLECRAG,NSW,2068,21,2005,57.2
13 DORSET ROAD NORTHBRIDGE,NORTHBRIDGE,NSW,2063,21,2005,57.2
58 WYONG ROAD MOSMAN,MOSMAN,NSW,2088,21,2005,57.2
23 RUSSELL STREET VAUCLUSE,VAUCLUSE,NSW,2030,28,1998,57.2
1/130-134 PACIFIC HIGHWAY GREENWICH,GREENWICH,NSW,2065,21,2005,57.2
16 COLLINGRIDGE DRIVE RYDE,RYDE,NSW,2112,21,2005,57.2
9 MARTIN STREET EMU PLAINS,EMU PLAINS,NSW,2750,28,1998,57.2
37 PRINCE STREET WERRINGTON COUNTY,WERRINGTON COUNTY,NSW,2747,28,1998,57.2
8 CASTLE HOWARD ROAD CHELTENHAM,CHELTENHAM,NSW,2119,21,2005,57.2
54 KENT STREET EPPING,EPPING,NSW,2121,21,2005,57.2
233A MIDSON ROAD EPPING,EPPING,NSW,2121,21,2005,57.2
20 GLENFERN ROAD EPPING,EPPING,NSW,2121,21,2005,57.2
119 MURRAY FARM ROAD BEECROFT,BEECROFT,NSW,2119,21,2005,57.2
14 RAWSON STREET EPPING,EPPING,NSW,2121,21,2005,57.2
7 ANGUS AVENUE EPPING,EPPING,NSW,2121,21,2005,57.2
22-24 BORONIA AVENUE EPPING,EPPING,NSW,2121,21,2005,57.2
10 MARS STREET EPPING,EPPING,NSW,2121,21,2005,57.2
7 DORSET STREET EPPING,EPPING,NSW,2121,21,2005,57.2
20 TRISTANIA WAY PENNANT HILLS,PENNANT HILLS,NSW,2120,28,1998,57.2
1A VERNON CLOSE WEST PENNANT HILLS,WEST PENNANT HILLS,NSW,2125,28,1998,57.2
5 HARLECH COURT CASTLE HILL,CASTLE HILL,NSW,2154,21,2005,57.2
105 FRENCHS FOREST ROAD WEST FRENCHS FOREST,WEST FRENCHS FOREST,NSW,,28,1998,57.2
15-19 GULLIVER STREET BROOKVALE,BROOKVALE,NSW,2100,28,1998,57.2
85 CHAPMAN PARADE FAULCONBRIDGE,FAULCONBRIDGE,NSW,2776,21,2005,57.2
18 TREMAIN AVENUE KELLYVILLE,KELLYVILLE,NSW,2155,28,1998,57.2
531 HAWKESBURY ROAD WINMALEE,WINMALEE,NSW,2777,28,1998,57.2
WIRREANDA ROAD INGLESIDE,INGLESIDE,NSW,2101,28,1998,57.2
HEREFORD PLACE KENTLYN,KENTLYN,NSW,2560,21,2005,57.1
7 MERMAID CRESCENT GLENFIELD,GLENFIELD,NSW,2167,28,1998,57.1
530 BRONTE ROAD BRONTE,BRONTE,NSW,2024,21,2005,57.1
23 MIDELTON AVENUE NORTH BONDI,NORTH BONDI,NSW,2026,28,1998,57.1
43 HARLEY CRESCENT EASTWOOD,EASTWOOD,NSW,2122,21,2005,57.1
69 CAMMERAY ROAD CAMMERAY,CAMMERAY,NSW,2062,21,2005,57.1
16 ROCKLANDS ROAD WOLLSTONECRAFT,WOLLSTONECRAFT,NSW,2065,21,2005,57.1
77 BARINGA ROAD NORTHBRIDGE,NORTHBRIDGE,NSW,2063,21,2005,57.1
10 HILLTOP CRESCENT FAIRLIGHT,FAIRLIGHT,NSW,2094,28,1998,57.1
M2 MOTORWAY CHELTENHAM,CHELTENHAM,NSW,2119,21,2005,57.1
4 MERINDA AVENUE EPPING,EPPING,NSW,2121,21,2005,57.1
110 MIDSON ROAD EPPING,EPPING,NSW,2121,21,2005,57.1
76 SOMERSET STREET EPPING,EPPING,NSW,2121,21,2005,57.1
27 ARKENA AVENUE EPPING,EPPING,NSW,2121,21,2005,57.1
32 RIDGE STREET EPPING,EPPING,NSW,2121,21,2005,57.1
11B DUNLOP STREET EPPING,EPPING,NSW,2121,21,2005,57.1
104 EASTWOOD AVENUE EPPING,EPPING,NSW,2121,21,2005,57.1
6 VICKERY AVENUE CARLINGFORD,CARLINGFORD,NSW,2118,21,2005,57.1
41 DUNROSSIL AVENUE CARLINGFORD,CARLINGFORD,NSW,2118,21,2005,57.1
22 SECOND AVENUE EPPING,EPPING,NSW,2121,21,2005,57.1
39 DUNLOP STREET EPPING,EPPING,NSW,2121,21,2005,57.1
98 THE CRESCENT CHELTENHAM,CHELTENHAM,NSW,2119,21,2005,57.1
3A NEW LINE ROAD WEST PENNANT HILLS,WEST PENNANT HILLS,NSW,2125,28,1998,57.1
25 FOREST CLOSE CHERRYBROOK,CHERRYBROOK,NSW,2126,21,2005,57.1
85 RICKARD ROAD WARRIMOO,WARRIMOO,NSW,2774,28,1998,57.1
35 ARMOUR AVENUE KELLYVILLE RIDGE,KELLYVILLE RIDGE,NSW,2155,21,2005,57.1
1R TALOOMBI STREET CRONULLA,CRONULLA,NSW,2230,28,1998,57.0
32 HONEYMYRTLE AVENUE DENHAM COURT,,NSW,,28,1998,57.0
30 PAULING AVENUE COOGEE,COOGEE,NSW,2034,28,1998,57.0
7 BOYCE AVENUE STRATHFIELD,STRATHFIELD,NSW,2135,28,1998,57.0
137 VICTORIA STREET ASHFIELD,ASHFIELD,NSW,2131,28,1998,57.0
26 COOLONG ROAD VAUCLUSE,VAUCLUSE,NSW,2030,21,2005,57.0
10-48 BLUE HILLS DRIVE GLENMORE PARK,GLENMORE PARK,NSW,2745,28,1998,57.0
13 HEYDON STREET MOSMAN,MOSMAN,NSW,2088,21,2005,57.0
40 WATERS ROAD NAREMBURN,NAREMBURN,NSW,2065,21,2005,57.0
5 ARNOLD STREET RYDE,RYDE,NSW,2112,21,2005,57.0
475-487 JAMISON ROAD PENRITH,PENRITH,NSW,2750,28,1998,57.0
1A EDENSOR STREET EPPING,EPPING,NSW,2121,21,2005,57.0
48 RAY ROAD EPPING,EPPING,NSW,2121,21,2005,57.0
66-68 OXFORD STREET EPPING,EPPING,NSW,2121,21,2005,57.0
32 WYRALLA AVENUE EPPING,EPPING,NSW,2121,21,2005,57.0
83A ESSEX STREET EPPING,EPPING,NSW,2121,21,2005,57.0
215 MALTON ROAD NORTH EPPING,NORTH EPPING,NSW,2121,28,1998,57.0
32 WESSON ROAD WEST PENNANT HILLS,WEST PENNANT HILLS,NSW,2125,21,2005,57.0
COONARA AVENUE WEST PENNANT HILLS,WEST PENNANT HILLS,NSW,2125,28,1998,57.0
4-6 MERCER STREET CASTLE HILL,CASTLE HILL,NSW,2154,28,1998,57.0
1083 OXFORD FALLS ROAD OXFORD FALLS,OXFORD FALLS,NSW,2100,28,1998,57.0
50 PENINSULA ROAD VALLEY HEIGHTS,VALLEY HEIGHTS,NSW,2777,28,1998,57.0
1-7 GRAYS LANE CRANEBROOK,CRANEBROOK,NSW,2749,28,1998,57.0
18 PORTAL STREET KELLYVILLE RIDGE,KELLYVILLE RIDGE,NSW,2155,28,1998,57.0
127 BOORALIE ROAD DUFFYS FOREST,DUFFYS FOREST,NSW,2084,28,1998,57.0
761 SPRINGWOOD ROAD YARRAMUNDI,YARRAMUNDI,NSW,2753,28,1998,57.0
1598 PITTWATER ROAD MONA VALE,MONA VALE,NSW,2103,28,1998,57.0
7 BEARD PLACE GLENORIE,GLENORIE,NSW,2157,28,1998,57.0
ORAN PARK DRIVE ORAN PARK,ORAN PARK,NSW,2570,28,1998,56.9
34 WILLS ROAD WOOLOOWARE,WOOLOOWARE,NSW,2230,28,1998,56.9
58R DENMAN AVENUE WOOLOOWARE,WOOLOOWARE,NSW,2230,28,1998,56.9
8 CASABLANCA BOULEVARD GLEDSWOOD HILLS,GLEDSWOOD HILLS,NSW,2557,28,1998,56.9
45-51 BEACH STREET COOGEE,COOGEE,NSW,2034,28,1998,56.9
30 MCPHERSON STREET BANKSMEADOW,BANKSMEADOW,NSW,2019,28,1998,56.9
62 FIRST STREET ASHBURY,ASHBURY,NSW,2193,28,1998,56.9
1510-1520 GREENDALE ROAD WALLACIA,WALLACIA,NSW,2745,28,1998,56.9
2A FRASER STREET HOMEBUSH,HOMEBUSH,NSW,2140,28,1998,56.9
22 TELOPEA AVENUE STRATHFIELD,STRATHFIELD,NSW,2135,28,1998,56.9
28 BEAUMARIS STREET ENFIELD,ENFIELD,NSW,2136,28,1998,56.9
40 OCEAN AVENUE DOUBLE BAY,DOUBLE BAY,NSW,2028,28,1998,56.9
45 LIVERPOOL STREET PADDINGTON,PADDINGTON,NSW,2021,28,1998,56.9
2 FOOTHILLS TERRACE GLENMORE PARK,GLENMORE PARK,NSW,2745,28,1998,56.9
17 KINGSFORD AVENUE EASTWOOD,EASTWOOD,NSW,2122,21,2005,56.9
62 WEST STREET BALGOWLAH,BALGOWLAH,NSW,2093,28,1998,56.9
19 CENTRAL AVENUE MOSMAN,MOSMAN,NSW,2088,21,2005,56.9
49A DERBY STREET VAUCLUSE,VAUCLUSE,NSW,2030,28,1998,56.9
12 MCBURNEY STREET NAREMBURN,NAREMBURN,NSW,2065,21,2005,56.9
539-569 MULGOA ROAD MULGOA,MULGOA,NSW,2745,28,1998,56.9
3 THE BOULEVARDE EPPING,EPPING,NSW,2121,21,2005,56.9
62 RAY ROAD EPPING,EPPING,NSW,2121,21,2005,56.9
43 DOWNING STREET EPPING,EPPING,NSW,2121,21,2005,56.9
69 KENT STREET EPPING,EPPING,NSW,2121,21,2005,56.9
18 WATERLOO ROAD NORTH EPPING,NORTH EPPING,NSW,2121,21,2005,56.9
35 WATERLOO ROAD NORTH EPPING,NORTH EPPING,NSW,2121,21,2005,56.9
8 ALL SAINTS CLOSE CHERRYBROOK,CHERRYBROOK,NSW,2126,28,1998,56.9
19 OXFORD FALLS ROAD OXFORD FALLS,OXFORD FALLS,NSW,2100,28,1998,56.9
PLATEAU ROAD SPRINGWOOD,SPRINGWOOD,NSW,2777,28,1998,56.9
75 WYANG GLEN CRANEBROOK,CRANEBROOK,NSW,2749,28,1998,56.9
32-40 CROWN ROAD PYMBLE,PYMBLE,NSW,2073,28,1998,56.9
44 VINEGAR HILL ROAD KELLYVILLE RIDGE,KELLYVILLE RIDGE,NSW,2155,28,1998,56.9
771-845 HAWKESBURY ROAD HAWKESBURY HEIGHTS,HAWKESBURY HEIGHTS,NSW,2777,28,1998,56.9
36 JAMES HENTY DRIVE DURAL,DURAL,NSW,2158,28,1998,56.9
3-11 ORARA STREET WAITARA,WAITARA,NSW,2077,28,1998,56.9
399 GALSTON ROAD GALSTON,GALSTON,NSW,2159,28,1998,56.9
400 HAWKESBURY RIVER PATONGA,PATONGA,NSW,2256,28,1998,56.9
3 KEITH STREET CLOVELLY,CLOVELLY,NSW,2031,28,1998,56.8
14/66-70 BORONIA STREET KENSINGTON,KENSINGTON,NSW,2033,28,1998,56.8
177 WYNDHAM STREET ALEXANDRIA,ALEXANDRIA,NSW,2015,28,1998,56.8
17B SHORTLAND AVENUE STRATHFIELD,STRATHFIELD,NSW,2135,28,1998,56.8
512 NEW SOUTH HEAD ROAD DOUBLE BAY,DOUBLE BAY,NSW,2028,28,1998,56.8
124 GREENWICH ROAD GREENWICH,GREENWICH,NSW,2065,21,2005,56.8
7 WILLANDRA STREET RYDE,RYDE,NSW,2112,21,2005,56.8
20 CAMPBELL STREET EASTWOOD,EASTWOOD,NSW,2122,21,2005,56.8
LITTLE YOUNG STREET CREMORNE,CREMORNE,NSW,2090,21,2005,56.8
26 BENNETT STREET CREMORNE,CREMORNE,NSW,2090,21,2005,56.8
83-87 BELLEVUE STREET CAMMERAY,CAMMERAY,NSW,2062,21,2005,56.8
2/268 OLD SOUTH HEAD ROAD WATSONS BAY,WATSONS BAY,NSW,2030,28,1998,56.8
3 QUARRY STREET NAREMBURN,NAREMBURN,NSW,2065,21,2005,56.8
35 FREDERICK STREET RYDE,RYDE,NSW,2112,21,2005,56.8
7 DEBORAH PLACE EASTWOOD,EASTWOOD,NSW,2122,21,2005,56.8
5 DAMON AVENUE EPPING,EPPING,NSW,2121,21,2005,56.8
27 PATU PLACE CHERRYBROOK,CHERRYBROOK,NSW,2126,28,1998,56.8
30 WALSH AVENUE CASTLE HILL,CASTLE HILL,NSW,2154,28,1998,56.8
57 PARSONAGE ROAD CASTLE HILL,CASTLE HILL,NSW,2154,21,2005,56.8
10/37 KENTHURST ROAD ST IVES,ST IVES,NSW,2075,28,1998,56.8
11 LYNBARA AVENUE ST IVES,ST IVES,NSW,2075,21,2005,56.8
97 KILLEATON STREET ST IVES,ST IVES,NSW,2075,28,1998,56.8
188-194 VINCENT ROAD CRANEBROOK,CRANEBROOK,NSW,2749,28,1998,56.8
28A DEVON STREET NORTH EPPING,NORTH EPPING,NSW,2121,21,2005,56.8
7-11 UNWIN ROAD WAITARA,WAITARA,NSW,2077,28,1998,56.8
1R-3R CROSTON ROAD ENGADINE,ENGADINE,NSW,2233,28,1998,56.7
41 DEEPFIELDS ROAD CATHERINE FIELD,CATHERINE FIELD,NSW,2557,28,1998,56.7
6-18 DONNELLAN CIRCUIT CLOVELLY,CLOVELLY,NSW,2031,28,1998,56.7
26 ASTURIAS AVENUE SOUTH COOGEE,SOUTH COOGEE,NSW,2034,28,1998,56.7
CLOVELLY ROAD CLOVELLY,CLOVELLY,NSW,2031,28,1998,56.7
5 LINDSAY STREET BURWOOD,BURWOOD,NSW,2134,28,1998,56.7
6 PLYMOUTH STREET ENFIELD,ENFIELD,NSW,2136,28,1998,56.7
27 AUGUSTA STREET STRATHFIELD,STRATHFIELD,NSW,2135,28,1998,56.7
9 JUSTUS STREET NORTH BONDI,NORTH BONDI,NSW,2026,28,1998,56.7
2B WENTWORTH STREET POINT PIPER,POINT PIPER,NSW,2027,21,2005,56.7
51 BORONIA ROAD BELLEVUE HILL,BELLEVUE HILL,NSW,2023,28,1998,56.7
23 MITCHELL STREET NORTH BONDI,NORTH BONDI,NSW,2026,28,1998,56.7
5 SKENES AVENUE EASTWOOD,EASTWOOD,NSW,2122,21,2005,56.7
78 HERMITAGE ROAD WEST RYDE,WEST RYDE,NSW,2114,21,2005,56.7
8 WESTLEIGH STREET NEUTRAL BAY,NEUTRAL BAY,NSW,2089,21,2005,56.7
15 SHELLBANK AVENUE MOSMAN,MOSMAN,NSW,2088,21,2005,56.7
4/2 ETON ROAD LINDFIELD,LINDFIELD,NSW,2070,21,2005,56.7
140 HIGH STREET NORTH WILLOUGHBY,NORTH WILLOUGHBY,NSW,2068,21,2005,56.7
12 HENRY STREET RYDE,RYDE,NSW,2112,21,2005,56.7
15 POWER STREET DOONSIDE,DOONSIDE,NSW,2767,28,1998,56.7
DARTFORD ROAD THORNLEIGH,THORNLEIGH,NSW,2120,28,1998,56.7
11 HILLCREST AVENUE EPPING,EPPING,NSW,2121,21,2005,56.7
2 MOUNTAIN STREET EPPING,EPPING,NSW,2121,21,2005,56.7
31 WILLOW CLOSE EPPING,EPPING,NSW,2121,21,2005,56.7
3 WINGROVE AVENUE EPPING,EPPING,NSW,2121,21,2005,56.7
121 HULL ROAD WEST PENNANT HILLS,WEST PENNANT HILLS,NSW,2125,28,1998,56.7
421 OLD NORTHERN ROAD CASTLE HILL,CASTLE HILL,NSW,2154,28,1998,56.7
183 DAVID ROAD CASTLE HILL,CASTLE HILL,NSW,2154,21,2005,56.7
7 WHITEMAN AVENUE BELLA VISTA,BELLA VISTA,NSW,2153,21,2005,56.7
431 WARRINGAH ROAD FRENCHS FOREST,FRENCHS FOREST,NSW,2086,28,1998,56.7
8 ADELINE STREET FAULCONBRIDGE,FAULCONBRIDGE,NSW,2776,28,1998,56.7
12 PLATEAU PARADE BLAXLAND,BLAXLAND,NSW,2774,28,1998,56.7
345-349 SINGLES RIDGE ROAD YELLOW ROCK,YELLOW ROCK,NSW,2777,28,1998,56.7
1-25 MCKINLEY PLACE CHERRYBROOK,CHERRYBROOK,NSW,2126,28,1998,56.7
RAVENSBOURNE CIRCUIT DURAL,DURAL,NSW,2158,28,1998,56.7
17 PARK ROAD KENTHURST,KENTHURST,NSW,2156,28,1998,56.7
254 CARTERS ROAD GROSE VALE,GROSE VALE,NSW,2753,28,1998,56.7
36 NOVARA CRESCENT COMO,COMO,NSW,2226,28,1998,56.6
52 TODMAN AVENUE KENSINGTON,KENSINGTON,NSW,2033,28,1998,56.6
54A PORTMAN STREET ZETLAND,ZETLAND,NSW,2017,28,1998,56.6
12 MACARTHUR AVENUE STRATHFIELD,STRATHFIELD,NSW,2135,28,1998,56.6
1 MEREDITH STREET HOMEBUSH,HOMEBUSH,NSW,2140,28,1998,56.6
BRIDGE ROAD HOMEBUSH,HOMEBUSH,NSW,2140,28,1998,56.6
42 ADDISON AVENUE CONCORD,CONCORD,NSW,2137,21,2005,56.6
2 COMER STREET BURWOOD,BURWOOD,NSW,2134,28,1998,56.6
33 OAKLEY ROAD NORTH BONDI,NORTH BONDI,NSW,2026,28,1998,56.6
123 O'DONNELL STREET NORTH BONDI,NORTH BONDI,NSW,2026,28,1998,56.6
80-84 NEWCASTLE STREET ROSE BAY,ROSE BAY,NSW,2029,28,1998,56.6
4C WENTWORTH STREET POINT PIPER,POINT PIPER,NSW,2027,28,1998,56.6
2 ILUKA ROAD MOSMAN,MOSMAN,NSW,2088,28,1998,56.6
WOOLCOTT STREET WAVERTON,WAVERTON,NSW,2060,21,2005,56.6
4 MCDOUGALL STREET KIRRIBILLI,KIRRIBILLI,NSW,2061,21,2005,56.6
557 VICTORIA ROAD RYDE,RYDE,NSW,2112,21,2005,56.6
14 RYRIES PARADE CREMORNE,CREMORNE,NSW,2090,21,2005,56.6
20 REYNOLDS STREET CREMORNE,CREMORNE,NSW,2090,21,2005,56.6
22A BURRAN AVENUE MOSMAN,MOSMAN,NSW,2088,21,2005,56.6
23 KIRKOSWALD AVENUE MOSMAN,MOSMAN,NSW,2088,28,1998,56.6
17 WOLSELEY ROAD MOSMAN,MOSMAN,NSW,2088,28,1998,56.6
16 WRIGHT STREET GLENBROOK,GLENBROOK,NSW,2773,28,1998,56.6
TANGERINE DRIVE QUAKERS HILL,QUAKERS HILL,NSW,2763,28,1998,56.6
25 FAIRLIGHT CRESCENT FAIRLIGHT,FAIRLIGHT,NSW,2094,28,1998,56.6
18 BULKIRA ROAD EPPING,EPPING,NSW,2121,21,2005,56.6
9 KANDY AVENUE EPPING,EPPING,NSW,2121,21,2005,56.6
19 ORMONDE AVENUE EPPING,EPPING,NSW,2121,21,2005,56.6
20 MARS STREET EPPING,EPPING,NSW,2121,21,2005,56.6
184-186 WATERLOO ROAD MARSFIELD,MARSFIELD,NSW,2122,21,2005,56.6
M2 MOTORWAY MACQUARIE PARK,PARK,NSW,,21,2005,56.6
6 NUNDA CLOSE PENNANT HILLS,PENNANT HILLS,NSW,2120,21,2005,56.6
16-18 NELSON STREET THORNLEIGH,THORNLEIGH,NSW,2120,28,1998,56.6
5 BLYTHESWOOD AVENUE WARRAWEE,WARRAWEE,NSW,2074,28,1998,56.6
5 WILSON AVENUE BEAUMONT HILLS,BEAUMONT HILLS,NSW,2155,21,2005,56.6
41 REDDEN DRIVE KELLYVILLE,KELLYVILLE,NSW,2155,28,1998,56.6
WINDSOR ROAD KELLYVILLE,KELLYVILLE,NSW,2155,28,1998,56.6
25 FREYCINET CLOSE DURAL,DURAL,NSW,2158,28,1998,56.6
290 GALSTON ROAD GALSTON,GALSTON,NSW,2159,28,1998,56.6
34 ACHILLES ROAD ENGADINE,ENGADINE,NSW,2233,28,1998,56.5
13 ENDEAVOUR ROAD CARINGBAH,CARINGBAH,NSW,2229,28,1998,56.5
7 CHAPEL STREET RANDWICK,RANDWICK,NSW,2031,28,1998,56.5
30 GADIGAL AVENUE ZETLAND,ZETLAND,NSW,2017,28,1998,56.5
467A HOMER STREET EARLWOOD,EARLWOOD,NSW,2206,28,1998,56.5
19 DOBROYD DRIVE ELIZABETH HILLS,ELIZABETH HILLS,NSW,2171,28,1998,56.5
20 MYEE AVENUE STRATHFIELD,STRATHFIELD,NSW,2135,28,1998,56.5
116 ALBERT ROAD STRATHFIELD,STRATHFIELD,NSW,2135,28,1998,56.5
56-62 UNDERWOOD ROAD HOMEBUSH,HOMEBUSH,NSW,2140,21,2005,56.5
7 LLANGOLLAN AVENUE ENFIELD,ENFIELD,NSW,2136,28,1998,56.5
1B NEW BEACH ROAD DARLING POINT,DARLING POINT,NSW,2027,28,1998,56.5
154 MILITARY ROAD DOVER HEIGHTS,DOVER HEIGHTS,NSW,2030,28,1998,56.5
241 OXFORD STREET BONDI JUNCTION,BONDI JUNCTION,NSW,2022,21,2005,56.5
56 SHEARWATER DRIVE GLENMORE PARK,GLENMORE PARK,NSW,2745,21,2005,56.5
72 CHELMSFORD AVENUE EPPING,EPPING,NSW,2121,21,2005,56.5
6 CHESTERFIELD ROAD EPPING,EPPING,NSW,2121,21,2005,56.5
9 ARRAS PARADE RYDE,RYDE,NSW,2112,21,2005,56.5
18 JULIAN STREET MOSMAN,MOSMAN,NSW,2088,21,2005,56.5
35 MUSGRAVE STREET MOSMAN,MOSMAN,NSW,2088,21,2005,56.5
16 HAMPDEN STREET NORTH SYDNEY,NORTH SYDNEY,NSW,2060,21,2005,56.5
938 VICTORIA ROAD WEST RYDE,WEST RYDE,NSW,2114,21,2005,56.5
2 ROWERS VIEW EMU PLAINS,EMU PLAINS,NSW,2750,28,1998,56.5
6 ALEXANDRA CRESCENT GLENBROOK,GLENBROOK,NSW,2773,21,2005,56.5
10-12 GREAT WESTERN HIGHWAY GLENBROOK,GLENBROOK,NSW,2773,28,1998,56.5
14 THE BOULEVARDE EPPING,EPPING,NSW,2121,21,2005,56.5
1X CASTLE HOWARD ROAD CHELTENHAM,CHELTENHAM,NSW,2119,28,1998,56.5
21 SURREY STREET EPPING,EPPING,NSW,2121,21,2005,56.5
186 BEECROFT ROAD CHELTENHAM,CHELTENHAM,NSW,2119,21,2005,56.5
4 GRAYSON ROAD NORTH EPPING,NORTH EPPING,NSW,2121,21,2005,56.5
8-14 MERCER STREET CASTLE HILL,CASTLE HILL,NSW,2154,28,1998,56.5
70-84 HAWKESBURY ROAD SPRINGWOOD,SPRINGWOOD,NSW,2777,28,1998,56.5
19 STATHAM AVENUE FAULCONBRIDGE,FAULCONBRIDGE,NSW,2776,28,1998,56.5
COMMERCIAL ROAD ROUSE HILL,ROUSE HILL,NSW,2155,28,1998,56.5
85 BOORALIE ROAD TERREY HILLS,TERREY HILLS,NSW,2084,28,1998,56.5
100 BADGALLY ROAD GREGORY HILLS,GREGORY HILLS,NSW,2557,21,2005,56.4
376-378 PORT HACKING ROAD CARINGBAH,CARINGBAH,NSW,2229,28,1998,56.4
21 HARNLEIGH AVENUE WOOLOOWARE,WOOLOOWARE,NSW,2230,28,1998,56.4
11 CONSETT STREET CONCORD WEST,CONCORD WEST,NSW,2138,21,2005,56.4
1A TUSCULUM STREET POTTS POINT,POTTS POINT,NSW,2011,28,1998,56.4
38 PORTLAND STREET DOVER HEIGHTS,DOVER HEIGHTS,NSW,2030,28,1998,56.4
13 NELSON STREET BONDI JUNCTION,BONDI JUNCTION,NSW,2022,28,1998,56.4
147 O'SULLIVAN ROAD BELLEVUE HILL,BELLEVUE HILL,NSW,2023,28,1998,56.4
21 LIVERPOOL STREET ROSE BAY,ROSE BAY,NSW,2029,28,1998,56.4
26X PLYMPTON ROAD CARLINGFORD,CARLINGFORD,NSW,2118,21,2005,56.4
71A VIMIERA ROAD EASTWOOD,EASTWOOD,NSW,2122,21,2005,56.4
7 BRUCEDALE AVENUE EPPING,EPPING,NSW,2121,21,2005,56.4
10 WARD STREET EPPING,EPPING,NSW,2121,21,2005,56.4
14X BEGONIA ROAD THORNLEIGH,THORNLEIGH,NSW,2120,28,1998,56.4
23 SOLING CRESCENT CRANEBROOK,CRANEBROOK,NSW,2749,28,1998,56.4
88-94 GRAYS LANE CRANEBROOK,CRANEBROOK,NSW,2749,28,1998,56.4
81R WILSON PARADE HEATHCOTE,HEATHCOTE,NSW,2233,28,1998,56.3
21 GUNGARLIN DRIVE HORNINGSEA PARK,HORNINGSEA PARK,NSW,2171,21,2005,56.3
10/65 CARRINGTON ROAD RANDWICK,RANDWICK,NSW,2031,28,1998,56.3
205 BENTS BASIN ROAD WALLACIA,WALLACIA,NSW,2745,28,1998,56.3
16 COURTENAY ROAD ROSE BAY,ROSE BAY,NSW,2029,28,1998,56.3
95 ELIZABETH BAY ROAD ELIZABETH BAY,ELIZABETH BAY,NSW,2011,28,1998,56.3
182 KING STREET NEWTOWN,NEWTOWN,NSW,2042,28,1998,56.3
12 SUNRISE TERRACE GLENMORE PARK,GLENMORE PARK,NSW,2745,28,1998,56.3
79 CHESTERFIELD ROAD EPPING,EPPING,NSW,2121,21,2005,56.3
21 FALCONER STREET WEST RYDE,WEST RYDE,NSW,2114,21,2005,56.3
41 GWENDALE CRESCENT EASTWOOD,EASTWOOD,NSW,2122,21,2005,56.3
SPIT ROAD MOSMAN,MOSMAN,NSW,2088,28,1998,56.3
7 ACACIA ROAD SEAFORTH,SEAFORTH,NSW,2092,21,2005,56.3
439 SAILORS BAY ROAD NORTHBRIDGE,NORTHBRIDGE,NSW,2063,21,2005,56.3
28A THE CRESCENT VAUCLUSE,VAUCLUSE,NSW,2030,21,2005,56.3
390 EASTERN VALLEY WAY ROSEVILLE,ROSEVILLE,NSW,2069,21,2005,56.3
30 MILRAY AVENUE WOLLSTONECRAFT,WOLLSTONECRAFT,NSW,2065,21,2005,56.3
GREENWICH ROAD GREENWICH,GREENWICH,NSW,2065,21,2005,56.3
29 EAST ESPLANADE MANLY,MANLY,NSW,2095,28,1998,56.3
66 CHELMSFORD AVENUE EPPING,EPPING,NSW,2121,21,2005,56.3
30 CASTLE HILL ROAD WEST PENNANT HILLS,WEST PENNANT HILLS,NSW,2125,28,1998,56.3
3 ENGLISH AVENUE CASTLE HILL,CASTLE HILL,NSW,2154,28,1998,56.3
15 DOULTON DRIVE CHERRYBROOK,CHERRYBROOK,NSW,2126,28,1998,56.3
NORWEST BOULEVARD NORWEST,NORWEST,NSW,2153,28,1998,56.3
2 BRISBANE PLACE CROMER,CROMER,NSW,2099,28,1998,56.3
44 SUMMER ROAD FAULCONBRIDGE,FAULCONBRIDGE,NSW,2776,28,1998,56.3
14 MOXHAM STREET CRANEBROOK,CRANEBROOK,NSW,2749,21,2005,56.3
12 DEVON STREET NORTH EPPING,NORTH EPPING,NSW,2121,21,2005,56.3
8B TARANTO ROAD MARSFIELD,MARSFIELD,NSW,2122,21,2005,56.3
3 LEONARDS WAY BEAUMONT HILLS,BEAUMONT HILLS,NSW,2155,28,1998,56.3
26 GREENSBOROUGH AVENUE ROUSE HILL,ROUSE HILL,NSW,2155,28,1998,56.3
425-443 SINGLES RIDGE ROAD YELLOW ROCK,YELLOW ROCK,NSW,2777,28,1998,56.3
22A ILLINGWORTH ROAD YELLOW ROCK,YELLOW ROCK,NSW,2777,28,1998,56.3
21 CARBEEN ROAD WESTLEIGH,WESTLEIGH,NSW,2120,28,1998,56.3
PACIFIC HIGHWAY COWAN,COWAN,NSW,2081,28,1998,56.3
157 GEORGES RIVER ROAD KENTLYN,KENTLYN,NSW,2560,21,2005,56.2
21 KATHERINE STREET LEUMEAH,LEUMEAH,NSW,2560,21,2005,56.2
58 MIRANDA ROAD MIRANDA,MIRANDA,NSW,2228,28,1998,56.2
55 CAPTAIN COOK DRIVE KURNELL,KURNELL,NSW,2231,21,2005,56.2
519 ROCKY POINT ROAD SANS SOUCI,SANS SOUCI,NSW,2219,28,1998,56.2
9 MCDONALD CRESCENT STRATHFIELD,STRATHFIELD,NSW,2135,28,1998,56.2
102C CAMERON STREET EDGECLIFF,EDGECLIFF,NSW,2027,28,1998,56.2
14 DICK STREET HENLEY,HENLEY,NSW,2111,21,2005,56.2
7 EPPING AVENUE EASTWOOD,EASTWOOD,NSW,2122,21,2005,56.2
ROWLISON PARADE CAMMERAY,CAMMERAY,NSW,2062,21,2005,56.2
6 WONGA ROAD CREMORNE,CREMORNE,NSW,2090,21,2005,56.2
21 CARRINGTON AVENUE MOSMAN,MOSMAN,NSW,2088,21,2005,56.2
51 REINA STREET NORTH BONDI,NORTH BONDI,NSW,2026,28,1998,56.2
95 PRINCES STREET RYDE,RYDE,NSW,2112,21,2005,56.2
47 CHARLES STREET RYDE,RYDE,NSW,2112,21,2005,56.2
Z37 GREAT WESTERN HIGHWAY GLENBROOK,GLENBROOK,NSW,2773,28,1998,56.2
12 WALKER STREET WERRINGTON,WERRINGTON,NSW,2747,28,1998,56.2
19 MAGNOLIA AVENUE EPPING,EPPING,NSW,2121,21,2005,56.2
91 EPPING AVENUE EPPING,EPPING,NSW,2121,21,2005,56.2
53A EPPING ROAD EPPING,EPPING,NSW,2121,21,2005,56.2
13 JOHN ROAD CHERRYBROOK,CHERRYBROOK,NSW,2126,28,1998,56.2
15 REDGROVE AVENUE BEECROFT,BEECROFT,NSW,2119,21,2005,56.2
164 VICTORIA ROAD WEST PENNANT HILLS,WEST PENNANT HILLS,NSW,2125,28,1998,56.2
15 NARELLE AVENUE CASTLE HILL,CASTLE HILL,NSW,2154,21,2005,56.2
77A GUMNUT ROAD CHERRYBROOK,CHERRYBROOK,NSW,2126,28,1998,56.2
2 JUBILEE AVENUE PYMBLE,PYMBLE,NSW,2073,28,1998,56.2
38 FRESHWATER ROAD ROUSE HILL,ROUSE HILL,NSW,2155,21,2005,56.2
FORESHORE ROAD BOTANY,BOTANY,NSW,2019,28,1998,56.1
102/1 CHAPEL LANE ROCKDALE,ROCKDALE,NSW,2216,21,2005,56.1
13 ONSLOW AVENUE ELIZABETH BAY,ELIZABETH BAY,NSW,2011,28,1998,56.1
36 SUTTIE ROAD BELLEVUE HILL,BELLEVUE HILL,NSW,2023,28,1998,56.1
2B DUMARESQ ROAD ROSE BAY,ROSE BAY,NSW,2029,28,1998,56.1
50 PLOWMAN STREET NORTH BONDI,NORTH BONDI,NSW,2026,28,1998,56.1
76 MILSON ROAD CREMORNE POINT,CREMORNE POINT,NSW,2090,21,2005,56.1
9 BONDI ROAD BONDI JUNCTION,BONDI JUNCTION,NSW,2022,28,1998,56.1
28-34 CAMBRIDGE AVENUE VAUCLUSE,VAUCLUSE,NSW,2030,28,1998,56.1
93 GLENMORE RIDGE DRIVE GLENMORE PARK,GLENMORE PARK,NSW,2745,28,1998,56.1
92 ESSEX STREET EPPING,EPPING,NSW,2121,21,2005,56.1
16 BARDWELL ROAD MOSMAN,MOSMAN,NSW,2088,21,2005,56.1
33 ABBOTT STREET CAMMERAY,CAMMERAY,NSW,2062,21,2005,56.1
34 CAIRO STREET CAMMERAY,CAMMERAY,NSW,2062,21,2005,56.1
96 SHIRLEY ROAD WOLLSTONECRAFT,WOLLSTONECRAFT,NSW,2065,21,2005,56.1
5 MARGARET STREET RYDE,RYDE,NSW,2112,21,2005,56.1
28A YORK STREET EPPING,EPPING,NSW,2121,21,2005,56.1
27 CHESTERFIELD ROAD EPPING,EPPING,NSW,2121,21,2005,56.1
17 LAMORNA AVENUE BEECROFT,BEECROFT,NSW,2119,21,2005,56.1
2 KIMBERLEY ROAD CARLINGFORD,CARLINGFORD,NSW,2118,21,2005,56.1
108 HERRING ROAD MARSFIELD,MARSFIELD,NSW,2122,21,2005,56.1
52X NEW FARM ROAD WEST PENNANT HILLS,WEST PENNANT HILLS,NSW,2125,28,1998,56.1
1110 OXFORD FALLS ROAD FRENCHS FOREST,FRENCHS FOREST,NSW,2086,28,1998,56.1
193-205 GROSE ROAD FAULCONBRIDGE,FAULCONBRIDGE,NSW,2776,28,1998,56.1
3 WATSON STREET GLENBROOK,GLENBROOK,NSW,2773,28,1998,56.1
11 COMPASS AVENUE BEAUMONT HILLS,BEAUMONT HILLS,NSW,2155,21,2005,56.1
6 CRAB APPLE LANE ROUSE HILL,ROUSE HILL,NSW,2155,28,1998,56.1
20 THE GREENWAY DUFFYS FOREST,FOREST,NSW,,21,2005,56.1
67-73 HASTINGS ROAD CASTLE HILL,CASTLE HILL,NSW,2154,28,1998,56.1
160 GILBERT ROAD GLENHAVEN,GLENHAVEN,NSW,2156,21,2005,56.1
10 HESSION ROAD NELSON,NELSON,NSW,2765,28,1998,56.1
11-15 MOORES ROAD GLENORIE,GLENORIE,NSW,2157,28,1998,56.1
8 EVE STREET ERSKINEVILLE,ERSKINEVILLE,NSW,2043,28,1998,56.0
61 HIGH STREET STRATHFIELD,STRATHFIELD,NSW,2135,28,1998,56.0
31 FAIRFOWL STREET DULWICH HILL,DULWICH HILL,NSW,2203,28,1998,56.0
6 RUPERTSWOOD AVENUE BELLEVUE HILL,BELLEVUE HILL,NSW,2023,21,2005,56.0
16 TRELAWNEY STREET WOOLLAHRA,WOOLLAHRA,NSW,2025,28,1998,56.0
98 HOLDSWORTH STREET WOOLLAHRA,WOOLLAHRA,NSW,2025,28,1998,56.0
10 GEORGE STREET GREENWICH,GREENWICH,NSW,2065,21,2005,56.0
RESERVOIR ROAD PROSPECT,PROSPECT,NSW,2148,28,1998,56.0
15 EASTWOOD AVENUE EASTWOOD,EASTWOOD,NSW,2122,21,2005,56.0
YOUNG STREET CREMORNE,CREMORNE,NSW,2090,21,2005,56.0
49 CONDOVER STREET NORTH BALGOWLAH,NORTH BALGOWLAH,NSW,2093,28,1998,56.0
THE ESPLANADE MOSMAN,MOSMAN,NSW,2088,28,1998,56.0
85 UNDERCLIFF STREET NEUTRAL BAY,NEUTRAL BAY,NSW,2089,21,2005,56.0
19 FIRST AVENUE LANE COVE,COVE,NSW,,21,2005,56.0
266 MORRISON ROAD PUTNEY,PUTNEY,NSW,2112,21,2005,56.0
59 WRIGHT STREET GLENBROOK,GLENBROOK,NSW,2773,28,1998,56.0
17 NORWOOD AVENUE BEECROFT,BEECROFT,NSW,2119,21,2005,56.0
1/2 ANGUS AVENUE EPPING,EPPING,NSW,2121,21,2005,56.0
8 KEATS STREET CARLINGFORD,CARLINGFORD,NSW,2118,21,2005,56.0
15 WOODVALE AVENUE NORTH EPPING,NORTH EPPING,NSW,2121,21,2005,56.0
199X MALTON ROAD NORTH EPPING,NORTH EPPING,NSW,2121,28,1998,56.0
7 HIGHVIEW CLOSE NORTH EPPING,NORTH EPPING,NSW,2121,21,2005,56.0
2X FERGUSON AVENUE THORNLEIGH,THORNLEIGH,NSW,2120,28,1998,56.0
1186 PACIFIC HIGHWAY PYMBLE,PYMBLE,NSW,2073,28,1998,56.0
16 TAMBOON AVENUE TURRAMURRA,TURRAMURRA,NSW,2074,28,1998,56.0
6 MOORE STREET GLENBROOK,GLENBROOK,NSW,2773,28,1998,56.0
12/2 MONEY CLOSE ROUSE HILL,ROUSE HILL,NSW,2155,28,1998,56.0
SANCTUARY DRIVE ROUSE HILL,ROUSE HILL,NSW,2155,28,1998,56.0
17 HOTHAM AVENUE BEAUMONT HILLS,BEAUMONT HILLS,NSW,2155,21,2005,56.0
17-25 SAMANTHA RILEY DRIVE NORTH KELLYVILLE,NORTH KELLYVILLE,NSW,2155,28,1998,56.0
12 HIGHBROOK PLACE CASTLE HILL,CASTLE HILL,NSW,2154,28,1998,56.0
25 CLIFF AVENUE NORTH WAHROONGA,NORTH WAHROONGA,NSW,2076,28,1998,56.0
32A INGLESIDE ROAD INGLESIDE,INGLESIDE,NSW,2101,28,1998,56.0
375 STEVEYS FOREST ROAD OAKDALE,OAKDALE,NSW,2570,21,2005,55.9
46 JUNCTION ROAD LEUMEAH,LEUMEAH,NSW,2560,21,2005,55.9
6 WARATAH ROAD KENTLYN,KENTLYN,NSW,2560,21,2005,55.9
50 ISMAY AVENUE HOMEBUSH,HOMEBUSH,NSW,2140,21,2005,55.9
1A NORTHLAND ROAD BELLEVUE HILL,BELLEVUE HILL,NSW,2023,28,1998,55.9
11 COLINDIA AVENUE NEUTRAL BAY,NEUTRAL BAY,NSW,2089,21,2005,55.9
62 TERRY ROAD DENISTONE,DENISTONE,NSW,2114,21,2005,55.9
18A VIMIERA ROAD EASTWOOD,EASTWOOD,NSW,2122,21,2005,55.9
86 CHELMSFORD AVENUE EPPING,EPPING,NSW,2121,21,2005,55.9
63 RUTLEDGE STREET EASTWOOD,EASTWOOD,NSW,2122,21,2005,55.9
23 GOWAN BRAE AVENUE OATLANDS,OATLANDS,NSW,2117,21,2005,55.9
9 PENSHURST AVENUE KURRABA POINT,KURRABA POINT,NSW,2089,21,2005,55.9
47 RUSSELL STREET VAUCLUSE,VAUCLUSE,NSW,2030,21,2005,55.9
KING STREET WOLLSTONECRAFT,WOLLSTONECRAFT,NSW,2065,21,2005,55.9
128 MILLER STREET NORTH SYDNEY,NORTH SYDNEY,NSW,2060,21,2005,55.9
42 ABBOTT STREET CAMMERAY,CAMMERAY,NSW,2062,21,2005,55.9
22 WARWICK AVENUE CAMMERAY,CAMMERAY,NSW,2062,21,2005,55.9
87A PENSHURST STREET WILLOUGHBY,WILLOUGHBY,NSW,2068,21,2005,55.9
23 MUSGRAVE STREET MOSMAN,MOSMAN,NSW,2088,21,2005,55.9
13 WERINGA AVENUE CAMMERAY,CAMMERAY,NSW,2062,21,2005,55.9
4 MAROOTA WAY BEECROFT,BEECROFT,NSW,2119,21,2005,55.9
28 DUNLOP STREET EPPING,EPPING,NSW,2121,21,2005,55.9
19 GRANDVIEW PARADE EPPING,EPPING,NSW,2121,21,2005,55.9
VIEW STREET WEST PENNANT HILLS,WEST PENNANT HILLS,NSW,2125,21,2005,55.9
23 BOWEN CLOSE CHERRYBROOK,CHERRYBROOK,NSW,2126,28,1998,55.9
4 LINDEN WAY BELLA VISTA,BELLA VISTA,NSW,2153,28,1998,55.9
19C WABASH AVENUE CROMER,CROMER,NSW,2099,28,1998,55.9
997-1001 THE NORTHERN ROAD CRANEBROOK,CRANEBROOK,NSW,2749,28,1998,55.9
23 LINFORD PLACE BEAUMONT HILLS,BEAUMONT HILLS,NSW,2155,21,2005,55.9
40 SPRING ROAD KELLYVILLE,KELLYVILLE,NSW,2155,28,1998,55.9
33 PURVINES ROAD YELLOW ROCK,YELLOW ROCK,NSW,2777,28,1998,55.9
67 RAVENSBOURNE WAY DURAL,DURAL,NSW,2158,21,2005,55.9
2 BENNELONG PLACE NARELLAN,NARELLAN,NSW,2567,21,2005,55.8
21R HERITAGE DRIVE ILLAWONG,ILLAWONG,NSW,2234,28,1998,55.8
30 YORK PLACE KENSINGTON,KENSINGTON,NSW,2033,28,1998,55.8
41 WESTON STREET DULWICH HILL,DULWICH HILL,NSW,2203,28,1998,55.8
489 CONCORD ROAD RHODES,RHODES,NSW,2138,21,2005,55.8
5 FLEET STREET NORTH PARRAMATTA,NORTH PARRAMATTA,NSW,2151,28,1998,55.8
91 SEAFORTH CRESCENT SEAFORTH,SEAFORTH,NSW,2092,21,2005,55.8
4 WANT STREET MOSMAN,MOSMAN,NSW,2088,28,1998,55.8
45 MCLAREN STREET NORTH SYDNEY,NORTH SYDNEY,NSW,2060,21,2005,55.8
2 ACHIEVEMENT AVENUE LAPSTONE,LAPSTONE,NSW,2773,28,1998,55.8
14 GREENBANK DRIVE BLACKTOWN,BLACKTOWN,NSW,2148,28,1998,55.8
4 DARWIN STREET CARLINGFORD,CARLINGFORD,NSW,2118,21,2005,55.8
24/110-112 CRIMEA ROAD MARSFIELD,MARSFIELD,NSW,2122,21,2005,55.8
18 EASTCOTE ROAD NORTH EPPING,NORTH EPPING,NSW,2121,21,2005,55.8
65 TERRYMONT ROAD WARRIMOO,WARRIMOO,NSW,2774,28,1998,55.8
2 CRADLE CLOSE BEAUMONT HILLS,BEAUMONT HILLS,NSW,2155,28,1998,55.8
4 GREENWICH STREET KELLYVILLE RIDGE,KELLYVILLE RIDGE,NSW,2155,28,1998,55.8
835-837 OLD NORTHERN ROAD DURAL,DURAL,NSW,2158,28,1998,55.8
25 CUBITT DRIVE DENHAM COURT,,NSW,,28,1998,55.7
17 YARRA PLACE PRESTONS,PRESTONS,NSW,2170,21,2005,55.7
12 BLACKWOOD AVENUE CLOVELLY,CLOVELLY,NSW,2031,28,1998,55.7
44 RODEO DRIVE GREEN VALLEY,GREEN VALLEY,NSW,2168,28,1998,55.7
1 BOLD STREET BURWOOD,BURWOOD,NSW,2134,28,1998,55.7
156 ALBERT ROAD STRATHFIELD,STRATHFIELD,NSW,2135,28,1998,55.7
13 BONUS STREET NORTH BONDI,NORTH BONDI,NSW,2026,28,1998,55.7
1/5 BATES AVENUE PADDINGTON,PADDINGTON,NSW,2021,28,1998,55.7
3-11 WELLINGTON STREET BONDI,BONDI,NSW,2026,28,1998,55.7
2 SCOTSMAN STREET FOREST LODGE,FOREST LODGE,NSW,2037,28,1998,55.7
12 LYORA STREET GLENMORE PARK,GLENMORE PARK,NSW,2745,28,1998,55.7
5 GWENDALE CRESCENT EASTWOOD,EASTWOOD,NSW,2122,21,2005,55.7
26 SQUIRE STREET RYDE,RYDE,NSW,2112,21,2005,55.7
1/64 RUTLEDGE STREET EASTWOOD,EASTWOOD,NSW,2122,21,2005,55.7
38 GRIFFITHS AVENUE WEST RYDE,WEST RYDE,NSW,2114,21,2005,55.7
19 GREYCLIFFE STREET QUEENSCLIFF,QUEENSCLIFF,NSW,2096,28,1998,55.7
173 RAY ROAD EPPING,EPPING,NSW,2121,21,2005,55.7
547-549 NORTH ROCKS ROAD CARLINGFORD,CARLINGFORD,NSW,2118,21,2005,55.7
70 COUNTY DRIVE CHERRYBROOK,CHERRYBROOK,NSW,2126,28,1998,55.7
3 GHISLA CLOSE CHERRYBROOK,CHERRYBROOK,NSW,2126,21,2005,55.7
IRVINE PLACE BELLA VISTA,BELLA VISTA,NSW,2153,28,1998,55.7
365B GREAT WESTERN HIGHWAY SPRINGWOOD,SPRINGWOOD,NSW,2777,21,2005,55.7
160 LINDEN CRESCENT CRANEBROOK,CRANEBROOK,NSW,2749,28,1998,55.7
4 BALZER STREET CAMDEN PARK,CAMDEN PARK,NSW,2570,21,2005,55.6
900B BLUESTONE AVENUE GLEDSWOOD HILLS,GLEDSWOOD HILLS,NSW,2557,28,1998,55.6
221 SYDNEY PARK ROAD ERSKINEVILLE,ERSKINEVILLE,NSW,2043,21,2005,55.6
16 ROSE VALLEY WAY ZETLAND,ZETLAND,NSW,2017,28,1998,55.6
COWPASTURE ROAD LEN WATERS ESTATE,LEN WATERS ESTATE,NSW,2171,28,1998,55.6
156-160 HOLLYWOOD DRIVE LANSVALE,LANSVALE,NSW,2166,28,1998,55.6
281 CONCORD ROAD CONCORD WEST,CONCORD WEST,NSW,2138,21,2005,55.6
9 LLOYD GEORGE AVENUE CONCORD,CONCORD,NSW,2137,28,1998,55.6
44 THE BOULEVARDE LEWISHAM,LEWISHAM,NSW,2049,28,1998,55.6
CAMMARAY ROAD CASTLE COVE,CASTLE COVE,NSW,2069,28,1998,55.6
18 BAY STREET MOSMAN,MOSMAN,NSW,2088,21,2005,55.6
204/14 THRUPP STREET NEUTRAL BAY,NEUTRAL BAY,NSW,2089,21,2005,55.6
75 BAY STREET MOSMAN,MOSMAN,NSW,2088,21,2005,55.6
516 MILITARY ROAD MOSMAN,MOSMAN,NSW,2088,21,2005,55.6
33 KING STREET WAVERTON,WAVERTON,NSW,2060,21,2005,55.6
21 MANNS AVENUE GREENWICH,GREENWICH,NSW,2065,21,2005,55.6
190-226 CADDENS ROAD ORCHARD HILLS,ORCHARD HILLS,NSW,2748,28,1998,55.6
39 REGENTVILLE ROAD GLENMORE PARK,GLENMORE PARK,NSW,2745,28,1998,55.6
4A BOYD STREET BLACKTOWN,BLACKTOWN,NSW,2148,28,1998,55.6
20 DELAWARE STREET EPPING,EPPING,NSW,2121,21,2005,55.6
17-19 RAY ROAD EPPING,EPPING,NSW,2121,21,2005,55.6
54 WYRALLA AVENUE EPPING,EPPING,NSW,2121,21,2005,55.6
54 DUNROSSIL AVENUE CARLINGFORD,CARLINGFORD,NSW,2118,21,2005,55.6
1 CRIMEA ROAD MARSFIELD,MARSFIELD,NSW,2122,21,2005,55.6
11 MURIEL AVENUE EPPING,EPPING,NSW,2121,21,2005,55.6
44 KOOMBALAH AVENUE SOUTH TURRAMURRA,SOUTH TURRAMURRA,NSW,2074,28,1998,55.6
32 GREENS ROAD WARRIMOO,WARRIMOO,NSW,2774,28,1998,55.6
JOALAH ROAD DUFFYS FOREST,DUFFYS FOREST,NSW,2084,28,1998,55.6
188 GLENHAVEN ROAD GLENHAVEN,GLENHAVEN,NSW,2156,28,1998,55.6
40-42 CURAGUL ROAD NORTH TURRAMURRA,NORTH TURRAMURRA,NSW,2074,28,1998,55.6
11 AMY PLACE NARELLAN VALE,NARELLAN VALE,NSW,2567,21,2005,55.5
247 ST ANDREWS ROAD VARROVILLE,VARROVILLE,NSW,2566,21,2005,55.5
9 PAMBULA AVENUE PRESTONS,PRESTONS,NSW,2170,28,1998,55.5
38 CARRINGTON ROAD RANDWICK,RANDWICK,NSW,2031,28,1998,55.5
210A WILSON ROAD GREEN VALLEY,GREEN VALLEY,NSW,2168,28,1998,55.5
13 MELVILLE AVENUE STRATHFIELD,STRATHFIELD,NSW,2135,21,2005,55.5
91 PATTERSON STREET CONCORD,CONCORD,NSW,2137,21,2005,55.5
19 HARRIS STREET PADDINGTON,PADDINGTON,NSW,2021,28,1998,55.5
22 ELAMANG AVENUE KIRRIBILLI,KIRRIBILLI,NSW,2061,21,2005,55.5
ROSEBY STREET DRUMMOYNE,DRUMMOYNE,NSW,2047,21,2005,55.5
14 YARAAN AVENUE EPPING,EPPING,NSW,2121,21,2005,55.5
27 BARINGA AVENUE SEAFORTH,SEAFORTH,NSW,2092,21,2005,55.5
53 AMHERST STREET CAMMERAY,CAMMERAY,NSW,2062,21,2005,55.5
22B INKERMAN STREET MOSMAN,MOSMAN,NSW,2088,21,2005,55.5
121/25 BEST STREET LANE COVE,COVE,NSW,,21,2005,55.5
COLLINS BEACH ROAD MANLY,MANLY,NSW,2095,28,1998,55.5
2-10 PRUNELLA PLACE FAULCONBRIDGE,FAULCONBRIDGE,NSW,2776,28,1998,55.5
NIRIMBA DRIVE NIRIMBA FIELDS,NIRIMBA FIELDS,NSW,2763,28,1998,55.5
25 HAMILTON ROAD KENTLYN,KENTLYN,NSW,2560,21,2005,55.4
4601 BEZENTIN RIDGE ROAD EDMONDSON PARK,EDMONDSON PARK,NSW,2174,28,1998,55.4
12 MARONG STREET PANANIA,PANANIA,NSW,2213,21,2005,55.4
9 ALMA AVENUE CAMPSIE,CAMPSIE,NSW,2194,28,1998,55.4
2 PYE ROAD ELIZABETH HILLS,ELIZABETH HILLS,NSW,2171,28,1998,55.4
82 SHORTLAND AVENUE STRATHFIELD,STRATHFIELD,NSW,2135,21,2005,55.4
68-72 BERESFORD ROAD STRATHFIELD,STRATHFIELD,NSW,2135,28,1998,55.4
250-318 PARRAMATTA ROAD HOMEBUSH WEST,HOMEBUSH WEST,NSW,2140,28,1998,55.4
21 POMEROY STREET NORTH STRATHFIELD,NORTH STRATHFIELD,NSW,2137,21,2005,55.4
78 ADELAIDE STREET WOOLLAHRA,WOOLLAHRA,NSW,2025,28,1998,55.4
6 BRANKSOME WAY GLENMORE PARK,GLENMORE PARK,NSW,2745,21,2005,55.4
59 LLEWELLYN STREET RHODES,RHODES,NSW,2138,21,2005,55.4
18 NEIL STREET EPPING,EPPING,NSW,2121,21,2005,55.4
1 THIRD AVENUE EPPING,EPPING,NSW,2121,21,2005,55.4
38 EASTWOOD AVENUE EASTWOOD,EASTWOOD,NSW,2122,21,2005,55.4
1-3 BALACLAVA ROAD EASTWOOD,EASTWOOD,NSW,2122,21,2005,55.4
8 RICHARDS AVENUE EASTWOOD,EASTWOOD,NSW,2122,21,2005,55.4
4/170 SHAFTSBURY ROAD EASTWOOD,EASTWOOD,NSW,2122,21,2005,55.4
20 WYONG ROAD MOSMAN,MOSMAN,NSW,2088,21,2005,55.4
2 COBBITTEE STREET MOSMAN,MOSMAN,NSW,2088,28,1998,55.4
3 MALVERN AVENUE CHATSWOOD,CHATSWOOD,NSW,2067,21,2005,55.4
31 BUTLER CRESCENT SOUTH PENRITH,SOUTH PENRITH,NSW,2750,28,1998,55.4
3 YARAAN AVENUE EPPING,EPPING,NSW,2121,21,2005,55.4
50 BORONIA AVENUE EPPING,EPPING,NSW,2121,21,2005,55.4
6 DUNMORE ROAD EPPING,EPPING,NSW,2121,21,2005,55.4
19 DENT STREET EPPING,EPPING,NSW,2121,21,2005,55.4
3 NEIL STREET EPPING,EPPING,NSW,2121,21,2005,55.4
3 DEVLIN ROAD NORTH EPPING,NORTH EPPING,NSW,2121,21,2005,55.4
23 FULBOURNE AVENUE PENNANT HILLS,PENNANT HILLS,NSW,2120,21,2005,55.4
28 ALANA DRIVE WEST PENNANT HILLS,WEST PENNANT HILLS,NSW,2125,21,2005,55.4
11 BULLER STREET SOUTH TURRAMURRA,SOUTH TURRAMURRA,NSW,2074,28,1998,55.4
53 THE PARKWAY BEAUMONT HILLS,BEAUMONT HILLS,NSW,2155,21,2005,55.4
11 BEAUMONT DRIVE BEAUMONT HILLS,BEAUMONT HILLS,NSW,2155,21,2005,55.4
8 PARAGON DRIVE DURAL,DURAL,NSW,2158,28,1998,55.4
61 MIOWERA ROAD NORTH TURRAMURRA,NORTH TURRAMURRA,NSW,2074,28,1998,55.4
6 HAFEY ROAD KENTHURST,KENTHURST,NSW,2156,28,1998,55.4
16 GLENESS PLACE GLENORIE,GLENORIE,NSW,2157,28,1998,55.4
12 MAIN STREET MOUNT ANNAN,MOUNT ANNAN,NSW,2567,21,2005,55.3
74 HOLLIDAY AVENUE EDMONDSON PARK,EDMONDSON PARK,NSW,2174,28,1998,55.3
11-21 FLORIDA STREET SYLVANIA,SYLVANIA,NSW,2224,28,1998,55.3
14 CARRUTHERS DRIVE HORNINGSEA PARK,HORNINGSEA PARK,NSW,2171,28,1998,55.3
32 BYRON STREET CAMPSIE,CAMPSIE,NSW,2194,28,1998,55.3
25 WYNNSTAY AVENUE ENFIELD,ENFIELD,NSW,2136,28,1998,55.3
48 WOODWARD AVENUE STRATHFIELD,STRATHFIELD,NSW,2135,28,1998,55.3
76 UNDERWOOD ROAD HOMEBUSH,HOMEBUSH,NSW,2140,28,1998,55.3
20 MYALL STREET CONCORD WEST,CONCORD WEST,NSW,2138,21,2005,55.3
4 HENRIETTA STREET DOUBLE BAY,DOUBLE BAY,NSW,2028,21,2005,55.3
1/669 OLD SOUTH HEAD ROAD VAUCLUSE,VAUCLUSE,NSW,2030,28,1998,55.3
43 KURRABA ROAD NEUTRAL BAY,NEUTRAL BAY,NSW,2089,21,2005,55.3
PITT STREET MILSONS POINT,MILSONS POINT,NSW,2061,21,2005,55.3
8 SIMPSON STREET PUTNEY,PUTNEY,NSW,2112,21,2005,55.3
35 WINGATE AVENUE EASTWOOD,EASTWOOD,NSW,2122,21,2005,55.3
13 STEWART STREET EASTWOOD,EASTWOOD,NSW,2122,21,2005,55.3
26 WONGA ROAD CREMORNE,CREMORNE,NSW,2090,21,2005,55.3
415 SAILORS BAY ROAD NORTHBRIDGE,NORTHBRIDGE,NSW,2063,21,2005,55.3
5 JULIAN STREET MOSMAN,MOSMAN,NSW,2088,21,2005,55.3
94 AMHERST STREET CAMMERAY,CAMMERAY,NSW,2062,21,2005,55.3
GRAFTON AVENUE NAREMBURN,NAREMBURN,NSW,2065,21,2005,55.3
156 PRINCES STREET PUTNEY,PUTNEY,NSW,2112,21,2005,55.3
69 ALEPPO STREET QUAKERS HILL,QUAKERS HILL,NSW,2763,21,2005,55.3
76 RAY ROAD EPPING,EPPING,NSW,2121,21,2005,55.3
11 BRIGG ROAD EPPING,EPPING,NSW,2121,21,2005,55.3
12 LEWIS STREET EPPING,EPPING,NSW,2121,21,2005,55.3
1 VALLEY VIEW CRESCENT NORTH EPPING,NORTH EPPING,NSW,2121,21,2005,55.3
10 HOTHAM AVENUE BEAUMONT HILLS,BEAUMONT HILLS,NSW,2155,21,2005,55.3
16 LYCETT AVENUE KELLYVILLE,KELLYVILLE,NSW,2155,21,2005,55.3
57 GARDYNE STREET BRONTE,BRONTE,NSW,2024,28,1998,55.2
37 ONSLOW STREET ROSE BAY,ROSE BAY,NSW,2029,28,1998,55.2
31 MUSGRAVE STREET MOSMAN,MOSMAN,NSW,2088,21,2005,55.2
7 SUTHERLAND AVENUE PADDINGTON,PADDINGTON,NSW,2021,28,1998,55.2
96 WALLIS STREET WOOLLAHRA,WOOLLAHRA,NSW,2025,28,1998,55.2
14 CAMBRIDGE AVENUE VAUCLUSE,VAUCLUSE,NSW,2030,21,2005,55.2
167 HIGH STREET NORTH SYDNEY,NORTH SYDNEY,NSW,2060,21,2005,55.2
30 BARELLAN AVENUE CARLINGFORD,CARLINGFORD,NSW,2118,21,2005,55.2
24A CORUNNA ROAD EASTWOOD,EASTWOOD,NSW,2122,21,2005,55.2
15 SPOFFORTH STREET MOSMAN,MOSMAN,NSW,2088,21,2005,55.2
110 BELMONT ROAD MOSMAN,MOSMAN,NSW,2088,21,2005,55.2
ALEPPO STREET QUAKERS HILL,QUAKERS HILL,NSW,2763,28,1998,55.2
18 WAINE STREET FRESHWATER,FRESHWATER,NSW,2096,28,1998,55.2
6 HIGH STREET EPPING,EPPING,NSW,2121,21,2005,55.2
23 LEICESTER STREET EPPING,EPPING,NSW,2121,21,2005,55.2
WALLALONG CRESCENT WEST PYMBLE,WEST PYMBLE,NSW,2073,28,1998,55.2
17 OAKLANDS AVENUE BEECROFT,BEECROFT,NSW,2119,28,1998,55.2
13 BROOKPINE PLACE WEST PENNANT HILLS,WEST PENNANT HILLS,NSW,2125,28,1998,55.2
4G ASTORIA PARK ROAD BAULKHAM HILLS,BAULKHAM HILLS,NSW,2153,28,1998,55.2
84-92 DAVIES AVENUE SPRINGWOOD,SPRINGWOOD,NSW,2777,28,1998,55.2
124-127 LINDEN CRESCENT CRANEBROOK,CRANEBROOK,NSW,2749,28,1998,55.2
98 ROSEDALE ROAD ST IVES,ST IVES,NSW,2075,28,1998,55.2
MARELLA AVENUE KELLYVILLE,KELLYVILLE,NSW,2155,28,1998,55.2
147 BOORALIE ROAD DUFFYS FOREST,DUFFYS FOREST,NSW,2084,28,1998,55.2
74 PATTERSON LANE GROSE VALE,GROSE VALE,NSW,2753,28,1998,55.2
CORAL AVENUE KENTLYN,KENTLYN,NSW,2560,21,2005,55.1
80 OATLEY PARK AVENUE OATLEY,OATLEY,NSW,2223,28,1998,55.1
26 CURTIS LANE CATHERINE FIELD,CATHERINE FIELD,NSW,2557,21,2005,55.1
THIRTY SECOND AVENUE WEST HOXTON,WEST HOXTON,NSW,2171,28,1998,55.1
3 MARROO STREET BRONTE,BRONTE,NSW,2024,28,1998,55.1
457 LIVERPOOL ROAD STRATHFIELD,STRATHFIELD,NSW,2135,28,1998,55.1
10/6 MITCHELL STREET ENFIELD,ENFIELD,NSW,2136,28,1998,55.1
24 COVENTRY ROAD STRATHFIELD,STRATHFIELD,NSW,2135,21,2005,55.1
6 HAMILTON STREET NORTH STRATHFIELD,NORTH STRATHFIELD,NSW,2137,21,2005,55.1
155-159 CROYDON ROAD CROYDON,CROYDON,NSW,2132,28,1998,55.1
474 OLD SOUTH HEAD ROAD ROSE BAY,ROSE BAY,NSW,2029,28,1998,55.1
11 LOOKES AVENUE BALMAIN EAST,BALMAIN EAST,NSW,2041,21,2005,55.1
2A DIAMOND AVENUE GRANVILLE,GRANVILLE,NSW,2142,21,2005,55.1
WARRINGAH EXPRESSWAY NORTH SYDNEY,SYDNEY,NSW,2000,21,2005,55.1
1 BOGOTA AVENUE CREMORNE POINT,CREMORNE POINT,NSW,2090,21,2005,55.1
4A MISTRAL AVENUE MOSMAN,MOSMAN,NSW,2088,21,2005,55.1
200 MILLER STREET NORTH SYDNEY,NORTH SYDNEY,NSW,2060,21,2005,55.1
1/15 ROCKLANDS ROAD WOLLSTONECRAFT,WOLLSTONECRAFT,NSW,2065,21,2005,55.1
COBBLESTONE GROVE WOODCROFT,WOODCROFT,NSW,2767,28,1998,55.1
9 JAPONICA ROAD EPPING,EPPING,NSW,2121,21,2005,55.1
24 KEELER STREET CARLINGFORD,CARLINGFORD,NSW,2118,21,2005,55.1
20 RAYMOND PLACE EPPING,EPPING,NSW,2121,21,2005,55.1
17 WERONA STREET PENNANT HILLS,PENNANT HILLS,NSW,2120,28,1998,55.1
14 THORN STREET PENNANT HILLS,PENNANT HILLS,NSW,2120,28,1998,55.1
74-78 CASTLE HILL ROAD WEST PENNANT HILLS,WEST PENNANT HILLS,NSW,2125,28,1998,55.1
29 PIONEER PLACE CASTLE HILL,CASTLE HILL,NSW,2154,21,2005,55.1
WINDSOR ROAD BAULKHAM HILLS,BAULKHAM HILLS,NSW,2153,28,1998,55.1
63 SUN VALLEY ROAD SUN VALLEY,SUN VALLEY,NSW,2777,21,2005,55.1
71C RUSSELL AVENUE VALLEY HEIGHTS,VALLEY HEIGHTS,NSW,2777,21,2005,55.1
67 GRAYS LANE CRANEBROOK,CRANEBROOK,NSW,2749,28,1998,55.1
7 LAMONT CLOSE KELLYVILLE,KELLYVILLE,NSW,2155,21,2005,55.1
92A ELANORA ROAD ELANORA HEIGHTS,ELANORA HEIGHTS,NSW,2101,28,1998,55.1
310 MONA VALE ROAD TERREY HILLS,TERREY HILLS,NSW,2084,28,1998,55.1
402 BOBBIN HEAD ROAD NORTH TURRAMURRA,NORTH TURRAMURRA,NSW,2074,28,1998,55.1
3 GLENESS PLACE GLENORIE,GLENORIE,NSW,2157,28,1998,55.1
19 HENDY AVENUE SOUTH COOGEE,SOUTH COOGEE,NSW,2034,28,1998,55.0
850 BOURKE STREET WATERLOO,WATERLOO,NSW,2017,21,2005,55.0
10R HOMEBUSH BAY DRIVE HOMEBUSH,HOMEBUSH,NSW,2140,21,2005,55.0
41 BLAKE STREET ROSE BAY,ROSE BAY,NSW,2029,28,1998,55.0
15 WENTWORTH STREET POINT PIPER,POINT PIPER,NSW,2027,28,1998,55.0
20 RIVERS STREET BELLEVUE HILL,BELLEVUE HILL,NSW,2023,21,2005,55.0
51-55 O'SULLIVAN ROAD ROSE BAY,ROSE BAY,NSW,2029,28,1998,55.0
31 ROSLYNDALE AVENUE WOOLLAHRA,WOOLLAHRA,NSW,2025,28,1998,55.0
18 OXLEY STREET GLEBE,GLEBE,NSW,2037,21,2005,55.0
1 OLYMPIC DRIVE MILSONS POINT,MILSONS POINT,NSW,2061,21,2005,55.0
2 HAYES STREET NEUTRAL BAY,NEUTRAL BAY,NSW,2089,21,2005,55.0
5-13 KING STREET MANLY VALE,MANLY VALE,NSW,2093,28,1998,55.0
25A MYAHGAH ROAD MOSMAN,MOSMAN,NSW,2088,21,2005,55.0
7 NIARA STREET RYDE,RYDE,NSW,2112,21,2005,55.0
42 TOBRUK AVENUE CREMORNE,CREMORNE,NSW,2090,21,2005,55.0
24 WYONG ROAD MOSMAN,MOSMAN,NSW,2088,21,2005,55.0
4 KILLARNEY STREET MOSMAN,MOSMAN,NSW,2088,21,2005,55.0
41 CHISHOLM STREET GREENWICH,GREENWICH,NSW,2065,21,2005,55.0
76 BEN BOYD ROAD NEUTRAL BAY,NEUTRAL BAY,NSW,2089,21,2005,55.0
138 MILSON ROAD CREMORNE POINT,CREMORNE POINT,NSW,2090,21,2005,55.0
2 ROSS SMITH AVENUE MEADOWBANK,MEADOWBANK,NSW,2114,21,2005,55.0
12 LAROOL CRESCENT THORNLEIGH,THORNLEIGH,NSW,2120,21,2005,55.0
6 PARK STREET EPPING,EPPING,NSW,2121,21,2005,55.0
205 WATERLOO ROAD MARSFIELD,MARSFIELD,NSW,2122,21,2005,55.0
77 KENILWORTH CRESCENT CRANEBROOK,CRANEBROOK,NSW,2749,21,2005,55.0
25 DUNGARA CRESCENT STANHOPE GARDENS,,NSW,,28,1998,55.0
34 BULLER CIRCUIT BEAUMONT HILLS,BEAUMONT HILLS,NSW,2155,21,2005,55.0
13 RAWSON AVENUE LOFTUS,LOFTUS,NSW,2232,28,1998,54.9
90 GLENMORE RIDGE DRIVE GLENMORE PARK,GLENMORE PARK,NSW,2745,28,1998,54.9
10A SKENES AVENUE EASTWOOD,EASTWOOD,NSW,2122,21,2005,54.9
CASTLE CIRCUIT SEAFORTH,SEAFORTH,NSW,2092,28,1998,54.9
82-84 EDINBURGH ROAD WILLOUGHBY,WILLOUGHBY,NSW,2068,21,2005,54.9
11 GLADSTONE AVENUE RYDE,RYDE,NSW,2112,21,2005,54.9
7 PALOMAR PARADE FRESHWATER,FRESHWATER,NSW,2096,28,1998,54.9
11 KAWANA CLOSE EPPING,EPPING,NSW,2121,21,2005,54.9
6 GEORGE STREET EPPING,EPPING,NSW,2121,21,2005,54.9
30X EASTCOTE ROAD NORTH EPPING,NORTH EPPING,NSW,2121,21,2005,54.9
376 OLD NORTHERN ROAD CASTLE HILL,CASTLE HILL,NSW,2154,28,1998,54.9
26 DAVIES AVENUE SPRINGWOOD,SPRINGWOOD,NSW,2777,28,1998,54.9
76A BURNS ROAD SPRINGWOOD,SPRINGWOOD,NSW,2777,21,2005,54.9
64 LALOR DRIVE SPRINGWOOD,SPRINGWOOD,NSW,2777,28,1998,54.9
10 MARAU PLACE YELLOW ROCK,YELLOW ROCK,NSW,2777,28,1998,54.9
7 MARAU PLACE YELLOW ROCK,YELLOW ROCK,NSW,2777,21,2005,54.9
234A SINGLES RIDGE ROAD YELLOW ROCK,YELLOW ROCK,NSW,2777,28,1998,54.9
17 DENDROBIUM CRESCENT ELANORA HEIGHTS,ELANORA HEIGHTS,NSW,2101,28,1998,54.9
3 CHILCOTT ROAD BERRILEE,BERRILEE,NSW,2159,28,1998,54.9
92 YOBARNIE AVENUE NORTH RICHMOND,NORTH RICHMOND,NSW,2754,28,1998,54.9
8 CHATHAM STREET RANDWICK,RANDWICK,NSW,2031,28,1998,54.8
19 COLES STREET CONCORD,CONCORD,NSW,2137,28,1998,54.8
78 UNDERWOOD ROAD HOMEBUSH,HOMEBUSH,NSW,2140,21,2005,54.8
25 CONSETT STREET CONCORD WEST,CONCORD WEST,NSW,2138,21,2005,54.8
18 KROOMBIT STREET DULWICH HILL,DULWICH HILL,NSW,2203,28,1998,54.8
53 CHEVIOT STREET ASHBURY,ASHBURY,NSW,2193,28,1998,54.8
1 PLOWMAN STREET NORTH BONDI,NORTH BONDI,NSW,2026,28,1998,54.8
157-159 HARGRAVE STREET PADDINGTON,PADDINGTON,NSW,2021,28,1998,54.8
33 WINDSOR STREET PADDINGTON,PADDINGTON,NSW,2021,28,1998,54.8
23-35A BAY STREET GLEBE,GLEBE,NSW,2037,28,1998,54.8
18 LYORA STREET GLENMORE PARK,GLENMORE PARK,NSW,2745,21,2005,54.8
10 YARAAN AVENUE EPPING,EPPING,NSW,2121,21,2005,54.8
ERNEST STREET CAMMERAY,CAMMERAY,NSW,2062,21,2005,54.8
389 ALFRED STREET NORTH NEUTRAL BAY,NORTH NEUTRAL BAY,NSW,,21,2005,54.8
2-8 MILITARY ROAD WATSONS BAY,WATSONS BAY,NSW,2030,21,2005,54.8
19 BELMONT AVENUE WOLLSTONECRAFT,WOLLSTONECRAFT,NSW,2065,21,2005,54.8
58 BARINGA ROAD NORTHBRIDGE,NORTHBRIDGE,NSW,2063,21,2005,54.8
75 FALCON STREET CROWS NEST,CROWS NEST,NSW,2065,21,2005,54.8
29 ALBERT STREET GLADESVILLE,GLADESVILLE,NSW,2111,21,2005,54.8
1A CAMELOT DRIVE CRANEBROOK,CRANEBROOK,NSW,2749,28,1998,54.8
14 CHELMSFORD AVENUE EPPING,EPPING,NSW,2121,21,2005,54.8
20 MARWOOD DRIVE BEECROFT,BEECROFT,NSW,2119,21,2005,54.8
42 MAGNOLIA AVENUE EPPING,EPPING,NSW,2121,21,2005,54.8
260 MORGAN ROAD BELROSE,BELROSE,NSW,2085,21,2005,54.8
20 OCEAN VIEW ROAD FRESHWATER,FRESHWATER,NSW,2096,28,1998,54.8
28 NELSON STREET GORDON,GORDON,NSW,2072,28,1998,54.8
1 HARE PLACE ROUSE HILL,ROUSE HILL,NSW,2155,28,1998,54.8
68 JENNER ROAD DURAL,DURAL,NSW,2158,28,1998,54.8
35 THE DRIVE CONCORD WEST,CONCORD WEST,NSW,2138,21,2005,54.7
58 THORNE STREET EDGECLIFF,EDGECLIFF,NSW,2027,28,1998,54.7
147 GOULBURN STREET SURRY HILLS,SURRY HILLS,NSW,2010,28,1998,54.7
63 PADDINGTON STREET PADDINGTON,PADDINGTON,NSW,2021,28,1998,54.7
85-91 ELIZABETH BAY ROAD ELIZABETH BAY,ELIZABETH BAY,NSW,2011,21,2005,54.7
344 PENNANT HILLS ROAD CARLINGFORD,CARLINGFORD,NSW,2118,21,2005,54.7
9 RICHARDS AVENUE EASTWOOD,EASTWOOD,NSW,2122,21,2005,54.7
113 BEN BOYD ROAD NEUTRAL BAY,NEUTRAL BAY,NSW,2089,21,2005,54.7
10 CLONTARF STREET SEAFORTH,SEAFORTH,NSW,2092,21,2005,54.7
24 HODGSON AVENUE CREMORNE POINT,CREMORNE POINT,NSW,2090,21,2005,54.7
16 SPRUSON STREET NEUTRAL BAY,NEUTRAL BAY,NSW,2089,21,2005,54.7
31 FREDERICK STREET RYDE,RYDE,NSW,2112,21,2005,54.7
9 CROSS STREET RYDE,RYDE,NSW,2112,21,2005,54.7
108 BOWDEN STREET MEADOWBANK,MEADOWBANK,NSW,2114,21,2005,54.7
CASTLEREAGH ROAD CASTLEREAGH,CASTLEREAGH,NSW,2749,28,1998,54.7
20 WRIGHT STREET GLENBROOK,GLENBROOK,NSW,2773,28,1998,54.7
1-11 TOWN TERRACE GLENMORE PARK,GLENMORE PARK,NSW,2745,28,1998,54.7
1B HILLSIDE CRESCENT EPPING,EPPING,NSW,2121,21,2005,54.7
116 KENT STREET EPPING,EPPING,NSW,2121,21,2005,54.7
38 DENT STREET EPPING,EPPING,NSW,2121,21,2005,54.7
118 KENT STREET EPPING,EPPING,NSW,2121,21,2005,54.7
7 STANLEY ROAD EPPING,EPPING,NSW,2121,21,2005,54.7
67 COBRAN ROAD CHELTENHAM,CHELTENHAM,NSW,2119,28,1998,54.7
7 BANCROFT AVENUE WEST PENNANT HILLS,WEST PENNANT HILLS,NSW,2125,21,2005,54.7
49 RAMSAY ROAD PENNANT HILLS,PENNANT HILLS,NSW,2120,21,2005,54.7
77B COPELAND ROAD BEECROFT,BEECROFT,NSW,2119,28,1998,54.7
34 CANDOWIE CRESCENT BAULKHAM HILLS,BAULKHAM HILLS,NSW,2153,28,1998,54.7
151 KOOLA AVENUE EAST KILLARA,EAST KILLARA,NSW,2071,28,1998,54.7
1-15 JENNINGS ROAD FAULCONBRIDGE,FAULCONBRIDGE,NSW,2776,28,1998,54.7
25 TERRYMONT ROAD WARRIMOO,WARRIMOO,NSW,2774,21,2005,54.7
5 ARRIONGA PLACE HORNSBY,HORNSBY,NSW,2077,28,1998,54.7
3 OLIVE STREET MINTO HEIGHTS,MINTO HEIGHTS,NSW,2566,21,2005,54.6
29 YAMBA ROAD COMO,COMO,NSW,2226,28,1998,54.6
79 PINE STREET RANDWICK,RANDWICK,NSW,2031,28,1998,54.6
71 ADELAIDE STREET WOOLLAHRA,WOOLLAHRA,NSW,2025,28,1998,54.6
11 GOODWIN STREET WEST RYDE,WEST RYDE,NSW,2114,21,2005,54.6
2/310 WEST STREET CAMMERAY,CAMMERAY,NSW,2062,21,2005,54.6
3/10 CASUARINA DRIVE CHERRYBROOK,CHERRYBROOK,NSW,2126,28,1998,54.6
33 TERRYMONT ROAD WARRIMOO,WARRIMOO,NSW,2774,28,1998,54.6
5-7 LONSDALE AVENUE PYMBLE,PYMBLE,NSW,2073,28,1998,54.6
HASTINGS ROAD CASTLE HILL,CASTLE HILL,NSW,2154,28,1998,54.6
16A ALLARA AVENUE NORTH TURRAMURRA,NORTH TURRAMURRA,NSW,2074,28,1998,54.6
58 CENTRAL PARK DRIVE BOW BOWING,BOW BOWING,NSW,2566,21,2005,54.5
112 LINKS AVENUE CONCORD,CONCORD,NSW,2137,21,2005,54.5
17 ELTHAM STREET DULWICH HILL,DULWICH HILL,NSW,2203,28,1998,54.5
54 EDWARD STREET WOOLLAHRA,WOOLLAHRA,NSW,2025,28,1998,54.5
6 TRANSVAAL AVENUE DOUBLE BAY,DOUBLE BAY,NSW,2028,28,1998,54.5
76 HARGRAVE STREET PADDINGTON,PADDINGTON,NSW,2021,28,1998,54.5
1B ROYALIST ROAD MOSMAN,MOSMAN,NSW,2088,28,1998,54.5
10 ELAMANG AVENUE KIRRIBILLI,KIRRIBILLI,NSW,2061,21,2005,54.5
26 TRELAWNEY STREET EASTWOOD,EASTWOOD,NSW,2122,21,2005,54.5
6 SPOFFORTH STREET CREMORNE,CREMORNE,NSW,2090,21,2005,54.5
38 MACPHERSON STREET CREMORNE,CREMORNE,NSW,2090,21,2005,54.5
14 DUNTROON AVENUE ROSEVILLE,ROSEVILLE,NSW,2069,21,2005,54.5
23 ARKLAND STREET CAMMERAY,CAMMERAY,NSW,2062,21,2005,54.5
74 POTTS STREET RYDE,RYDE,NSW,2112,21,2005,54.5
STUART STREET MANLY,MANLY,NSW,2095,28,1998,54.5
15 COOKE WAY EPPING,EPPING,NSW,2121,21,2005,54.5
41 CHESTER STREET EPPING,EPPING,NSW,2121,21,2005,54.5
92 NORFOLK ROAD NORTH EPPING,NORTH EPPING,NSW,2121,21,2005,54.5
48A CARBEEN AVENUE ST IVES,ST IVES,NSW,2075,21,2005,54.5
9 NAMOI STREET NORTH EPPING,NORTH EPPING,NSW,2121,21,2005,54.5
43 POOLE ROAD KELLYVILLE,KELLYVILLE,NSW,2155,21,2005,54.5
405 WYONG ROAD DUFFYS FOREST,DUFFYS FOREST,NSW,2084,28,1998,54.5
55 OAKHILL DRIVE CASTLE HILL,CASTLE HILL,NSW,2154,21,2005,54.5
4D DENISON STREET HORNSBY,HORNSBY,NSW,2077,21,2005,54.5
139 YARRAMUNDI LANE AGNES BANKS,AGNES BANKS,NSW,2753,28,1998,54.5
96-98 BAY ROAD BERRILEE,BERRILEE,NSW,2159,28,1998,54.5
63 HOLLIDAY AVENUE EDMONDSON PARK,EDMONDSON PARK,NSW,2174,28,1998,54.4
YARRANABBE ROAD DARLING POINT,DARLING POINT,NSW,2027,28,1998,54.4
36 GOSBELL STREET PADDINGTON,PADDINGTON,NSW,2021,21,2005,54.4
BROUGHTON STREET MILSONS POINT,MILSONS POINT,NSW,2061,21,2005,54.4
116 GLENGARRY DRIVE GLENMORE PARK,GLENMORE PARK,NSW,2745,21,2005,54.4
1-5 TORQUAY TERRACE GLENMORE PARK,GLENMORE PARK,NSW,2745,28,1998,54.4
4 NEIL STREET EPPING,EPPING,NSW,2121,21,2005,54.4
25 PARRIWI ROAD MOSMAN,MOSMAN,NSW,2088,21,2005,54.4
2 DUNBAR STREET WATSONS BAY,WATSONS BAY,NSW,2030,28,1998,54.4
36 MAGNOLIA AVENUE EPPING,EPPING,NSW,2121,21,2005,54.4
32 PEMBROKE STREET EPPING,EPPING,NSW,2121,21,2005,54.4
107 RAY ROAD EPPING,EPPING,NSW,2121,21,2005,54.4
25 DARWIN STREET CARLINGFORD,CARLINGFORD,NSW,2118,21,2005,54.4
26 PEMBROKE ROAD MARSFIELD,MARSFIELD,NSW,2122,21,2005,54.4
4 MARIAM PLACE CHERRYBROOK,CHERRYBROOK,NSW,2126,21,2005,54.4
7 ROCHDALE CIRCUIT STANHOPE GARDENS,,NSW,,28,1998,54.4
58 JUPITER ROAD KELLYVILLE,KELLYVILLE,NSW,2155,21,2005,54.4
ROY WATTS ROAD GLENFIELD,GLENFIELD,NSW,2167,28,1998,54.3
25 GEORGE STREET NORTH STRATHFIELD,NORTH STRATHFIELD,NSW,2137,21,2005,54.3
346 MILITARY ROAD VAUCLUSE,VAUCLUSE,NSW,2030,28,1998,54.3
98 LIVERPOOL STREET SYDNEY,SYDNEY,NSW,2000,21,2005,54.3
24 EASTWOOD AVENUE EASTWOOD,EASTWOOD,NSW,2122,21,2005,54.3
101 MIDDLE HEAD ROAD MOSMAN,MOSMAN,NSW,2088,28,1998,54.3
8 THE ESPLANADE MOSMAN,MOSMAN,NSW,2088,21,2005,54.3
12 SALISBURY STREET WATSONS BAY,WATSONS BAY,NSW,2030,21,2005,54.3
192 PACIFIC HIGHWAY WOLLSTONECRAFT,WOLLSTONECRAFT,NSW,2065,21,2005,54.3
40 EDWARD STREET NORTH SYDNEY,NORTH SYDNEY,NSW,2060,21,2005,54.3
1G/8 WATERVIEW DRIVE LANE COVE,COVE,NSW,,21,2005,54.3
1 PAYTEN STREET PUTNEY,PUTNEY,NSW,2112,21,2005,54.3
16 WYCOMBE STREET EPPING,EPPING,NSW,2121,21,2005,54.3
199A CARLINGFORD ROAD CARLINGFORD,CARLINGFORD,NSW,2118,21,2005,54.3
181B RAY ROAD EPPING,EPPING,NSW,2121,21,2005,54.3
49 WALLALONG CRESCENT WEST PYMBLE,WEST PYMBLE,NSW,2073,21,2005,54.3
1 BLIGHS ROAD CROMER,CROMER,NSW,2099,28,1998,54.3
12-24 HOPE STREET BLAXLAND,BLAXLAND,NSW,2774,28,1998,54.3
28 CAVENAH WAY KELLYVILLE RIDGE,KELLYVILLE RIDGE,NSW,2155,21,2005,54.3
18 NICHOLI STREET KELLYVILLE RIDGE,KELLYVILLE RIDGE,NSW,2155,21,2005,54.3
RIVERBANK DRIVE THE PONDS,THE PONDS,NSW,2769,28,1998,54.3
869 BRINGELLY ROAD BRINGELLY,BRINGELLY,NSW,2556,21,2005,54.2
25 PARKERS FARM PLACE CASULA,CASULA,NSW,2170,28,1998,54.2
IVOR AVENUE MIDDLETON GRANGE,MIDDLETON GRANGE,NSW,2171,28,1998,54.2
6 KINTORE STREET DULWICH HILL,DULWICH HILL,NSW,2203,28,1998,54.2
309 GREEN VALLEY ROAD GREEN VALLEY,GREEN VALLEY,NSW,2168,28,1998,54.2
46 MACKENZIE STREET CONCORD WEST,CONCORD WEST,NSW,2138,21,2005,54.2
8 LORRAINE STREET NORTH STRATHFIELD,NORTH STRATHFIELD,NSW,2137,21,2005,54.2
29 EBSWORTH ROAD ROSE BAY,ROSE BAY,NSW,2029,21,2005,54.2
1/375 OLD SOUTH HEAD ROAD NORTH BONDI,NORTH BONDI,NSW,2026,28,1998,54.2
5 RALEIGH STREET DOVER HEIGHTS,DOVER HEIGHTS,NSW,2030,21,2005,54.2
1-59 QUAY STREET HAYMARKET,HAYMARKET,NSW,2000,28,1998,54.2
75-99 FAIRLIGHT ROAD MULGOA,MULGOA,NSW,2745,28,1998,54.2
2097-2113 THE NORTHERN ROAD GLENMORE PARK,GLENMORE PARK,NSW,2745,21,2005,54.2
141 UPPER CLONTARF STREET SEAFORTH,SEAFORTH,NSW,2092,28,1998,54.2
10 MONTAUBAN AVENUE SEAFORTH,SEAFORTH,NSW,2092,28,1998,54.2
167 OURIMBAH ROAD MOSMAN,MOSMAN,NSW,2088,21,2005,54.2
15 COUNTESS STREET MOSMAN,MOSMAN,NSW,2088,21,2005,54.2
 ARTARMON,,NSW,,21,2005,54.2
17 GRAFTON AVENUE NAREMBURN,NAREMBURN,NSW,2065,21,2005,54.2
51A WYCOMBE ROAD NEUTRAL BAY,NEUTRAL BAY,NSW,2089,21,2005,54.2
12 MARTIN STREET NAREMBURN,NAREMBURN,NSW,2065,21,2005,54.2
11 VISTA STREET GREENWICH,GREENWICH,NSW,2065,21,2005,54.2
17 CURTIS STREET RYDE,RYDE,NSW,2112,21,2005,54.2
26X STANLEY ROAD EPPING,EPPING,NSW,2121,21,2005,54.2
6 LEICESTER STREET EPPING,EPPING,NSW,2121,21,2005,54.2
175 CARLINGFORD ROAD CARLINGFORD,CARLINGFORD,NSW,2118,21,2005,54.2
23 AGINCOURT ROAD MARSFIELD,MARSFIELD,NSW,2122,21,2005,54.2
3 NIRIMBA AVENUE NORTH EPPING,NORTH EPPING,NSW,2121,21,2005,54.2
17 BORONIA AVENUE BEECROFT,BEECROFT,NSW,2119,21,2005,54.2
21 GRAYS LANE CRANEBROOK,CRANEBROOK,NSW,2749,28,1998,54.2
20 AVON ROAD PYMBLE,PYMBLE,NSW,2073,28,1998,54.2
WITHERS ROAD NORTH KELLYVILLE,NORTH KELLYVILLE,NSW,2155,28,1998,54.2
4-6 WATER STREET WAHROONGA,WAHROONGA,NSW,2076,28,1998,54.2
13 MORETON ROAD MINTO HEIGHTS,MINTO HEIGHTS,NSW,2566,21,2005,54.1
22 KINGDON PARADE LONG POINT,LONG POINT,NSW,2564,21,2005,54.1
10 YASS CLOSE PRESTONS,PRESTONS,NSW,2170,28,1998,54.1
17 LEICESTER AVENUE STRATHFIELD,STRATHFIELD,NSW,2135,28,1998,54.1
230 CONCORD ROAD CONCORD WEST,CONCORD WEST,NSW,2138,21,2005,54.1
15 WILBERFORCE AVENUE ROSE BAY,ROSE BAY,NSW,2029,28,1998,54.1
1 RICHMOND ROAD ROSE BAY,ROSE BAY,NSW,2029,21,2005,54.1
9 BOAMBILLEE AVENUE VAUCLUSE,VAUCLUSE,NSW,2030,28,1998,54.1
1-5 JEFFREYS STREET KIRRIBILLI,KIRRIBILLI,NSW,2061,21,2005,54.1
53 LLOYD STREET BLACKTOWN,BLACKTOWN,NSW,2148,28,1998,54.1
32A THIRD AVENUE EPPING,EPPING,NSW,2121,21,2005,54.1
36 HOLWAY STREET EASTWOOD,EASTWOOD,NSW,2122,21,2005,54.1
1/13 CARLYLE STREET WOLLSTONECRAFT,WOLLSTONECRAFT,NSW,2065,21,2005,54.1
63 CAMMERAY ROAD CAMMERAY,CAMMERAY,NSW,2062,21,2005,54.1
49 WYCOMBE ROAD NEUTRAL BAY,NEUTRAL BAY,NSW,2089,21,2005,54.1
2A ADDISON AVENUE ROSEVILLE,ROSEVILLE,NSW,2069,21,2005,54.1
44 CROWS NEST ROAD WAVERTON,WAVERTON,NSW,2060,21,2005,54.1
12 ARKLAND STREET CAMMERAY,CAMMERAY,NSW,2062,21,2005,54.1
109 BLAXLAND ROAD RYDE,RYDE,NSW,2112,21,2005,54.1
5 ADA PLACE CARLINGFORD,CARLINGFORD,NSW,2118,21,2005,54.1
6 EYLES AVENUE EPPING,EPPING,NSW,2121,21,2005,54.1
31 ROSS STREET EPPING,EPPING,NSW,2121,21,2005,54.1
6 WILLOUGHBY STREET EPPING,EPPING,NSW,2121,21,2005,54.1
202 VIMIERA ROAD MARSFIELD,MARSFIELD,NSW,2122,21,2005,54.1
283 VIMIERA ROAD MARSFIELD,MARSFIELD,NSW,2122,21,2005,54.1
3 WALLIS GLEN CRANEBROOK,CRANEBROOK,NSW,2749,21,2005,54.1
17-31 HOSKING STREET CRANEBROOK,CRANEBROOK,NSW,2749,28,1998,54.1
12 MACPHERSON STREET WARRIEWOOD,WARRIEWOOD,NSW,2102,28,1998,54.1
196-202 NICHOLSON PARADE CRONULLA,CRONULLA,NSW,2230,28,1998,54.0
128-320 DENHAM COURT ROAD DENHAM COURT,,NSW,,28,1998,54.0
1710 CAMDEN VALLEY WAY EDMONDSON PARK,EDMONDSON PARK,NSW,2174,28,1998,54.0
21-29 MUNDA STREET RANDWICK,RANDWICK,NSW,2031,28,1998,54.0
296A OLD CANTERBURY ROAD ASHFIELD,ASHFIELD,NSW,2131,28,1998,54.0
TENNYSON STREET DULWICH HILL,DULWICH HILL,NSW,2203,28,1998,54.0
7 ABERGELDIE STREET DULWICH HILL,DULWICH HILL,NSW,2203,28,1998,54.0
3 MENA STREET NORTH STRATHFIELD,NORTH STRATHFIELD,NSW,2137,21,2005,54.0
165 MILTON STREET ASHBURY,ASHBURY,NSW,2193,28,1998,54.0
14 VIEW STREET WOOLLAHRA,WOOLLAHRA,NSW,2025,28,1998,54.0
1 DOOMBEN AVENUE EASTWOOD,EASTWOOD,NSW,2122,21,2005,54.0
2B CUMBERLAND STREET EPPING,EPPING,NSW,2121,21,2005,54.0
3 DEBORAH PLACE EASTWOOD,EASTWOOD,NSW,2122,21,2005,54.0
5 BRADY STREET MOSMAN,MOSMAN,NSW,2088,21,2005,54.0
56 KAMERUKA ROAD NORTHBRIDGE,NORTHBRIDGE,NSW,2063,21,2005,54.0
3 SHELLBANK PARADE CREMORNE,CREMORNE,NSW,2090,21,2005,54.0
1 WATSON ROAD WATSONS BAY,WATSONS BAY,NSW,2030,28,1998,54.0
35 BURRA ROAD ARTARMON,ARTARMON,NSW,2064,21,2005,54.0
8 GLENVIEW STREET GREENWICH,GREENWICH,NSW,2065,21,2005,54.0
50 SHIRLEY ROAD WOLLSTONECRAFT,WOLLSTONECRAFT,NSW,2065,21,2005,54.0
3 MARS STREET EPPING,EPPING,NSW,2121,21,2005,54.0
2 MELROSE STREET EPPING,EPPING,NSW,2121,21,2005,54.0
3 DUNMORE ROAD EPPING,EPPING,NSW,2121,21,2005,54.0
96-104 CARLINGFORD ROAD EPPING,EPPING,NSW,2121,21,2005,54.0
2 DUNLOP STREET EPPING,EPPING,NSW,2121,21,2005,54.0
2-4 NILE CLOSE MARSFIELD,MARSFIELD,NSW,2122,21,2005,54.0
9 GAY STREET CASTLE HILL,CASTLE HILL,NSW,2154,21,2005,54.0
58 NORWEST BOULEVARD NORWEST,NORWEST,NSW,2153,28,1998,54.0
1585 CASTLEREAGH ROAD CASTLEREAGH,CASTLEREAGH,NSW,2749,28,1998,54.0
101 HINDMARSH STREET CRANEBROOK,CRANEBROOK,NSW,2749,28,1998,54.0
2 DOWNES STREET NORTH EPPING,NORTH EPPING,NSW,2121,21,2005,54.0
9 PARK ROAD KENTHURST,KENTHURST,NSW,2156,28,1998,54.0
9 HOWARD ROAD MINTO HEIGHTS,MINTO HEIGHTS,NSW,2566,21,2005,53.9
20 O'RIORDAN STREET ALEXANDRIA,ALEXANDRIA,NSW,2015,28,1998,53.9
20 BIRNAM GROVE STRATHFIELD,STRATHFIELD,NSW,2135,21,2005,53.9
26 CUMMING AVENUE CONCORD WEST,CONCORD WEST,NSW,2138,21,2005,53.9
283 CONCORD ROAD CONCORD WEST,CONCORD WEST,NSW,2138,21,2005,53.9
32 DUDLEY ROAD ROSE BAY,ROSE BAY,NSW,2029,21,2005,53.9
30 ETHAM AVENUE DARLING POINT,DARLING POINT,NSW,2027,28,1998,53.9
42 FLINTON STREET PADDINGTON,PADDINGTON,NSW,2021,28,1998,53.9
39 WHALING ROAD NORTH SYDNEY,NORTH SYDNEY,NSW,2060,21,2005,53.9
COMMONWEALTH PARADE MANLY,MANLY,NSW,2095,28,1998,53.9
UPPER CLONTARF STREET ALLAMBIE HEIGHTS,ALLAMBIE HEIGHTS,NSW,2100,21,2005,53.9
98 BENELONG ROAD CREMORNE,CREMORNE,NSW,2090,21,2005,53.9
72 WYCOMBE ROAD NEUTRAL BAY,NEUTRAL BAY,NSW,2089,21,2005,53.9
74 AWABA STREET MOSMAN,MOSMAN,NSW,2088,21,2005,53.9
14 CROWS NEST ROAD WAVERTON,WAVERTON,NSW,2060,21,2005,53.9
1 WERINGA AVENUE CAMMERAY,CAMMERAY,NSW,2062,21,2005,53.9
58 ROBERT STREET WILLOUGHBY EAST,WILLOUGHBY EAST,NSW,2068,21,2005,53.9
22A HILLSIDE CRESCENT EPPING,EPPING,NSW,2121,21,2005,53.9
1 FIRST AVENUE EPPING,EPPING,NSW,2121,21,2005,53.9
5 YORK STREET EPPING,EPPING,NSW,2121,21,2005,53.9
14 VINCENTIA STREET MARSFIELD,MARSFIELD,NSW,2122,21,2005,53.9
7 SANCTUARY CLOSE CHERRYBROOK,CHERRYBROOK,NSW,2126,21,2005,53.9
344-352 PENNANT HILLS ROAD PENNANT HILLS,PENNANT HILLS,NSW,2120,28,1998,53.9
30B CLISSOLD ROAD WAHROONGA,WAHROONGA,NSW,2076,28,1998,53.9
26 HINES PLACE MOUNT ANNAN,MOUNT ANNAN,NSW,2567,21,2005,53.8
106 WORONORA CRESCENT COMO,COMO,NSW,2226,21,2005,53.8
VIRGINIUS STREET PADSTOW,PADSTOW,NSW,2211,28,1998,53.8
25 FRANCES STREET RANDWICK,RANDWICK,NSW,2031,28,1998,53.8
68 NICHOLSON STREET STRATHFIELD,STRATHFIELD,NSW,2135,28,1998,53.8
1A ROE STREET NORTH BONDI,NORTH BONDI,NSW,2026,28,1998,53.8
28 ELAMANG AVENUE KIRRIBILLI,KIRRIBILLI,NSW,2061,21,2005,53.8
43 EDENLEE STREET EPPING,EPPING,NSW,2121,21,2005,53.8
12X DUIGNAN CLOSE EPPING,EPPING,NSW,2121,21,2005,53.8
6 WARD STREET EASTWOOD,EASTWOOD,NSW,2122,21,2005,53.8
2 SHELLBANK PARADE CREMORNE,CREMORNE,NSW,2090,21,2005,53.8
24 BULLECOURT AVENUE MOSMAN,MOSMAN,NSW,2088,21,2005,53.8
17/755-759 PACIFIC HIGHWAY CHATSWOOD,CHATSWOOD,NSW,2067,21,2005,53.8
15 CHARLES STREET CASTLECRAG,CASTLECRAG,NSW,2068,21,2005,53.8
36 MACPHERSON STREET CREMORNE,CREMORNE,NSW,2090,21,2005,53.8
18 CAIRO STREET CAMMERAY,CAMMERAY,NSW,2062,21,2005,53.8
22 IREDALE AVENUE CREMORNE POINT,CREMORNE POINT,NSW,2090,21,2005,53.8
52 LAUREL STREET WILLOUGHBY,WILLOUGHBY,NSW,2068,21,2005,53.8
12 RUTLAND AVENUE CASTLECRAG,CASTLECRAG,NSW,2068,21,2005,53.8
THE ESPLANADE FRESHWATER,FRESHWATER,NSW,2096,28,1998,53.8
146 RAY ROAD EPPING,EPPING,NSW,2121,21,2005,53.8
3 SMITH STREET EPPING,EPPING,NSW,2121,21,2005,53.8
12 MCMULLEN AVENUE CARLINGFORD,CARLINGFORD,NSW,2118,21,2005,53.8
35 WILLOUGHBY STREET EPPING,EPPING,NSW,2121,21,2005,53.8
50-56 OXFORD STREET EPPING,EPPING,NSW,2121,21,2005,53.8
12 FOREST GLEN CHERRYBROOK,CHERRYBROOK,NSW,2126,21,2005,53.8
161 CASTLE HILL ROAD CASTLE HILL,CASTLE HILL,NSW,2154,28,1998,53.8
96 BEE FARM ROAD SPRINGWOOD,SPRINGWOOD,NSW,2777,28,1998,53.8
CUDGEGONG ROAD ROUSE HILL,ROUSE HILL,NSW,2155,28,1998,53.8
9 KNIGHTSBRIDGE PLACE CASTLE HILL,CASTLE HILL,NSW,2154,21,2005,53.8
11 VINEYS ROAD DURAL,DURAL,NSW,2158,28,1998,53.8
22Z HERITAGE PARK DRIVE CASTLE HILL,CASTLE HILL,NSW,2154,28,1998,53.8
MONTADALE AVENUE ELIZABETH HILLS,ELIZABETH HILLS,NSW,2171,28,1998,53.7
35 GOVETT STREET RANDWICK,RANDWICK,NSW,2031,28,1998,53.7
11-37 HENRY STREET SYDENHAM,SYDENHAM,NSW,2044,28,1998,53.7
68 CORONATION PARADE ENFIELD,ENFIELD,NSW,2136,28,1998,53.7
PALMER AVENUE STRATHFIELD,STRATHFIELD,NSW,2135,28,1998,53.7
458 NEW SOUTH HEAD ROAD DOUBLE BAY,DOUBLE BAY,NSW,2028,28,1998,53.7
58 STREATFIELD ROAD BELLEVUE HILL,BELLEVUE HILL,NSW,2023,28,1998,53.7
54 ELLALONG ROAD CREMORNE,CREMORNE,NSW,2090,21,2005,53.7
4A RICHMOND AVENUE CREMORNE,CREMORNE,NSW,2090,21,2005,53.7
10 INKERMAN STREET MOSMAN,MOSMAN,NSW,2088,21,2005,53.7
1 KIPPARA ROAD DOVER HEIGHTS,DOVER HEIGHTS,NSW,2030,28,1998,53.7
32 DARLEY STREET NEUTRAL BAY,NEUTRAL BAY,NSW,2089,21,2005,53.7
26 DAWSON STREET EPPING,EPPING,NSW,2121,21,2005,53.7
17 LYNDEN AVENUE CARLINGFORD,CARLINGFORD,NSW,2118,21,2005,53.7
1 BRIGADOON COURT EPPING,EPPING,NSW,2121,21,2005,53.7
213 VIMIERA ROAD MARSFIELD,MARSFIELD,NSW,2122,21,2005,53.7
2-4 BURBANK PLACE NORWEST,NORWEST,NSW,2153,21,2005,53.7
3/10 GRASSLAND STREET ROUSE HILL,ROUSE HILL,NSW,2155,28,1998,53.7
14 MARANA ROAD EARLWOOD,EARLWOOD,NSW,2206,28,1998,53.6
FARNSWORTH AVENUE WARRAGAMBA,WARRAGAMBA,NSW,2752,28,1998,53.6
1/55-57 GIPPS STREET CONCORD,CONCORD,NSW,2137,21,2005,53.6
8 HUNTER STREET DOVER HEIGHTS,DOVER HEIGHTS,NSW,2030,21,2005,53.6
47 SHELLCOVE ROAD KURRABA POINT,KURRABA POINT,NSW,2089,21,2005,53.6
80 FARM ROAD MULGOA,MULGOA,NSW,2745,28,1998,53.6
6A ERSKINE PARK ROAD ERSKINE PARK,ERSKINE PARK,NSW,2759,28,1998,53.6
63 CHELMSFORD AVENUE EPPING,EPPING,NSW,2121,21,2005,53.6
28 PARRY STREET RYDE,RYDE,NSW,2112,21,2005,53.6
5 ALEXANDRIA AVENUE EASTWOOD,EASTWOOD,NSW,2122,21,2005,53.6
17 THE SCARP CASTLECRAG,CASTLECRAG,NSW,2068,21,2005,53.6
21 BENNETT STREET CREMORNE,CREMORNE,NSW,2090,21,2005,53.6
10 WONGA ROAD CREMORNE,CREMORNE,NSW,2090,21,2005,53.6
11A THE BOULEVARDE CAMMERAY,CAMMERAY,NSW,2062,21,2005,53.6
CAMBRIDGE STREET CAMMERAY,CAMMERAY,NSW,2062,21,2005,53.6
17 RICHMOND AVENUE CREMORNE,CREMORNE,NSW,2090,21,2005,53.6
107 BRIDGE ROAD RYDE,RYDE,NSW,2112,21,2005,53.6
27 FREDERICK STREET RYDE,RYDE,NSW,2112,21,2005,53.6
15 WANDOO AVENUE RYDE,RYDE,NSW,2112,21,2005,53.6
1 CAMPBELL PARADE MANLY VALE,MANLY VALE,NSW,2093,28,1998,53.6
4 SHIRLEY STREET EPPING,EPPING,NSW,2121,21,2005,53.6
5 CONSTANCE CLOSE EPPING,EPPING,NSW,2121,21,2005,53.6
14 GLOUCESTER ROAD EPPING,EPPING,NSW,2121,21,2005,53.6
14 BROOKPINE PLACE WEST PENNANT HILLS,WEST PENNANT HILLS,NSW,2125,21,2005,53.6
11 DENISON PLACE CROMER,CROMER,NSW,2099,21,2005,53.6
22 STANWAY AVENUE SPRINGWOOD,SPRINGWOOD,NSW,2777,28,1998,53.6
26 PACIFIC PARADE DEE WHY,DEE WHY,NSW,2099,21,2005,53.6
60A HANSENS ROAD MINTO HEIGHTS,MINTO HEIGHTS,NSW,2566,21,2005,53.5
9 WARATAH ROAD KENTLYN,KENTLYN,NSW,2560,21,2005,53.5
11 MERMAID AVENUE MAROUBRA,MAROUBRA,NSW,2035,21,2005,53.5
1-3 GAREMA CIRCUIT KINGSGROVE,KINGSGROVE,NSW,2208,28,1998,53.5
190 MAJORS BAY ROAD CONCORD,CONCORD,NSW,2137,21,2005,53.5
1 ABBOTSFORD COVE DRIVE ABBOTSFORD,ABBOTSFORD,NSW,2046,21,2005,53.5
42 DOVER ROAD ROSE BAY,ROSE BAY,NSW,2029,28,1998,53.5
6 ORMOND STREET PADDINGTON,PADDINGTON,NSW,2021,28,1998,53.5
2A BRADLEYS HEAD ROAD MOSMAN,MOSMAN,NSW,2088,21,2005,53.5
2 COLINDIA AVENUE NEUTRAL BAY,NEUTRAL BAY,NSW,2089,21,2005,53.5
25 RUTLEDGE STREET EASTWOOD,EASTWOOD,NSW,2122,21,2005,53.5
114 SPIT ROAD MOSMAN,MOSMAN,NSW,2088,21,2005,53.5
3 INKERMAN STREET MOSMAN,MOSMAN,NSW,2088,21,2005,53.5
162 HOPETOUN AVENUE VAUCLUSE,VAUCLUSE,NSW,2030,28,1998,53.5
MCHATTON STREET NORTH SYDNEY,NORTH SYDNEY,NSW,2060,21,2005,53.5
561 NORTH ROCKS ROAD CARLINGFORD,CARLINGFORD,NSW,2118,21,2005,53.5
PITTWATER ROAD DEE WHY,DEE WHY,NSW,2099,28,1998,53.5
HENRY STREET GORDON,GORDON,NSW,2072,28,1998,53.5
10 BARA WAY ROUSE HILL,ROUSE HILL,NSW,2155,28,1998,53.5
64 JUPITER ROAD KELLYVILLE,KELLYVILLE,NSW,2155,21,2005,53.5
31 PALMER STREET WINDSOR,WINDSOR,NSW,2756,28,1998,53.5
15 FRASER ROAD COWAN,COWAN,NSW,2081,21,2005,53.5
371-399 CAPTAIN COOK DRIVE KURNELL,KURNELL,NSW,2231,28,1998,53.4
10 WAGONGA CLOSE PRESTONS,PRESTONS,NSW,2170,28,1998,53.4
ELIZABETH DRIVE CECIL HILLS,CECIL HILLS,NSW,2171,28,1998,53.4
5/6A DEFRIES AVENUE ZETLAND,ZETLAND,NSW,2017,21,2005,53.4
10 RYE AVENUE BEXLEY,BEXLEY,NSW,2207,28,1998,53.4
2436 SILVERDALE ROAD SILVERDALE,SILVERDALE,NSW,2752,28,1998,53.4
3 BIRNAM GROVE STRATHFIELD,STRATHFIELD,NSW,2135,28,1998,53.4
223 HOMEBUSH ROAD STRATHFIELD,STRATHFIELD,NSW,2135,21,2005,53.4
7 ANGEL ROAD STRATHFIELD,STRATHFIELD,NSW,2135,28,1998,53.4
2-34 DAVIDSON STREET GREENACRE,GREENACRE,NSW,2190,28,1998,53.4
39 UNDERWOOD ROAD HOMEBUSH,HOMEBUSH,NSW,2140,21,2005,53.4
1 NOTTS AVENUE BONDI BEACH,BONDI BEACH,NSW,2026,21,2005,53.4
17 MORELLA ROAD MOSMAN,MOSMAN,NSW,2088,21,2005,53.4
16 RAILWAY AVENUE EASTWOOD,EASTWOOD,NSW,2122,21,2005,53.4
131 UPPER CLONTARF STREET SEAFORTH,SEAFORTH,NSW,2092,21,2005,53.4
27 HALE ROAD MOSMAN,MOSMAN,NSW,2088,21,2005,53.4
16 ORLANDO AVENUE MOSMAN,MOSMAN,NSW,2088,21,2005,53.4
13 SPIT ROAD MOSMAN,MOSMAN,NSW,2088,21,2005,53.4
16 TRYON AVENUE WOLLSTONECRAFT,WOLLSTONECRAFT,NSW,2065,21,2005,53.4
QUAKERS ROAD NIRIMBA FIELDS,NIRIMBA FIELDS,NSW,2763,28,1998,53.4
11 BESSEMER STREET BLACKTOWN,BLACKTOWN,NSW,2148,28,1998,53.4
3/45 BRIDGE STREET EPPING,EPPING,NSW,2121,21,2005,53.4
151 RAY ROAD EPPING,EPPING,NSW,2121,21,2005,53.4
719 BLAXLAND ROAD EPPING,EPPING,NSW,2121,21,2005,53.4
2/98 YARRARA ROAD PENNANT HILLS,PENNANT HILLS,NSW,2120,28,1998,53.4
34 WESSON ROAD WEST PENNANT HILLS,WEST PENNANT HILLS,NSW,2125,21,2005,53.4
281-325 CHAPMAN PARADE FAULCONBRIDGE,FAULCONBRIDGE,NSW,2776,28,1998,53.4
WALKER STREET QUAKERS HILL,QUAKERS HILL,NSW,2763,28,1998,53.4
247 TOORONGA ROAD TERREY HILLS,TERREY HILLS,NSW,2084,28,1998,53.4
THE GREENWAY DUFFYS FOREST,FOREST,NSW,,28,1998,53.4
1 OLIVE STREET MINTO HEIGHTS,MINTO HEIGHTS,NSW,2566,21,2005,53.3
56 ARTHUR STREET STRATHFIELD,STRATHFIELD,NSW,2135,21,2005,53.3
10C CHALLIS AVENUE POTTS POINT,POTTS POINT,NSW,2011,28,1998,53.3
869 NEW SOUTH HEAD ROAD ROSE BAY,ROSE BAY,NSW,2029,21,2005,53.3
49 RICKARD AVENUE BONDI BEACH,BONDI BEACH,NSW,2026,28,1998,53.3
38 PREMIER STREET NEUTRAL BAY,NEUTRAL BAY,NSW,2089,21,2005,53.3
5 ROHAN STREET NAREMBURN,NAREMBURN,NSW,2065,21,2005,53.3
11-17 SELWYN STREET WOLLSTONECRAFT,WOLLSTONECRAFT,NSW,2065,21,2005,53.3
43 HAYBERRY STREET CROWS NEST,CROWS NEST,NSW,2065,21,2005,53.3
75 CHARLES STREET PUTNEY,PUTNEY,NSW,2112,21,2005,53.3
35 BRERETON STREET GLADESVILLE,GLADESVILLE,NSW,2111,21,2005,53.3
48X-50X ORCHARD ROAD BEECROFT,BEECROFT,NSW,2119,21,2005,53.3
22 WYRALLA AVENUE EPPING,EPPING,NSW,2121,21,2005,53.3
100 CRIMEA ROAD MARSFIELD,MARSFIELD,NSW,2122,21,2005,53.3
20 JARRAH PLACE CASTLE HILL,CASTLE HILL,NSW,2154,21,2005,53.3
11-13 BROOKHOLLOW AVENUE NORWEST,NORWEST,NSW,2153,28,1998,53.3
63-111 GROSE ROAD FAULCONBRIDGE,FAULCONBRIDGE,NSW,2776,28,1998,53.3
20-28 PARK STREET GLENBROOK,GLENBROOK,NSW,2773,28,1998,53.3
96 ELMSTREE ROAD STANHOPE GARDENS,,NSW,,28,1998,53.3
43 HANSENS ROAD MINTO HEIGHTS,MINTO HEIGHTS,NSW,2566,21,2005,53.2
86-88 BATH ROAD KIRRAWEE,KIRRAWEE,NSW,2232,28,1998,53.2
FIELDS ROAD MACQUARIE FIELDS,MACQUARIE FIELDS,NSW,2564,21,2005,53.2
132-134 EPSOM ROAD ZETLAND,ZETLAND,NSW,2017,28,1998,53.2
QUEENS ROAD FIVE DOCK,FIVE DOCK,NSW,2046,21,2005,53.2
32-40 LAVENDER STREET LAVENDER BAY,LAVENDER BAY,NSW,2060,21,2005,53.2
80A DUNLOP STREET EPPING,EPPING,NSW,2121,21,2005,53.2
35A LAKESIDE ROAD EASTWOOD,EASTWOOD,NSW,2122,21,2005,53.2
608A BLAXLAND ROAD EASTWOOD,EASTWOOD,NSW,2122,21,2005,53.2
164 RAGLAN STREET MOSMAN,MOSMAN,NSW,2088,28,1998,53.2
45 ELLALONG ROAD CREMORNE,CREMORNE,NSW,2090,21,2005,53.2
38 BAY STREET MOSMAN,MOSMAN,NSW,2088,21,2005,53.2
1 CONGEWOI ROAD MOSMAN,MOSMAN,NSW,2088,21,2005,53.2
9 MCKYE STREET WAVERTON,WAVERTON,NSW,2060,21,2005,53.2
6 SEARLE STREET RYDE,RYDE,NSW,2112,21,2005,53.2
HIGH STREET EPPING,EPPING,NSW,2121,21,2005,53.2
2 WYRALLA AVENUE EPPING,EPPING,NSW,2121,21,2005,53.2
25 HILLS AVENUE EPPING,EPPING,NSW,2121,21,2005,53.2
36 MOSELEY STREET CARLINGFORD,CARLINGFORD,NSW,2118,21,2005,53.2
48 EASTCOTE ROAD NORTH EPPING,NORTH EPPING,NSW,2121,21,2005,53.2
22 BURFORD STREET BOX HILL,BOX HILL,NSW,2765,28,1998,53.2
17 KILBENNY STREET KELLYVILLE RIDGE,KELLYVILLE RIDGE,NSW,2155,21,2005,53.2
24 GREEN HILLS DRIVE ROUSE HILL,ROUSE HILL,NSW,2155,28,1998,53.2
1 ODETTE ROAD DURAL,DURAL,NSW,2158,21,2005,53.2
34 WALLIS AVENUE STRATHFIELD,STRATHFIELD,NSW,2135,21,2005,53.1
41 PIGOTT STREET DULWICH HILL,DULWICH HILL,NSW,2203,28,1998,53.1
OLD CANTERBURY ROAD DULWICH HILL,DULWICH HILL,NSW,2203,28,1998,53.1
83 CHALEYER STREET ROSE BAY,ROSE BAY,NSW,2029,28,1998,53.1
7 GLEBE STREET EDGECLIFF,EDGECLIFF,NSW,2027,28,1998,53.1
168-174 OXFORD STREET PADDINGTON,PADDINGTON,NSW,2021,28,1998,53.1
38 HARLEY CRESCENT EASTWOOD,EASTWOOD,NSW,2122,21,2005,53.1
11/46 MORTON STREET WOLLSTONECRAFT,WOLLSTONECRAFT,NSW,2065,21,2005,53.1
148-152 HIGH STREET NORTH WILLOUGHBY,NORTH WILLOUGHBY,NSW,2068,21,2005,53.1
14 SQUIRE STREET RYDE,RYDE,NSW,2112,21,2005,53.1
3 PATYA CLOSE EPPING,EPPING,NSW,2121,21,2005,53.1
13 CHELMSFORD AVENUE EPPING,EPPING,NSW,2121,21,2005,53.1
36 GRAYSON ROAD NORTH EPPING,NORTH EPPING,NSW,2121,21,2005,53.1
10 ISABEL CLOSE CHERRYBROOK,CHERRYBROOK,NSW,2126,21,2005,53.1
199 GEORGES RIVER ROAD KENTLYN,KENTLYN,NSW,2560,21,2005,53.0
8 SLIGO PLACE PRESTONS,PRESTONS,NSW,2170,21,2005,53.0
22 CARRINGTON STREET NORTH STRATHFIELD,NORTH STRATHFIELD,NSW,2137,21,2005,53.0
96 SURREY STREET DARLINGHURST,DARLINGHURST,NSW,2010,28,1998,53.0
9 FOURTH AVENUE DENISTONE,DENISTONE,NSW,2114,21,2005,53.0
36 TERRY ROAD EASTWOOD,EASTWOOD,NSW,2122,21,2005,53.0
2/37 RANGERS AVENUE MOSMAN,MOSMAN,NSW,2088,21,2005,53.0
24 CAMMERAY ROAD CAMMERAY,CAMMERAY,NSW,2062,21,2005,53.0
2A HALE ROAD MOSMAN,MOSMAN,NSW,2088,21,2005,53.0
12 FREDERICK STREET RYDE,RYDE,NSW,2112,21,2005,53.0
12 ABIGAIL STREET HUNTERS HILL,HUNTERS HILL,NSW,2110,21,2005,53.0
2R DONALD AVENUE EPPING,EPPING,NSW,2121,21,2005,53.0
141 RAY ROAD EPPING,EPPING,NSW,2121,21,2005,53.0
126 BALACLAVA ROAD MARSFIELD,MARSFIELD,NSW,2122,21,2005,53.0
22 GRAYSON ROAD NORTH EPPING,NORTH EPPING,NSW,2121,21,2005,53.0
67 LOFTUS ROAD PENNANT HILLS,PENNANT HILLS,NSW,2120,28,1998,53.0
5 HUME AVENUE ST IVES,ST IVES,NSW,2075,21,2005,53.0
182-190 LINDEN CRESCENT CRANEBROOK,CRANEBROOK,NSW,2749,28,1998,53.0
LANE COVE ROAD MACQUARIE PARK,MACQUARIE PARK,NSW,2113,21,2005,53.0
17 ROCK WALLABY WAY BLAXLAND,BLAXLAND,NSW,2774,21,2005,53.0
37 TALLOWOOD GROVE BEAUMONT HILLS,BEAUMONT HILLS,NSW,2155,28,1998,53.0
38 WILKINS AVENUE BEAUMONT HILLS,BEAUMONT HILLS,NSW,2155,28,1998,53.0
51 SAMUEL TERRY AVENUE KENSINGTON,KENSINGTON,NSW,2033,28,1998,52.9
23 GEORGE STREET NORTH STRATHFIELD,NORTH STRATHFIELD,NSW,2137,21,2005,52.9
2D GREENOAKS AVENUE DARLING POINT,DARLING POINT,NSW,2027,21,2005,52.9
12/43-81 POINT STREET PYRMONT,PYRMONT,NSW,2009,21,2005,52.9
8 PARRIWI ROAD MOSMAN,MOSMAN,NSW,2088,21,2005,52.9
38 CARTER STREET CAMMERAY,CAMMERAY,NSW,2062,21,2005,52.9
39 BRIGHTMORE STREET CREMORNE,CREMORNE,NSW,2090,21,2005,52.9
121 EDINBURGH ROAD CASTLECRAG,CASTLECRAG,NSW,2068,21,2005,52.9
65 WOODCROFT DRIVE WOODCROFT,WOODCROFT,NSW,2767,28,1998,52.9
TOWER STREET MANLY,MANLY,NSW,2095,28,1998,52.9
29 DUNLOP STREET EPPING,EPPING,NSW,2121,21,2005,52.9
31 CHESTERFIELD ROAD EPPING,EPPING,NSW,2121,21,2005,52.9
15 FERNHILL AVENUE EPPING,EPPING,NSW,2121,21,2005,52.9
32 BORONIA AVENUE EPPING,EPPING,NSW,2121,21,2005,52.9
10 GUNYAH PLACE MARSFIELD,MARSFIELD,NSW,2122,21,2005,52.9
30 DORSET STREET EPPING,EPPING,NSW,2121,21,2005,52.9
3 MONASTERY PLACE CHERRYBROOK,CHERRYBROOK,NSW,2126,21,2005,52.9
27 MARIAM PLACE CHERRYBROOK,CHERRYBROOK,NSW,2126,28,1998,52.9
3 CAYDEN AVENUE KELLYVILLE,KELLYVILLE,NSW,2155,21,2005,52.9
59A SINGLETON AVENUE KELLYVILLE RIDGE,KELLYVILLE RIDGE,NSW,2155,21,2005,52.9
216 COOYONG ROAD TERREY HILLS,TERREY HILLS,NSW,2084,28,1998,52.9
5 DUDLEY STREET ASQUITH,ASQUITH,NSW,2077,21,2005,52.9
412X GALSTON ROAD GALSTON,GALSTON,NSW,2159,28,1998,52.9
51 JUNCTION ROAD LEUMEAH,LEUMEAH,NSW,2560,21,2005,52.8
32 HANSENS ROAD MINTO HEIGHTS,MINTO HEIGHTS,NSW,2566,21,2005,52.8
16 BETHANY COVE GLEDSWOOD HILLS,HILLS,NSW,,21,2005,52.8
10 ASTURIAS AVENUE SOUTH COOGEE,SOUTH COOGEE,NSW,2034,28,1998,52.8
BRONTE ROAD BRONTE,BRONTE,NSW,2024,28,1998,52.8
417-439 BUNNERONG ROAD MAROUBRA,MAROUBRA,NSW,2035,28,1998,52.8
1/122 ALLEN STREET LEICHHARDT,LEICHHARDT,NSW,2040,28,1998,52.8
43 CAMMERAY ROAD CAMMERAY,CAMMERAY,NSW,2062,21,2005,52.8
42 WENTWORTH STREET DOVER HEIGHTS,DOVER HEIGHTS,NSW,2030,28,1998,52.8
121X ESSEX STREET EPPING,EPPING,NSW,2121,21,2005,52.8
1/1 LANGSTON PLACE EPPING,EPPING,NSW,2121,21,2005,52.8
42 FERNHILL AVENUE EPPING,EPPING,NSW,2121,21,2005,52.8
15A RYDE STREET EPPING,EPPING,NSW,2121,21,2005,52.8
92 PENNANT PARADE EPPING,EPPING,NSW,2121,21,2005,52.8
1 VIMIERA ROAD MACQUARIE PARK,MACQUARIE PARK,NSW,2113,21,2005,52.8
8 BASCULE STREET ROUSE HILL,ROUSE HILL,NSW,2155,28,1998,52.8
22 LOWAN PLACE KELLYVILLE,KELLYVILLE,NSW,2155,28,1998,52.8
20 LIGHTWOOD WAY BEAUMONT HILLS,BEAUMONT HILLS,NSW,2155,21,2005,52.8
15 CRUSADE PLACE WOOLOOWARE,WOOLOOWARE,NSW,2230,21,2005,52.7
14 STANSMORE AVENUE PRESTONS,PRESTONS,NSW,2170,21,2005,52.7
MIDDLETON DRIVE MIDDLETON GRANGE,MIDDLETON GRANGE,NSW,2171,28,1998,52.7
26 ALBION STREET WAVERLEY,WAVERLEY,NSW,2024,28,1998,52.7
22 ALEXANDRIA PARADE SOUTH COOGEE,SOUTH COOGEE,NSW,2034,28,1998,52.7
CABARITA ROAD CABARITA,CABARITA,NSW,2137,21,2005,52.7
267 MILITARY ROAD DOVER HEIGHTS,DOVER HEIGHTS,NSW,2030,28,1998,52.7
20 GOULD STREET NORTH BONDI,NORTH BONDI,NSW,2026,28,1998,52.7
107 HARGRAVE STREET PADDINGTON,PADDINGTON,NSW,2021,28,1998,52.7
6 ALTON STREET WOOLLAHRA,WOOLLAHRA,NSW,2025,28,1998,52.7
15 CRESSWICK WALK MOOREBANK,MOOREBANK,NSW,2170,28,1998,52.7
14 JACKSON CRESCENT DENISTONE EAST,DENISTONE EAST,NSW,2112,21,2005,52.7
19 MARANA ROAD NORTHBRIDGE,NORTHBRIDGE,NSW,2063,21,2005,52.7
46 COWDROY AVENUE CAMMERAY,CAMMERAY,NSW,2062,21,2005,52.7
87 KAMERUKA ROAD NORTHBRIDGE,NORTHBRIDGE,NSW,2063,21,2005,52.7
98 AWABA STREET MOSMAN,MOSMAN,NSW,2088,21,2005,52.7
74 CAIRO STREET CAMMERAY,CAMMERAY,NSW,2062,21,2005,52.7
54 MILNER CRESCENT WOLLSTONECRAFT,WOLLSTONECRAFT,NSW,2065,21,2005,52.7
12 SECOND AVENUE WILLOUGHBY EAST,WILLOUGHBY EAST,NSW,2068,21,2005,52.7
522 MILLER STREET CAMMERAY,CAMMERAY,NSW,2062,21,2005,52.7
BURFITT PARADE GLENBROOK,GLENBROOK,NSW,2773,28,1998,52.7
16 WINGROVE AVENUE EPPING,EPPING,NSW,2121,21,2005,52.7
12 MAGNOLIA AVENUE EPPING,EPPING,NSW,2121,21,2005,52.7
168 BEECROFT ROAD CHELTENHAM,CHELTENHAM,NSW,2119,21,2005,52.7
17B NEW FARM ROAD WEST PENNANT HILLS,WEST PENNANT HILLS,NSW,2125,21,2005,52.7
10-10A ALBION STREET PENNANT HILLS,PENNANT HILLS,NSW,2120,21,2005,52.7
130 BEECROFT ROAD BEECROFT,BEECROFT,NSW,2119,28,1998,52.7
311 EIGHTH AVENUE LLANDILO,LLANDILO,NSW,2747,28,1998,52.7
1 LARAPINTA PLACE GLENHAVEN,GLENHAVEN,NSW,2156,28,1998,52.7
WITHERS ROAD ROUSE HILL,ROUSE HILL,NSW,2155,28,1998,52.7
312 WEEMALA ROAD TERREY HILLS,TERREY HILLS,NSW,2084,28,1998,52.7
93 ALEXANDRIA PARADE WAHROONGA,WAHROONGA,NSW,2076,21,2005,52.7
237 EAGLEVIEW ROAD MINTO,MINTO,NSW,2566,21,2005,52.6
5 PETER MEADOWS ROAD KENTLYN,KENTLYN,NSW,2560,21,2005,52.6
48 ISMAY AVENUE HOMEBUSH,HOMEBUSH,NSW,2140,21,2005,52.6
1 HOLLOWFORTH AVENUE KURRABA POINT,KURRABA POINT,NSW,2089,21,2005,52.6
20 EPPING AVENUE EASTWOOD,EASTWOOD,NSW,2122,21,2005,52.6
72 GLOVER STREET MOSMAN,MOSMAN,NSW,2088,21,2005,52.6
10 WEETALIBAH ROAD NORTHBRIDGE,NORTHBRIDGE,NSW,2063,21,2005,52.6
7A KIRKOSWALD AVENUE MOSMAN,MOSMAN,NSW,2088,21,2005,52.6
19 DOUGLAS PARADE DOVER HEIGHTS,DOVER HEIGHTS,NSW,2030,21,2005,52.6
35 NORTHCOTE STREET NAREMBURN,NAREMBURN,NSW,2065,21,2005,52.6
7 CARLYLE STREET WOLLSTONECRAFT,WOLLSTONECRAFT,NSW,2065,21,2005,52.6
4 PORTVIEW ROAD GREENWICH,GREENWICH,NSW,2065,21,2005,52.6
4 BARTIL CLOSE EPPING,EPPING,NSW,2121,21,2005,52.6
66 NORFOLK ROAD NORTH EPPING,NORTH EPPING,NSW,2121,21,2005,52.6
3 BEDFORD ROAD NORTH EPPING,NORTH EPPING,NSW,2121,21,2005,52.6
110 REDDEN DRIVE KELLYVILLE,KELLYVILLE,NSW,2155,28,1998,52.6
26 PARK STREET CLOVELLY,CLOVELLY,NSW,2031,28,1998,52.5
2B HUGHES STREET EARLWOOD,EARLWOOD,NSW,2206,28,1998,52.5
31 SHELLCOVE ROAD KURRABA POINT,KURRABA POINT,NSW,2089,21,2005,52.5
GEORGE STREET SYDNEY,SYDNEY,NSW,2000,28,1998,52.5
71 BRADLEY STREET GLENMORE PARK,GLENMORE PARK,NSW,2745,21,2005,52.5
59 AVONDALE WAY EASTWOOD,EASTWOOD,NSW,2122,21,2005,52.5
112 ARTHUR STREET PARRAMATTA,PARRAMATTA,NSW,2150,21,2005,52.5
50 BROOK STREET NAREMBURN,NAREMBURN,NSW,2065,21,2005,52.5
2/133 HIGH STREET WILLOUGHBY EAST,WILLOUGHBY EAST,NSW,2068,21,2005,52.5
24 SHIRLEY ROAD WOLLSTONECRAFT,WOLLSTONECRAFT,NSW,2065,21,2005,52.5
8-12 PARRY STREET RYDE,RYDE,NSW,2112,21,2005,52.5
8 DUNLOP STREET EPPING,EPPING,NSW,2121,21,2005,52.5
48 PENNANT PARADE EPPING,EPPING,NSW,2121,21,2005,52.5
27-33 RYDE STREET EPPING,EPPING,NSW,2121,21,2005,52.5
12/37-39 KERRS ROAD CASTLE HILL,CASTLE HILL,NSW,2154,21,2005,52.5
MARTIN LUTHER PLACE ALLAMBIE HEIGHTS,ALLAMBIE HEIGHTS,NSW,2100,28,1998,52.5
37 BATMAN CRESCENT SPRINGWOOD,SPRINGWOOD,NSW,2777,28,1998,52.5
16 VINEYS LANE DURAL,DURAL,NSW,2158,28,1998,52.5
23 VINEYS LANE DURAL,DURAL,NSW,2158,28,1998,52.5
4 FERN CREEK ROAD WARRIEWOOD,WARRIEWOOD,NSW,2102,28,1998,52.5
8 CAULFIELD CLOSE CURRANS HILL,CURRANS HILL,NSW,2567,21,2005,52.4
1030 SILVERDALE ROAD WEROMBI,WEROMBI,NSW,2570,21,2005,52.4
LANCIA DRIVE INGLEBURN,INGLEBURN,NSW,2565,28,1998,52.4
63 UNDERWOOD ROAD HOMEBUSH,HOMEBUSH,NSW,2140,21,2005,52.4
9 PATTERSON STREET CONCORD,CONCORD,NSW,2137,21,2005,52.4
9A HAWKSTONE CLOSE MULGOA,MULGOA,NSW,2745,28,1998,52.4
17 CORUNNA ROAD EASTWOOD,EASTWOOD,NSW,2122,21,2005,52.4
32 FREEMAN PLACE CARLINGFORD,CARLINGFORD,NSW,2118,21,2005,52.4
65 AVONDALE WAY EASTWOOD,EASTWOOD,NSW,2122,21,2005,52.4
2 DARCY ROAD WESTMEAD,WESTMEAD,NSW,2145,21,2005,52.4
30 GRASMERE ROAD CREMORNE,CREMORNE,NSW,2090,21,2005,52.4
1 STANLEY AVENUE MOSMAN,MOSMAN,NSW,2088,21,2005,52.4
18 PARRIWI ROAD MOSMAN,MOSMAN,NSW,2088,21,2005,52.4
14 PINE STREET CAMMERAY,CAMMERAY,NSW,2062,21,2005,52.4
15 CENTRAL STREET NAREMBURN,NAREMBURN,NSW,2065,21,2005,52.4
70 PRINCES STREET RYDE,RYDE,NSW,2112,21,2005,52.4
70 WYRALLA AVENUE EPPING,EPPING,NSW,2121,21,2005,52.4
34-44 GLOUCESTER ROAD EPPING,EPPING,NSW,2121,21,2005,52.4
9 TREHARNE CLOSE MARSFIELD,MARSFIELD,NSW,2122,21,2005,52.4
46 STATION STREET THORNLEIGH,THORNLEIGH,NSW,2120,28,1998,52.4
45 PARK ROAD SPRINGWOOD,SPRINGWOOD,NSW,2777,28,1998,52.4
829 THE NORTHERN ROAD CRANEBROOK,CRANEBROOK,NSW,2749,28,1998,52.4
15 MORGAN PLACE BEAUMONT HILLS,BEAUMONT HILLS,NSW,2155,28,1998,52.4
CECIL ROAD HORNSBY,HORNSBY,NSW,2077,28,1998,52.4
36 CABBAGE TREE ROAD BAYVIEW,BAYVIEW,NSW,2104,28,1998,52.4
8 COLEMAN AVENUE HOMEBUSH,HOMEBUSH,NSW,2140,21,2005,52.3
38 NICHOLSON STREET BALMAIN EAST,BALMAIN EAST,NSW,2041,21,2005,52.3
37 ELLALONG ROAD CREMORNE,CREMORNE,NSW,2090,21,2005,52.3
9A CRESCENT STREET HUNTERS HILL,HUNTERS HILL,NSW,2110,21,2005,52.3
268-270 PACIFIC HIGHWAY GREENWICH,GREENWICH,NSW,2065,21,2005,52.3
80 RIVER ROAD GREENWICH,GREENWICH,NSW,2065,21,2005,52.3
14 WARRINGA ROAD CAMMERAY,CAMMERAY,NSW,2062,21,2005,52.3
69 PINE STREET EAST CAMMERAY,EAST CAMMERAY,NSW,,21,2005,52.3
55 CHARLES STREET RYDE,RYDE,NSW,2112,21,2005,52.3
27 DUNLOP STREET EPPING,EPPING,NSW,2121,21,2005,52.3
35/24-32 EDENSOR STREET EPPING,EPPING,NSW,2121,21,2005,52.3
73 MIDSON ROAD EPPING,EPPING,NSW,2121,21,2005,52.3
WEEMALA ROAD DUFFYS FOREST,DUFFYS FOREST,NSW,2084,21,2005,52.3
9 HARRISONS LANE GLENORIE,GLENORIE,NSW,2157,21,2005,52.3
195 BRAIDWOOD DRIVE PRESTONS,PRESTONS,NSW,2170,21,2005,52.2
61 HAMPTON STREET CROYDON PARK,CROYDON PARK,NSW,2133,21,2005,52.2
6 HIGHCLERE AVENUE BURWOOD,BURWOOD,NSW,2134,21,2005,52.2
32 WOODWARD AVENUE STRATHFIELD,STRATHFIELD,NSW,2135,21,2005,52.2
18 COURTENAY ROAD ROSE BAY,ROSE BAY,NSW,2029,21,2005,52.2
1 DARLING DRIVE SYDNEY,SYDNEY,NSW,2000,28,1998,52.2
2-6 EWENTON STREET BALMAIN,BALMAIN,NSW,2041,21,2005,52.2
47 ANZAC AVENUE WEST RYDE,WEST RYDE,NSW,2114,21,2005,52.2
32 SHEPHERD STREET RYDE,RYDE,NSW,2112,21,2005,52.2
7 CENTRAL AVENUE EASTWOOD,EASTWOOD,NSW,2122,21,2005,52.2
18-22 WALKER STREET RHODES,RHODES,NSW,2138,21,2005,52.2
2/54 TOBRUK AVENUE CREMORNE,CREMORNE,NSW,2090,21,2005,52.2
45 MUSGRAVE STREET MOSMAN,MOSMAN,NSW,2088,21,2005,52.2
14 HALE ROAD MOSMAN,MOSMAN,NSW,2088,21,2005,52.2
2 ANZAC AVENUE CAMMERAY,CAMMERAY,NSW,2062,21,2005,52.2
13 ROWLISON PARADE CAMMERAY,CAMMERAY,NSW,2062,21,2005,52.2
25 SHEPHERD STREET RYDE,RYDE,NSW,2112,21,2005,52.2
60 DUNLOP STREET EPPING,EPPING,NSW,2121,21,2005,52.2
48 SURREY STREET EPPING,EPPING,NSW,2121,21,2005,52.2
30A YORK STREET EPPING,EPPING,NSW,2121,21,2005,52.2
7 WORCESTER ROAD ROUSE HILL,ROUSE HILL,NSW,2155,28,1998,52.2
SANCTUARY DRIVE BEAUMONT HILLS,BEAUMONT HILLS,NSW,2155,28,1998,52.2
4 MILLER WAY KELLYVILLE RIDGE,KELLYVILLE RIDGE,NSW,2155,21,2005,52.2
94 JENNER ROAD DURAL,DURAL,NSW,2158,21,2005,52.2
84 SHELLEYS LANE THIRLMERE,THIRLMERE,NSW,2572,21,2005,52.1
178 GEORGES RIVER ROAD KENTLYN,KENTLYN,NSW,2560,21,2005,52.1
159B HOMEBUSH ROAD STRATHFIELD,STRATHFIELD,NSW,2135,21,2005,52.1
35 UNDERWOOD ROAD HOMEBUSH,HOMEBUSH,NSW,2140,21,2005,52.1
BENNELONG PARKWAY SYDNEY OLYMPIC PARK,SYDNEY OLYMPIC PARK,NSW,2127,21,2005,52.1
31 DUXFORD STREET PADDINGTON,PADDINGTON,NSW,2021,28,1998,52.1
8-10 NEW MCLEAN STREET EDGECLIFF,EDGECLIFF,NSW,2027,28,1998,52.1
31 EPPING AVENUE EASTWOOD,EASTWOOD,NSW,2122,21,2005,52.1
22 GORDON STREET MOSMAN,MOSMAN,NSW,2088,28,1998,52.1
2 LORD STREET ROSEVILLE,ROSEVILLE,NSW,2069,21,2005,52.1
46 RONALD AVENUE GREENWICH,GREENWICH,NSW,2065,21,2005,52.1
11 HELEN STREET EPPING,EPPING,NSW,2121,21,2005,52.1
80 OXFORD STREET EPPING,EPPING,NSW,2121,21,2005,52.1
125 JARDINE DRIVE EDMONDSON PARK,EDMONDSON PARK,NSW,2174,28,1998,52.0
52 MILSON ROAD CREMORNE POINT,CREMORNE POINT,NSW,2090,21,2005,52.0
36 KAREELA ROAD CREMORNE POINT,CREMORNE POINT,NSW,2090,21,2005,52.0
3 FERDINAND STREET BIRCHGROVE,BIRCHGROVE,NSW,2041,21,2005,52.0
56-58 WALKER STREET RHODES,RHODES,NSW,2138,21,2005,52.0
32 HARRIETTE STREET NEUTRAL BAY,NEUTRAL BAY,NSW,2089,21,2005,52.0
34 HOLDSWORTH STREET NEUTRAL BAY,NEUTRAL BAY,NSW,2089,21,2005,52.0
373 ALFRED STREET NORTH NEUTRAL BAY,NORTH NEUTRAL BAY,NSW,,21,2005,52.0
5 FRANCIS STREET NAREMBURN,NAREMBURN,NSW,2065,21,2005,52.0
7 KENT STREET EPPING,EPPING,NSW,2121,21,2005,52.0
4 OLD BEECROFT ROAD CHELTENHAM,CHELTENHAM,NSW,2119,21,2005,52.0
2B WARD STREET EPPING,EPPING,NSW,2121,21,2005,52.0
12 BRUNTON PLACE MARSFIELD,MARSFIELD,NSW,2122,21,2005,52.0
50-54 CAMBRIDGE STREET EPPING,EPPING,NSW,2121,21,2005,52.0
29B SURREY STREET EPPING,EPPING,NSW,2121,21,2005,52.0
117K YARRARA ROAD PENNANT HILLS,PENNANT HILLS,NSW,2120,28,1998,52.0
2 FIREWHEEL PLACE NORWEST,NORWEST,NSW,2153,21,2005,52.0
117 PURCHASE ROAD CHERRYBROOK,CHERRYBROOK,NSW,2126,21,2005,52.0
HANSENS ROAD MINTO HEIGHTS,MINTO HEIGHTS,NSW,2566,21,2005,51.9
40 ROCHESTER STREET STRATHFIELD,STRATHFIELD,NSW,2135,21,2005,51.9
43 NEVILLE STREET MARRICKVILLE,MARRICKVILLE,NSW,2204,28,1998,51.9
3 GALE STREET RYDE,RYDE,NSW,2112,21,2005,51.9
2A JULIAN STREET MOSMAN,MOSMAN,NSW,2088,21,2005,51.9
121 BELMONT ROAD MOSMAN,MOSMAN,NSW,2088,21,2005,51.9
1 OURIMBAH ROAD MOSMAN,MOSMAN,NSW,2088,21,2005,51.9
131 AWABA STREET MOSMAN,MOSMAN,NSW,2088,21,2005,51.9
28 MIDDLE HEAD ROAD MOSMAN,MOSMAN,NSW,2088,28,1998,51.9
26A KENT STREET EPPING,EPPING,NSW,2121,21,2005,51.9
TULLANE PLACE KELLYVILLE RIDGE,KELLYVILLE RIDGE,NSW,2155,28,1998,51.9
32B BEGA STREET GREGORY HILLS,GREGORY HILLS,NSW,2557,21,2005,51.8
105 CROSS STREET KEMPS CREEK,KEMPS CREEK,NSW,2178,28,1998,51.8
39 BRAYS ROAD CONCORD,CONCORD,NSW,2137,21,2005,51.8
2 WINDWARD PARADE CHISWICK,CHISWICK,NSW,2046,21,2005,51.8
41 FAIRFAX ROAD BELLEVUE HILL,BELLEVUE HILL,NSW,2023,21,2005,51.8
290 SOUTH DOWLING STREET PADDINGTON,PADDINGTON,NSW,2021,28,1998,51.8
20 RICHARD JOHNSON CRESCENT RYDE,RYDE,NSW,2112,21,2005,51.8
35A ELLALONG ROAD CREMORNE,CREMORNE,NSW,2090,21,2005,51.8
48 TOBRUK AVENUE CREMORNE,CREMORNE,NSW,2090,21,2005,51.8
7-9 ABBOTT STREET CAMMERAY,CAMMERAY,NSW,2062,21,2005,51.8
8 INKERMAN STREET MOSMAN,MOSMAN,NSW,2088,21,2005,51.8
5-7 KYNGDON STREET CAMMERAY,CAMMERAY,NSW,2062,21,2005,51.8
56 ROBERT STREET WILLOUGHBY EAST,WILLOUGHBY EAST,NSW,2068,21,2005,51.8
21 ROWLISON PARADE CAMMERAY,CAMMERAY,NSW,2062,21,2005,51.8
3/53 BRIDGE STREET EPPING,EPPING,NSW,2121,21,2005,51.8
53 SURREY STREET EPPING,EPPING,NSW,2121,21,2005,51.8
BEECHWORTH ROAD PYMBLE,PYMBLE,NSW,2073,28,1998,51.8
28 BROADLEAF CRESCENT BEAUMONT HILLS,BEAUMONT HILLS,NSW,2155,21,2005,51.8
11 BERRIMILLA WAY BEAUMONT HILLS,BEAUMONT HILLS,NSW,2155,21,2005,51.8
MALLAWA ROAD DUFFYS FOREST,DUFFYS FOREST,NSW,2084,28,1998,51.8
10 WEEROONA ROAD STRATHFIELD,STRATHFIELD,NSW,2135,28,1998,51.7
42 THE AVENUE ROSE BAY,ROSE BAY,NSW,2029,28,1998,51.7
GAS WORKS ROAD WOLLSTONECRAFT,WOLLSTONECRAFT,NSW,2065,21,2005,51.7
26 THORN STREET RYDE,RYDE,NSW,2112,21,2005,51.7
13 CONSTITUTION ROAD RYDE,RYDE,NSW,2112,21,2005,51.7
18 MASONS DRIVE NORTH PARRAMATTA,NORTH PARRAMATTA,NSW,2151,21,2005,51.7
40 SEAFORTH CRESCENT SEAFORTH,SEAFORTH,NSW,2092,21,2005,51.7
4 INKERMAN STREET MOSMAN,MOSMAN,NSW,2088,21,2005,51.7
 NAREMBURN,,NSW,,21,2005,51.7
3A OLGA STREET CHATSWOOD,CHATSWOOD,NSW,2067,21,2005,51.7
1A ADA STREET CREMORNE,CREMORNE,NSW,2090,21,2005,51.7
15 WARD STREET EPPING,EPPING,NSW,2121,21,2005,51.7
15 DAMON AVENUE EPPING,EPPING,NSW,2121,21,2005,51.7
7 THE BOULEVARDE EPPING,EPPING,NSW,2121,21,2005,51.7
41 NEWTON STREET NORTH EPPING,NORTH EPPING,NSW,2121,21,2005,51.7
7 CLIFTON PLACE CHERRYBROOK,CHERRYBROOK,NSW,2126,21,2005,51.7
1071 CANTERBURY ROAD WILEY PARK,WILEY PARK,NSW,2195,28,1998,51.6
55 BEN BOYD ROAD NEUTRAL BAY,NEUTRAL BAY,NSW,2089,21,2005,51.6
THE OUTPOST NORTHBRIDGE,NORTHBRIDGE,NSW,2063,21,2005,51.6
58 BELMONT ROAD MOSMAN,MOSMAN,NSW,2088,28,1998,51.6
1 HARBOUR STREET MOSMAN,MOSMAN,NSW,2088,21,2005,51.6
37 HOLDSWORTH STREET NEUTRAL BAY,NEUTRAL BAY,NSW,2089,21,2005,51.6
3 JULIUS AVENUE NORTH RYDE,NORTH RYDE,NSW,2113,21,2005,51.6
1 KENT STREET EPPING,EPPING,NSW,2121,21,2005,51.6
25 MCHENRY ROAD CRANEBROOK,CRANEBROOK,NSW,2749,28,1998,51.6
5 AGNES WAY JORDAN SPRINGS,JORDAN SPRINGS,NSW,2747,28,1998,51.6
44 MCMILLIAN CIRCUIT NORTH KELLYVILLE,NORTH KELLYVILLE,NSW,2155,21,2005,51.6
980 WINDSOR ROAD ROUSE HILL,ROUSE HILL,NSW,2155,28,1998,51.6
201 THE PONDS BOULEVARD THE PONDS,THE PONDS,NSW,2769,28,1998,51.6
7-9 VINEYS ROAD DURAL,DURAL,NSW,2158,28,1998,51.6
104 COONANBARRA ROAD WAHROONGA,WAHROONGA,NSW,2076,28,1998,51.6
165 CROATIA AVENUE EDMONDSON PARK,EDMONDSON PARK,NSW,2174,28,1998,51.5
114 SPRINGFIELD ROAD CATHERINE FIELD,CATHERINE FIELD,NSW,2557,21,2005,51.5
56 THE DRIVE CONCORD WEST,CONCORD WEST,NSW,2138,21,2005,51.5
198 CONCORD ROAD CONCORD WEST,CONCORD WEST,NSW,2138,21,2005,51.5
HOMEBUSH BAY DRIVE HOMEBUSH,HOMEBUSH,NSW,2140,21,2005,51.5
15-17 PENINSULA DRIVE BREAKFAST POINT,BREAKFAST POINT,NSW,2137,21,2005,51.5
9-13 HAY STREET HAYMARKET,HAYMARKET,NSW,2000,28,1998,51.5
20-80 PYRMONT STREET PYRMONT,PYRMONT,NSW,2009,28,1998,51.5
8 COOEE AVENUE GLENMORE PARK,GLENMORE PARK,NSW,2745,21,2005,51.5
30 COWDROY AVENUE CAMMERAY,CAMMERAY,NSW,2062,21,2005,51.5
6 REED STREET CREMORNE,CREMORNE,NSW,2090,21,2005,51.5
32 COWDROY AVENUE CAMMERAY,CAMMERAY,NSW,2062,21,2005,51.5
26 GORDON STREET MOSMAN,MOSMAN,NSW,2088,28,1998,51.5
144 WYCOMBE ROAD NEUTRAL BAY,NEUTRAL BAY,NSW,2089,21,2005,51.5
26 HARFORD STREET NORTH RYDE,NORTH RYDE,NSW,2113,21,2005,51.5
9 ROMFORD ROAD EPPING,EPPING,NSW,2121,21,2005,51.5
36 KENT STREET EPPING,EPPING,NSW,2121,21,2005,51.5
LUCINDA AVENUE SPRINGWOOD,SPRINGWOOD,NSW,2777,28,1998,51.5
378 OLD NORTHERN ROAD CASTLE HILL,CASTLE HILL,NSW,2154,21,2005,51.5
74 HANSENS ROAD MINTO HEIGHTS,MINTO HEIGHTS,NSW,2566,21,2005,51.4
5 OLIVE STREET MINTO HEIGHTS,MINTO HEIGHTS,NSW,2566,21,2005,51.4
44 MERCEDES ROAD INGLEBURN,INGLEBURN,NSW,2565,21,2005,51.4
258 SOUTH TERRACE BANKSTOWN,BANKSTOWN,NSW,2200,21,2005,51.4
15 EDENLEE STREET EPPING,EPPING,NSW,2121,21,2005,51.4
10A HILLSIDE CRESCENT EPPING,EPPING,NSW,2121,21,2005,51.4
58 MOBBS LANE EPPING,EPPING,NSW,2121,21,2005,51.4
8 BATTEN AVENUE MELROSE PARK,MELROSE PARK,NSW,2114,21,2005,51.4
28-34 JENKINS ROAD CARLINGFORD,CARLINGFORD,NSW,2118,21,2005,51.4
96 OURIMBAH ROAD MOSMAN,MOSMAN,NSW,2088,21,2005,51.4
331 OLD SOUTH HEAD ROAD WATSONS BAY,WATSONS BAY,NSW,2030,21,2005,51.4
495 VICTORIA ROAD GLADESVILLE,GLADESVILLE,NSW,2111,21,2005,51.4
13 HILL STREET QUEENSCLIFF,QUEENSCLIFF,NSW,2096,21,2005,51.4
132 CARLINGFORD ROAD EPPING,EPPING,NSW,2121,21,2005,51.4
67 EPPING ROAD EPPING,EPPING,NSW,2121,21,2005,51.4
179Z WRIGHTS ROAD CASTLE HILL,CASTLE HILL,NSW,2154,21,2005,51.4
17 TANBARK PLACE DURAL,DURAL,NSW,2158,21,2005,51.4
776 OLD NORTHERN ROAD MIDDLE DURAL,MIDDLE DURAL,NSW,2158,21,2005,51.4
33R OCEAN STREET CLOVELLY,CLOVELLY,NSW,2031,28,1998,51.3
7 WARBURTON STREET MARRICKVILLE,MARRICKVILLE,NSW,2204,28,1998,51.3
12 WARSAW STREET NORTH STRATHFIELD,NORTH STRATHFIELD,NSW,2137,21,2005,51.3
ALFRED STREET SOUTH MILSONS POINT,SOUTH MILSONS POINT,NSW,,21,2005,51.3
479 BRINGELLY ROAD ROSSMORE,ROSSMORE,NSW,2557,28,1998,51.3
49 EASTWOOD AVENUE EASTWOOD,EASTWOOD,NSW,2122,21,2005,51.3
12 CONGEWOI ROAD MOSMAN,MOSMAN,NSW,2088,21,2005,51.3
15 ESTHER ROAD MOSMAN,MOSMAN,NSW,2088,28,1998,51.3
196 MILLER STREET NORTH SYDNEY,NORTH SYDNEY,NSW,2060,21,2005,51.3
62 RONALD AVENUE GREENWICH,GREENWICH,NSW,2065,21,2005,51.3
4 THE BOULEVARDE CAMMERAY,CAMMERAY,NSW,2062,21,2005,51.3
14 COLIN STREET CAMMERAY,CAMMERAY,NSW,2062,21,2005,51.3
6 MCBURNEY STREET NAREMBURN,NAREMBURN,NSW,2065,21,2005,51.3
46 LAUREL STREET WILLOUGHBY,WILLOUGHBY,NSW,2068,21,2005,51.3
3 YANGALLA STREET MARSFIELD,MARSFIELD,NSW,2122,21,2005,51.3
TRUSCOTT PLACE EAST KILLARA,EAST KILLARA,NSW,2071,28,1998,51.3
414 CRANEBROOK ROAD CRANEBROOK,CRANEBROOK,NSW,2749,28,1998,51.3
68 FADDEN ROAD SPRINGWOOD,SPRINGWOOD,NSW,2777,28,1998,51.3
328 GARFIELD ROAD EAST ROUSE HILL,EAST ROUSE HILL,NSW,,28,1998,51.3
1 BIBBENLUKE AVENUE DUFFYS FOREST,DUFFYS FOREST,NSW,2084,28,1998,51.3
14 BUNDANOON ROAD PRESTONS,PRESTONS,NSW,2170,28,1998,51.2
47 WILGA STREET CONCORD WEST,CONCORD WEST,NSW,2138,21,2005,51.2
57P WELLBANK STREET CONCORD,CONCORD,NSW,2137,21,2005,51.2
271 FORBES STREET DARLINGHURST,DARLINGHURST,NSW,2010,28,1998,51.2
216 OXFORD STREET BONDI JUNCTION,BONDI JUNCTION,NSW,2022,28,1998,51.2
1 ORCHARD STREET EPPING,EPPING,NSW,2121,21,2005,51.2
WOONONA ROAD NORTHBRIDGE,NORTHBRIDGE,NSW,2063,21,2005,51.2
34 BRAY STREET MOSMAN,MOSMAN,NSW,2088,21,2005,51.2
32 OURIMBAH ROAD MOSMAN,MOSMAN,NSW,2088,21,2005,51.2
98 MUSTON STREET MOSMAN,MOSMAN,NSW,2088,21,2005,51.2
106 YOUNG STREET CREMORNE,CREMORNE,NSW,2090,21,2005,51.2
1 PARKER STREET NORTHBRIDGE,NORTHBRIDGE,NSW,2063,21,2005,51.2
1/11 JOHN STREET MCMAHONS POINT,MCMAHONS POINT,NSW,2060,21,2005,51.2
29 CAIRO STREET CAMMERAY,CAMMERAY,NSW,2062,21,2005,51.2
39 FOURTH AVENUE WILLOUGHBY EAST,WILLOUGHBY EAST,NSW,2068,21,2005,51.2
115 EASTERN VALLEY WAY CASTLECRAG,CASTLECRAG,NSW,2068,21,2005,51.2
48 WATERLOO ROAD NORTH EPPING,NORTH EPPING,NSW,2121,21,2005,51.2
54 BELLEVUE ROAD FAULCONBRIDGE,FAULCONBRIDGE,NSW,2776,21,2005,51.2
1X QUARRY ROAD HORNSBY,HORNSBY,NSW,2077,28,1998,51.2
20 PARKERS FARM PLACE CASULA,CASULA,NSW,2170,28,1998,51.1
172 MALABAR ROAD SOUTH COOGEE,SOUTH COOGEE,NSW,2034,21,2005,51.1
45-51 CROSS STREET DOUBLE BAY,DOUBLE BAY,NSW,2028,21,2005,51.1
501 GLEBE POINT ROAD GLEBE,GLEBE,NSW,2037,21,2005,51.1
12 BANCROFT AVENUE ROSEVILLE,ROSEVILLE,NSW,2069,21,2005,51.1
144 BLAXLAND ROAD RYDE,RYDE,NSW,2112,21,2005,51.1
69A PENNANT PARADE EPPING,EPPING,NSW,2121,21,2005,51.1
75 KENT STREET EPPING,EPPING,NSW,2121,21,2005,51.1
1 CHELMSFORD AVENUE EPPING,EPPING,NSW,2121,21,2005,51.1
8 MUTTAMA STREET WAHROONGA,WAHROONGA,NSW,2076,28,1998,51.1
199 SUN VALLEY ROAD SUN VALLEY,SUN VALLEY,NSW,2777,28,1998,51.1
68 COOYONG ROAD TERREY HILLS,TERREY HILLS,NSW,2084,28,1998,51.1
4 BEARD PLACE GLENORIE,GLENORIE,NSW,2157,28,1998,51.1
4 OLIVE STREET MINTO HEIGHTS,MINTO HEIGHTS,NSW,2566,21,2005,51.0
PETER MEADOWS ROAD KENTLYN,KENTLYN,NSW,2560,21,2005,51.0
RIVERVIEW ROAD KENTLYN,KENTLYN,NSW,2560,21,2005,51.0
226 CONCORD ROAD CONCORD WEST,CONCORD WEST,NSW,2138,21,2005,51.0
128 BEATTIE STREET BALMAIN,BALMAIN,NSW,2041,21,2005,51.0
5 WISTON GARDENS DOUBLE BAY,DOUBLE BAY,NSW,2028,28,1998,51.0
10 THE OUTPOST NORTHBRIDGE,NORTHBRIDGE,NSW,2063,21,2005,51.0
19 BEDFORD STREET EMU PLAINS,EMU PLAINS,NSW,2750,28,1998,51.0
13A NEIL STREET EPPING,EPPING,NSW,2121,21,2005,51.0
5 PLYMPTON ROAD CARLINGFORD,CARLINGFORD,NSW,2118,21,2005,51.0
EPPING ROAD MARSFIELD,MARSFIELD,NSW,2122,21,2005,51.0
28 DAWSON STREET EPPING,EPPING,NSW,2121,21,2005,51.0
1 COLUMBIA COURT NORWEST,NORWEST,NSW,2153,21,2005,51.0
8 TORONTO AVENUE CROMER,CROMER,NSW,2099,28,1998,51.0
82 PORTERS ROAD KENTHURST,KENTHURST,NSW,2156,28,1998,51.0
1 WALLARINGA AVENUE KURRABA POINT,KURRABA POINT,NSW,2089,21,2005,50.9
15 RAGLAN STREET MOSMAN,MOSMAN,NSW,2088,21,2005,50.9
1A VICTORIA STREET GREENWICH,GREENWICH,NSW,2065,21,2005,50.9
23 CONGEWOI ROAD MOSMAN,MOSMAN,NSW,2088,21,2005,50.9
270 PACIFIC HIGHWAY CROWS NEST,CROWS NEST,NSW,2065,21,2005,50.9
37 CHARLES STREET RYDE,RYDE,NSW,2112,21,2005,50.9
2 BOWER STREET MANLY,MANLY,NSW,2095,21,2005,50.9
29 ROSEN STREET EPPING,EPPING,NSW,2121,21,2005,50.9
27 BRIGG ROAD EPPING,EPPING,NSW,2121,21,2005,50.9
12 ABUKLEA ROAD EPPING,EPPING,NSW,2121,21,2005,50.9
32 KANDY AVENUE EPPING,EPPING,NSW,2121,21,2005,50.9
21 BARNET STREET GLENBROOK,GLENBROOK,NSW,2773,28,1998,50.9
114 ELANORA ROAD ELANORA HEIGHTS,ELANORA HEIGHTS,NSW,2101,21,2005,50.9
203 EAGLEVIEW ROAD MINTO,MINTO,NSW,2566,21,2005,50.8
50 LODGES ROAD NARELLAN,NARELLAN,NSW,2567,21,2005,50.8
3 NAPPER STREET SOUTH COOGEE,SOUTH COOGEE,NSW,2034,21,2005,50.8
144 KURRABA ROAD KURRABA POINT,KURRABA POINT,NSW,2089,21,2005,50.8
90 CARABELLA STREET KIRRIBILLI,KIRRIBILLI,NSW,2061,21,2005,50.8
7 MAYFIELD AVENUE WOOLWICH,WOOLWICH,NSW,2110,21,2005,50.8
SPIT ROAD MIDDLE HARBOUR,MIDDLE HARBOUR,NSW,,21,2005,50.8
45 MURDOCH STREET CREMORNE,CREMORNE,NSW,2090,21,2005,50.8
3 MITCHELL ROAD MOSMAN,MOSMAN,NSW,2088,28,1998,50.8
9A MARINE PARADE WATSONS BAY,WATSONS BAY,NSW,2030,28,1998,50.8
6 BELMONT AVENUE WOLLSTONECRAFT,WOLLSTONECRAFT,NSW,2065,21,2005,50.8
46 CHARLES STREET RYDE,RYDE,NSW,2112,21,2005,50.8
153 OLD CASTLEREAGH ROAD CASTLEREAGH,CASTLEREAGH,NSW,2749,28,1998,50.8
3 BRIDGE STREET EPPING,EPPING,NSW,2121,21,2005,50.8
79 CRIMEA ROAD MARSFIELD,MARSFIELD,NSW,2122,21,2005,50.8
76X SOMERSET STREET EPPING,EPPING,NSW,2121,21,2005,50.8
2 SNUGGLEPOT DRIVE FAULCONBRIDGE,FAULCONBRIDGE,NSW,2776,28,1998,50.8
13 ARAFURA AVENUE CRANEBROOK,CRANEBROOK,NSW,2749,21,2005,50.8
12 GAWAIN COURT GLENHAVEN,GLENHAVEN,NSW,2156,21,2005,50.8
2/9 COBAR PLACE GREGORY HILLS,GREGORY HILLS,NSW,2557,21,2005,50.7
1 DRIVER AVENUE MOORE PARK,MOORE PARK,NSW,2021,28,1998,50.7
34 DOBROYD DRIVE ELIZABETH HILLS,ELIZABETH HILLS,NSW,2171,21,2005,50.7
219P MAJORS BAY ROAD CONCORD,CONCORD,NSW,2137,21,2005,50.7
2/93 GRAFTON STREET BONDI JUNCTION,BONDI JUNCTION,NSW,2022,28,1998,50.7
21A CUMBERLAND STREET EPPING,EPPING,NSW,2121,21,2005,50.7
4-6 DUNTROON AVENUE ST LEONARDS,ST LEONARDS,NSW,2065,21,2005,50.7
12 PINE STREET CAMMERAY,CAMMERAY,NSW,2062,21,2005,50.7
98 WYRALLA AVENUE EPPING,EPPING,NSW,2121,21,2005,50.7
2A KITCHENER ROAD CHERRYBROOK,CHERRYBROOK,NSW,2126,28,1998,50.7
16 HARLECH COURT CASTLE HILL,CASTLE HILL,NSW,2154,21,2005,50.7
307-321 CRANEBROOK ROAD CRANEBROOK,CRANEBROOK,NSW,2749,28,1998,50.7
94 PERISHER ROAD BEAUMONT HILLS,BEAUMONT HILLS,NSW,2155,21,2005,50.7
15 GALARA STREET ROUSE HILL,ROUSE HILL,NSW,2155,28,1998,50.7
57 HANSENS ROAD MINTO HEIGHTS,MINTO HEIGHTS,NSW,2566,21,2005,50.6
GEORGES RIVER ROAD KENTLYN,KENTLYN,NSW,2560,21,2005,50.6
222 GEORGES RIVER ROAD KENTLYN,KENTLYN,NSW,2560,21,2005,50.6
21 EARL STREET RANDWICK,RANDWICK,NSW,2031,28,1998,50.6
STIRLING STREET CECIL PARK,CECIL PARK,NSW,2178,28,1998,50.6
100 DOVER ROAD DOVER HEIGHTS,DOVER HEIGHTS,NSW,2030,28,1998,50.6
8L/10-16 MARQUET STREET RHODES,RHODES,NSW,2138,21,2005,50.6
153 PENNANT PARADE EPPING,EPPING,NSW,2121,21,2005,50.6
22 HARLEY CRESCENT EASTWOOD,EASTWOOD,NSW,2122,21,2005,50.6
14 HARLEY CRESCENT EASTWOOD,EASTWOOD,NSW,2122,21,2005,50.6
24 STRATHALLEN AVENUE NORTHBRIDGE,NORTHBRIDGE,NSW,2063,21,2005,50.6
25 BURRAN AVENUE MOSMAN,MOSMAN,NSW,2088,21,2005,50.6
24A JOHNSON STREET CHATSWOOD,CHATSWOOD,NSW,2067,21,2005,50.6
6A WESTMINSTER ROAD GLADESVILLE,GLADESVILLE,NSW,2111,21,2005,50.6
18 SURREY STREET EPPING,EPPING,NSW,2121,21,2005,50.6
28 ROSEN STREET EPPING,EPPING,NSW,2121,21,2005,50.6
47X WATERLOO ROAD NORTH EPPING,NORTH EPPING,NSW,2121,21,2005,50.6
20 ELDERBERRY PLACE CHERRYBROOK,CHERRYBROOK,NSW,2126,21,2005,50.6
19 ALBERT ROAD BEECROFT,BEECROFT,NSW,2119,21,2005,50.6
25 BARRA BRUI CRESCENT ST IVES,ST IVES,NSW,2075,28,1998,50.6
2A ILUKA ROAD PALM BEACH,PALM BEACH,NSW,2108,28,1998,50.6
2B FIGTREE DRIVE SYDNEY OLYMPIC PARK,SYDNEY OLYMPIC PARK,NSW,2127,21,2005,50.5
79 WEST PARADE DENISTONE,DENISTONE,NSW,2114,21,2005,50.5
61 CHATHAM ROAD DENISTONE,DENISTONE,NSW,2114,21,2005,50.5
48 MIDSON ROAD EASTWOOD,EASTWOOD,NSW,2122,21,2005,50.5
28 SHELLBANK AVENUE MOSMAN,MOSMAN,NSW,2088,21,2005,50.5
3 WONGA ROAD CREMORNE,CREMORNE,NSW,2090,21,2005,50.5
20 ROSS STREET WAVERTON,WAVERTON,NSW,2060,21,2005,50.5
71 CROWS NEST ROAD WAVERTON,WAVERTON,NSW,2060,21,2005,50.5
436-484 VICTORIA ROAD GLADESVILLE,GLADESVILLE,NSW,2111,21,2005,50.5
1 NICOLL AVENUE RYDE,RYDE,NSW,2112,21,2005,50.5
26 LEWIS STREET EPPING,EPPING,NSW,2121,21,2005,50.5
737-746 GREAT WESTERN HIGHWAY LINDEN,LINDEN,NSW,2778,21,2005,50.5
35-37 RICKARD ROAD WARRIMOO,WARRIMOO,NSW,2774,28,1998,50.5
 BEAUMONT HILLS,HILLS,NSW,,21,2005,50.5
30 BAGNALL STREET GREGORY HILLS,GREGORY HILLS,NSW,2557,21,2005,50.4
59 WATERWORTH DRIVE NARELLAN VALE,NARELLAN VALE,NSW,2567,21,2005,50.4
75 ROBINSON ROAD BRINGELLY,BRINGELLY,NSW,2556,28,1998,50.4
905 SOUTH DOWLING STREET ZETLAND,ZETLAND,NSW,2017,28,1998,50.4
159-161 PARRAMATTA ROAD HOMEBUSH,HOMEBUSH,NSW,2140,21,2005,50.4
1A BATES STREET HOMEBUSH,HOMEBUSH,NSW,2140,28,1998,50.4
27-29 GEORGE STREET NORTH STRATHFIELD,NORTH STRATHFIELD,NSW,2137,21,2005,50.4
25 PLOWMAN STREET NORTH BONDI,NORTH BONDI,NSW,2026,28,1998,50.4
12 ROKEVA STREET EASTWOOD,EASTWOOD,NSW,2122,21,2005,50.4
480B CONCORD ROAD RHODES,RHODES,NSW,2138,21,2005,50.4
12 BILLONG STREET KURRABA POINT,KURRABA POINT,NSW,2089,21,2005,50.4
111 CHANDOS STREET CROWS NEST,CROWS NEST,NSW,2065,21,2005,50.4
36 LARDELLI DRIVE RYDE,RYDE,NSW,2112,21,2005,50.4
511A MULGOA ROAD MULGOA,MULGOA,NSW,2745,28,1998,50.4
9 DAWSON STREET EPPING,EPPING,NSW,2121,21,2005,50.4
3 KENTWELL CRESCENT STANHOPE GARDENS,,NSW,,28,1998,50.4
96 BOORALIE ROAD TERREY HILLS,TERREY HILLS,NSW,2084,28,1998,50.4
80 HANSENS ROAD MINTO HEIGHTS,MINTO HEIGHTS,NSW,2566,21,2005,50.3
PRINCE GEORGE PARADE WOOLWICH,WOOLWICH,NSW,2110,21,2005,50.3
39 RYRIES PARADE CREMORNE,CREMORNE,NSW,2090,21,2005,50.3
896 MILITARY ROAD MOSMAN,MOSMAN,NSW,2088,28,1998,50.3
15 LLOYD AVENUE CREMORNE,CREMORNE,NSW,2090,21,2005,50.3
21 GLADSTONE AVENUE RYDE,RYDE,NSW,2112,21,2005,50.3
22 WINDERMERE ROAD EPPING,EPPING,NSW,2121,21,2005,50.3
22 AVONLEA DRIVE CARLINGFORD,CARLINGFORD,NSW,2118,21,2005,50.3
49 SUTHERLAND ROAD CHELTENHAM,CHELTENHAM,NSW,2119,21,2005,50.3
70 GREAT WESTERN HIGHWAY SUN VALLEY,SUN VALLEY,NSW,2777,21,2005,50.3
58 TALLAWONG ROAD TALLAWONG,TALLAWONG,NSW,2762,21,2005,50.3
11Z CASABLANCA AVENUE BEAUMONT HILLS,BEAUMONT HILLS,NSW,2155,28,1998,50.3
DENHAM COURT ROAD DENHAM COURT,,NSW,,28,1998,50.2
186 CONCORD ROAD CONCORD WEST,CONCORD WEST,NSW,2138,21,2005,50.2
133A SEAFORTH CRESCENT SEAFORTH,SEAFORTH,NSW,2092,21,2005,50.2
5/13 CHURCHILL CRESCENT CAMMERAY,CAMMERAY,NSW,2062,21,2005,50.2
11B ALAN STREET CAMMERAY,CAMMERAY,NSW,2062,21,2005,50.2
33 PRINCE STREET MOSMAN,MOSMAN,NSW,2088,21,2005,50.2
44 CAMMERAY ROAD CAMMERAY,CAMMERAY,NSW,2062,21,2005,50.2
16 KAWANA CLOSE EPPING,EPPING,NSW,2121,21,2005,50.2
3 WINDERMERE ROAD EPPING,EPPING,NSW,2121,21,2005,50.2
2 CAMPTON COURT CARLINGFORD,CARLINGFORD,NSW,2118,21,2005,50.2
26 BAMBARA CRESCENT BEECROFT,BEECROFT,NSW,2119,21,2005,50.2
2B WILLOUGHBY STREET EPPING,EPPING,NSW,2121,21,2005,50.2
131 SHOWGROUND ROAD CASTLE HILL,CASTLE HILL,NSW,2154,28,1998,50.2
79 SUN VALLEY ROAD SUN VALLEY,SUN VALLEY,NSW,2777,28,1998,50.2
38-76 PALMERSTON ROAD HORNSBY,HORNSBY,NSW,2077,28,1998,50.2
81 VICTORIA ROAD WEDDERBURN,WEDDERBURN,NSW,2560,21,2005,50.1
23 POMEROY STREET HOMEBUSH,HOMEBUSH,NSW,2140,21,2005,50.1
BRADLEYS HEAD ROAD MOSMAN,MOSMAN,NSW,2088,21,2005,50.1
827-837 GEORGE STREET HAYMARKET,HAYMARKET,NSW,2000,21,2005,50.1
4 PRINCE STREET MOSMAN,MOSMAN,NSW,2088,21,2005,50.1
16 BEGA ROAD NORTHBRIDGE,NORTHBRIDGE,NSW,2063,21,2005,50.1
15 CONGEWOI ROAD MOSMAN,MOSMAN,NSW,2088,21,2005,50.1
98/41 ROCKLANDS ROAD WOLLSTONECRAFT,WOLLSTONECRAFT,NSW,2065,21,2005,50.1
73 CHURCH STREET RYDE,RYDE,NSW,2112,21,2005,50.1
13 FRANCIS STREET EPPING,EPPING,NSW,2121,21,2005,50.1
53A PENNANT PARADE EPPING,EPPING,NSW,2121,21,2005,50.1
10 PARK STREET EPPING,EPPING,NSW,2121,21,2005,50.1
82 NORFOLK ROAD NORTH EPPING,NORTH EPPING,NSW,2121,21,2005,50.1
49 PIONEER PLACE CASTLE HILL,CASTLE HILL,NSW,2154,28,1998,50.1
156 GEORGES RIVER ROAD KENTLYN,KENTLYN,NSW,2560,21,2005,50.0
245-290 BEECH ROAD CASULA,CASULA,NSW,2170,28,1998,50.0
58A WYCOMBE ROAD NEUTRAL BAY,NEUTRAL BAY,NSW,2089,21,2005,50.0
MILSON ROAD CREMORNE POINT,CREMORNE POINT,NSW,2090,21,2005,50.0
54 ORMOND STREET PADDINGTON,PADDINGTON,NSW,2021,28,1998,50.0
2/23B BAY VIEW STREET LAVENDER BAY,LAVENDER BAY,NSW,2060,21,2005,50.0
50 PARDALOTE PLACE GLENMORE PARK,GLENMORE PARK,NSW,2745,28,1998,50.0
39 EDENLEE STREET EPPING,EPPING,NSW,2121,21,2005,50.0
HILLSIDE CRESCENT EPPING,EPPING,NSW,2121,21,2005,50.0
2 HARDIE STREET NEUTRAL BAY,NEUTRAL BAY,NSW,2089,21,2005,50.0
46 HARRIETTE STREET NEUTRAL BAY,NEUTRAL BAY,NSW,2089,21,2005,50.0
63 GLOVER STREET MOSMAN,MOSMAN,NSW,2088,21,2005,50.0
28 ARCHBOLD ROAD ROSEVILLE,ROSEVILLE,NSW,2069,21,2005,50.0
10 CRESCENT STREET HUNTERS HILL,HUNTERS HILL,NSW,2110,21,2005,50.0
15 VERNON STREET CAMMERAY,CAMMERAY,NSW,2062,21,2005,50.0
21 CHURCHILL CRESCENT CAMMERAY,CAMMERAY,NSW,2062,21,2005,50.0
9 JOHNSON STREET CHATSWOOD,CHATSWOOD,NSW,2067,21,2005,50.0
CADDENS ROAD KINGSWOOD,KINGSWOOD,NSW,2747,28,1998,50.0
76 PENNANT PARADE EPPING,EPPING,NSW,2121,21,2005,50.0
6 FOOTMAN CRESCENT KELLYVILLE RIDGE,KELLYVILLE RIDGE,NSW,2155,21,2005,50.0
10 ODETTE ROAD DURAL,DURAL,NSW,2158,28,1998,50.0
18 COLEMAN AVENUE HOMEBUSH,HOMEBUSH,NSW,2140,21,2005,49.9
15-29 BRADLEY STREET GLENMORE PARK,GLENMORE PARK,NSW,2745,21,2005,49.9
79 ANZAC AVENUE WEST RYDE,WEST RYDE,NSW,2114,21,2005,49.9
164A CHATHAM ROAD EASTWOOD,EASTWOOD,NSW,2122,21,2005,49.9
1 BOYLE STREET MOSMAN,MOSMAN,NSW,2088,21,2005,49.9
2A MONTPELIER STREET NEUTRAL BAY,NEUTRAL BAY,NSW,2089,21,2005,49.9
1 MERRENBURN AVENUE NAREMBURN,NAREMBURN,NSW,2065,21,2005,49.9
12 TILEY STREET CAMMERAY,CAMMERAY,NSW,2062,21,2005,49.9
59-61 GERARD STREET CREMORNE,CREMORNE,NSW,2090,21,2005,49.9
9 CANBERRA STREET EPPING,EPPING,NSW,2121,21,2005,49.9
19 WYRALLA AVENUE EPPING,EPPING,NSW,2121,21,2005,49.9
27 FAIRBURN AVENUE WEST PENNANT HILLS,WEST PENNANT HILLS,NSW,2125,21,2005,49.9
25 DOULTON DRIVE CHERRYBROOK,CHERRYBROOK,NSW,2126,21,2005,49.9
300 COOYONG ROAD TERREY HILLS,TERREY HILLS,NSW,2084,21,2005,49.9
8 RIDGEWOOD PLACE DURAL,DURAL,NSW,2158,21,2005,49.9
67 PINE STREET EAST CAMMERAY,EAST CAMMERAY,NSW,,21,2005,49.8
7 BRIGHTMORE STREET CREMORNE,CREMORNE,NSW,2090,21,2005,49.8
32 ANN STREET WILLOUGHBY EAST,WILLOUGHBY EAST,NSW,2068,21,2005,49.8
10 ELLALONG ROAD CREMORNE,CREMORNE,NSW,2090,21,2005,49.8
46 ABUKLEA ROAD EPPING,EPPING,NSW,2121,21,2005,49.8
9A SUSSEX STREET EPPING,EPPING,NSW,2121,21,2005,49.8
16 UNDERWOOD ROAD HOMEBUSH,HOMEBUSH,NSW,2140,21,2005,49.7
11 HUNTER STREET DOVER HEIGHTS,DOVER HEIGHTS,NSW,2030,21,2005,49.7
5 EDWARD STREET WOOLLAHRA,WOOLLAHRA,NSW,2025,28,1998,49.7
9 THRUPP STREET NEUTRAL BAY,NEUTRAL BAY,NSW,2089,21,2005,49.7
6 BRIGG ROAD EPPING,EPPING,NSW,2121,21,2005,49.7
272 OLD SOUTH HEAD ROAD WATSONS BAY,WATSONS BAY,NSW,2030,21,2005,49.7
14 HODGSON AVENUE CREMORNE POINT,CREMORNE POINT,NSW,2090,21,2005,49.7
27 KENT STREET EPPING,EPPING,NSW,2121,21,2005,49.7
22 OXFORD STREET EPPING,EPPING,NSW,2121,21,2005,49.7
23 CHISHOLM STREET SOUTH TURRAMURRA,SOUTH TURRAMURRA,NSW,2074,21,2005,49.7
10 KANANGRA CRESCENT CHERRYBROOK,CHERRYBROOK,NSW,2126,21,2005,49.7
12 BIRRAMAL ROAD DUFFYS FOREST,DUFFYS FOREST,NSW,2084,21,2005,49.7
12 EDGEWORTH DAVID AVENUE HORNSBY,HORNSBY,NSW,2077,28,1998,49.7
PARK AVENUE HELENSBURGH,HELENSBURGH,NSW,2508,21,2005,49.6
11 CUBITT DRIVE DENHAM COURT,,NSW,,21,2005,49.6
169 CAMPBELLTOWN ROAD INGLEBURN,INGLEBURN,NSW,2565,21,2005,49.6
116 WELLBANK STREET CONCORD,CONCORD,NSW,2137,21,2005,49.6
17 GEORGE STREET NORTH STRATHFIELD,NORTH STRATHFIELD,NSW,2137,21,2005,49.6
138P CABARITA ROAD CABARITA,CABARITA,NSW,2137,21,2005,49.6
BRADFIELD HIGHWAY MILLERS POINT,MILLERS POINT,NSW,2000,21,2005,49.6
2 WALLACE STREET GREENWICH,GREENWICH,NSW,2065,21,2005,49.6
263-281 PENNANT HILLS ROAD CARLINGFORD,CARLINGFORD,NSW,2118,21,2005,49.6
62 EAST PARADE DENISTONE,DENISTONE,NSW,2114,21,2005,49.6
149 UPPER CLONTARF STREET SEAFORTH,SEAFORTH,NSW,2092,21,2005,49.6
3 BEACH AVENUE VAUCLUSE,VAUCLUSE,NSW,2030,21,2005,49.6
NELSON STREET CHATSWOOD,CHATSWOOD,NSW,2067,21,2005,49.6
12 TOMKO GROVE PARKLEA,PARKLEA,NSW,2768,21,2005,49.6
261X MIDSON ROAD EPPING,EPPING,NSW,2121,21,2005,49.6
10 HENRY STREET GORDON,GORDON,NSW,2072,28,1998,49.6
26 THE RISE BEAUMONT HILLS,BEAUMONT HILLS,NSW,2155,21,2005,49.6
14 VINEYS ROAD DURAL,DURAL,NSW,2158,21,2005,49.6
2-50 CREMONA ROAD COMO,COMO,NSW,2226,28,1998,49.5
231 SPRINGFIELD ROAD CATHERINE FIELD,CATHERINE FIELD,NSW,2557,28,1998,49.5
1 MYEE AVENUE STRATHFIELD,STRATHFIELD,NSW,2135,21,2005,49.5
10 LORRAINE STREET NORTH STRATHFIELD,NORTH STRATHFIELD,NSW,2137,21,2005,49.5
14 MILTON AVENUE WOOLLAHRA,WOOLLAHRA,NSW,2025,21,2005,49.5
64 WYONG ROAD MOSMAN,MOSMAN,NSW,2088,21,2005,49.5
5A GRANT CLOSE EPPING,EPPING,NSW,2121,21,2005,49.5
22 WILLOUGHBY STREET EPPING,EPPING,NSW,2121,21,2005,49.5
146A VINCENT ROAD CRANEBROOK,CRANEBROOK,NSW,2749,21,2005,49.5
14 FOREST CRESCENT BEAUMONT HILLS,BEAUMONT HILLS,NSW,2155,21,2005,49.5
15 VINEYS LANE DURAL,DURAL,NSW,2158,28,1998,49.5
34 SHERRARD AVENUE ELIZABETH HILLS,ELIZABETH HILLS,NSW,2171,28,1998,49.4
UNDERWOOD ROAD HOMEBUSH,HOMEBUSH,NSW,2140,21,2005,49.4
382 GREAT NORTH ROAD ABBOTSFORD,ABBOTSFORD,NSW,2046,21,2005,49.4
11 HARRIETTE STREET NEUTRAL BAY,NEUTRAL BAY,NSW,2089,21,2005,49.4
30 GLEN STREET MILSONS POINT,MILSONS POINT,NSW,2061,21,2005,49.4
499-521 VICTORIA ROAD RYDE,RYDE,NSW,2112,21,2005,49.4
18A WARD STREET EASTWOOD,EASTWOOD,NSW,2122,21,2005,49.4
WILLOUGHBY ROAD NAREMBURN,NAREMBURN,NSW,2065,21,2005,49.4
2A SMALL STREET WILLOUGHBY,WILLOUGHBY,NSW,2068,21,2005,49.4
70 THE PARKWAY BEAUMONT HILLS,BEAUMONT HILLS,NSW,2155,28,1998,49.4
131 SANCTUARY DRIVE BEAUMONT HILLS,BEAUMONT HILLS,NSW,2155,21,2005,49.4
28 COREEN AVENUE TERREY HILLS,TERREY HILLS,NSW,2084,21,2005,49.4
3A BALFOUR ROAD ROSE BAY,ROSE BAY,NSW,2029,21,2005,49.3
4 PATTERSON STREET NORTH BONDI,NORTH BONDI,NSW,2026,21,2005,49.3
4 GRANDEUR CRESCENT GLENMORE PARK,GLENMORE PARK,NSW,2745,21,2005,49.3
1 CENTENARY DRIVE MOSMAN,MOSMAN,NSW,2088,21,2005,49.3
213-219 MILLER STREET NORTH SYDNEY,NORTH SYDNEY,NSW,2060,21,2005,49.3
13 WERAMBIE STREET WOOLWICH,WOOLWICH,NSW,2110,21,2005,49.3
9 WYALONG STREET WILLOUGHBY,WILLOUGHBY,NSW,2068,21,2005,49.3
WEST STREET NAREMBURN,NAREMBURN,NSW,2065,21,2005,49.3
4 MERRENBURN AVENUE NAREMBURN,NAREMBURN,NSW,2065,21,2005,49.3
30 BENELONG ROAD CREMORNE,CREMORNE,NSW,2090,21,2005,49.3
104/17 FRANCIS STREET NAREMBURN,NAREMBURN,NSW,2065,21,2005,49.3
360 QUAKERS ROAD NIRIMBA FIELDS,NIRIMBA FIELDS,NSW,2763,28,1998,49.3
2-8 HAZLEWOOD PLACE EPPING,EPPING,NSW,2121,21,2005,49.3
16 ATTUNGA AVENUE WEST PENNANT HILLS,WEST PENNANT HILLS,NSW,2125,21,2005,49.3
24 TELFER ROAD CASTLE HILL,CASTLE HILL,NSW,2154,21,2005,49.3
194Z GLENHAVEN ROAD KELLYVILLE,KELLYVILLE,NSW,2155,28,1998,49.3
108 BOORALIE ROAD DUFFYS FOREST,DUFFYS FOREST,NSW,2084,28,1998,49.3
53 LIZ KERNOHAN DRIVE ELDERSLIE,ELDERSLIE,NSW,2570,21,2005,49.2
OLYMPIC COURT BRADBURY,BRADBURY,NSW,2560,21,2005,49.2
HANSENS ROAD KENTLYN,KENTLYN,NSW,2560,21,2005,49.2
7 CLARENCE CRESCENT SYLVANIA WATERS,SYLVANIA WATERS,NSW,2224,21,2005,49.2
1 DARLING STREET KENSINGTON,KENSINGTON,NSW,2033,28,1998,49.2
267-299 PRAIRIE VALE ROAD PRAIRIEWOOD,PRAIRIEWOOD,NSW,2176,21,2005,49.2
39 MACKENZIE STREET CONCORD WEST,CONCORD WEST,NSW,2138,21,2005,49.2
235 MORRISON ROAD RYDE,RYDE,NSW,2112,21,2005,49.2
1 MEMORIAL DRIVE GRANVILLE,GRANVILLE,NSW,2142,21,2005,49.2
20B WONGA ROAD CREMORNE,CREMORNE,NSW,2090,21,2005,49.2
183 OURIMBAH ROAD MOSMAN,MOSMAN,NSW,2088,21,2005,49.2
PARK ROAD NAREMBURN,NAREMBURN,NSW,2065,21,2005,49.2
MILRAY AVENUE WOLLSTONECRAFT,WOLLSTONECRAFT,NSW,2065,21,2005,49.2
4 BRADFIELD PARADE CHERRYBROOK,CHERRYBROOK,NSW,2126,21,2005,49.2
12 BORONIA ROAD KENTLYN,KENTLYN,NSW,2560,21,2005,49.1
112 BENELONG ROAD CREMORNE,CREMORNE,NSW,2090,21,2005,49.1
10 HAMILTON AVENUE NAREMBURN,NAREMBURN,NSW,2065,21,2005,49.1
23 TULIP STREET CHATSWOOD,CHATSWOOD,NSW,2067,21,2005,49.1
2B ELLEN STREET RYDE,RYDE,NSW,2112,21,2005,49.1
21 ARNOLD STREET RYDE,RYDE,NSW,2112,21,2005,49.1
1A MCMULLEN AVENUE CARLINGFORD,CARLINGFORD,NSW,2118,21,2005,49.1
8 MARS STREET EPPING,EPPING,NSW,2121,21,2005,49.1
7 HOLLY STREET ROUSE HILL,ROUSE HILL,NSW,2155,21,2005,49.1
33-35 BURDETT STREET HORNSBY,HORNSBY,NSW,2077,21,2005,49.1
40 CLEVELAND STREET WAHROONGA,WAHROONGA,NSW,2076,21,2005,49.1
BRADLY AVENUE KIRRIBILLI,KIRRIBILLI,NSW,2061,21,2005,49.0
104 BENELONG ROAD CREMORNE,CREMORNE,NSW,2090,21,2005,49.0
13 ROCKLANDS ROAD WOLLSTONECRAFT,WOLLSTONECRAFT,NSW,2065,21,2005,49.0
2/4 MERLIN STREET NEUTRAL BAY,NEUTRAL BAY,NSW,2089,21,2005,49.0
7 COLEBEE STREET RYDE,RYDE,NSW,2112,21,2005,49.0
156B CONCORD ROAD NORTH STRATHFIELD,NORTH STRATHFIELD,NSW,2137,21,2005,48.9
6 MCLAREN STREET NORTH SYDNEY,NORTH SYDNEY,NSW,2060,21,2005,48.9
69-71 BAY ROAD WAVERTON,WAVERTON,NSW,2060,21,2005,48.9
336 VICTORIA ROAD GLADESVILLE,GLADESVILLE,NSW,2111,21,2005,48.9
5 PEMBROKE STREET EPPING,EPPING,NSW,2121,21,2005,48.9
9 WILLOWGUM CRESCENT CRANEBROOK,CRANEBROOK,NSW,2749,21,2005,48.9
29 BENSON ROAD BEAUMONT HILLS,BEAUMONT HILLS,NSW,2155,21,2005,48.9
58 MYOORA ROAD TERREY HILLS,TERREY HILLS,NSW,2084,21,2005,48.9
10R MCDONALD STREET CRONULLA,CRONULLA,NSW,2230,28,1998,48.8
7 CHURCH STREET LIDCOMBE,LIDCOMBE,NSW,2141,21,2005,48.8
1-11 GEORGE STREET NORTH STRATHFIELD,NORTH STRATHFIELD,NSW,2137,21,2005,48.8
217 MILITARY ROAD DOVER HEIGHTS,DOVER HEIGHTS,NSW,2030,28,1998,48.8
1012-1026 MULGOA ROAD MULGOA,MULGOA,NSW,2745,21,2005,48.8
10 MILITARY ROAD WATSONS BAY,WATSONS BAY,NSW,2030,28,1998,48.8
54 KAREELA ROAD CREMORNE POINT,CREMORNE POINT,NSW,2090,21,2005,48.8
3 ALEXANDRA CRESCENT GLENBROOK,GLENBROOK,NSW,2773,21,2005,48.8
20 LADBURY AVENUE PENRITH,PENRITH,NSW,2750,28,1998,48.8
146 VIMIERA ROAD MARSFIELD,MARSFIELD,NSW,2122,21,2005,48.8
38 PRETORIA PARADE HORNSBY,HORNSBY,NSW,2077,21,2005,48.8
7 CEDAR PLACE SOUTH COOGEE,SOUTH COOGEE,NSW,2034,28,1998,48.7
20 THE SERPENTINE KENSINGTON,KENSINGTON,NSW,2033,28,1998,48.7
11 ROTHWELL AVENUE NORTH STRATHFIELD,NORTH STRATHFIELD,NSW,2137,21,2005,48.7
45 WEST PARADE EASTWOOD,EASTWOOD,NSW,2122,21,2005,48.7
5 TYAGARAH ROAD RYDE,RYDE,NSW,2112,21,2005,48.7
7 CROSS STREET RYDE,RYDE,NSW,2112,21,2005,48.7
99 MIDSON ROAD EPPING,EPPING,NSW,2121,21,2005,48.7
25 RYDE STREET EPPING,EPPING,NSW,2121,21,2005,48.7
4 KANDY AVENUE EPPING,EPPING,NSW,2121,21,2005,48.7
109/192 VIMIERA ROAD MARSFIELD,MARSFIELD,NSW,2122,21,2005,48.7
19 ULM AVENUE SOUTH TURRAMURRA,SOUTH TURRAMURRA,NSW,2074,21,2005,48.7
888 BOURKE STREET ZETLAND,ZETLAND,NSW,2017,21,2005,48.6
50A WELLBANK STREET CONCORD,CONCORD,NSW,2137,21,2005,48.6
1 BRADLY AVENUE KIRRIBILLI,KIRRIBILLI,NSW,2061,21,2005,48.6
51 DUMBARTON STREET MCMAHONS POINT,MCMAHONS POINT,NSW,2060,21,2005,48.6
1 BAY STREET MOSMAN,MOSMAN,NSW,2088,21,2005,48.6
15 MONTAGUE ROAD CREMORNE,CREMORNE,NSW,2090,21,2005,48.6
3 KERRY AVENUE EPPING,EPPING,NSW,2121,21,2005,48.6
26A KOOLA AVENUE EAST KILLARA,EAST KILLARA,NSW,2071,28,1998,48.6
2 NINTH AVENUE LLANDILO,LLANDILO,NSW,2747,28,1998,48.6
383 WYONG ROAD DUFFYS FOREST,DUFFYS FOREST,NSW,2084,28,1998,48.6
19 HEALY AVENUE GREGORY HILLS,GREGORY HILLS,NSW,2557,21,2005,48.5
2 VICTORIA ROAD BELLEVUE HILL,BELLEVUE HILL,NSW,2023,21,2005,48.5
2 WILLIAM STREET DOUBLE BAY,DOUBLE BAY,NSW,2028,28,1998,48.5
130 NEW SOUTH HEAD ROAD EDGECLIFF,EDGECLIFF,NSW,2027,28,1998,48.5
185-193 REDMAYNE ROAD HORSLEY PARK,HORSLEY PARK,NSW,2175,21,2005,48.5
RAGLAN STREET MOSMAN,MOSMAN,NSW,2088,21,2005,48.5
96 BENELONG ROAD CREMORNE,CREMORNE,NSW,2090,21,2005,48.5
2 VERNON STREET HUNTERS HILL,HUNTERS HILL,NSW,2110,21,2005,48.5
22 DALLEYS ROAD NAREMBURN,NAREMBURN,NSW,2065,21,2005,48.5
8A POTTS STREET RYDE,RYDE,NSW,2112,21,2005,48.5
89 KENT STREET EPPING,EPPING,NSW,2121,21,2005,48.5
10 DENGATE STREET EPPING,EPPING,NSW,2121,21,2005,48.5
25 CALLISTEMON CLOSE NORTH EPPING,NORTH EPPING,NSW,2121,21,2005,48.5
9 BULLER CIRCUIT BEAUMONT HILLS,BEAUMONT HILLS,NSW,2155,21,2005,48.5
CADDIES BOULEVARD ROUSE HILL,ROUSE HILL,NSW,2155,21,2005,48.5
3 SABAL PLACE BEAUMONT HILLS,BEAUMONT HILLS,NSW,2155,28,1998,48.5
7 PIPPEN STREET HARRINGTON PARK,HARRINGTON PARK,NSW,2567,21,2005,48.4
69 LANSDOWNE ROAD CANLEY VALE,CANLEY VALE,NSW,2166,21,2005,48.4
54-64 MOUNTAIN STREET ULTIMO,ULTIMO,NSW,2007,21,2005,48.4
PROSPECT STREET GREENWICH,GREENWICH,NSW,2065,21,2005,48.4
77 BENELONG ROAD CREMORNE,CREMORNE,NSW,2090,21,2005,48.4
10 THE POSTERN CASTLECRAG,CASTLECRAG,NSW,2068,21,2005,48.4
22 KING STREET WOLLSTONECRAFT,WOLLSTONECRAFT,NSW,2065,21,2005,48.4
26 PARRY STREET RYDE,RYDE,NSW,2112,21,2005,48.4
2 MACQUARIE DRIVE CHERRYBROOK,CHERRYBROOK,NSW,2126,21,2005,48.4
11 EDWARD BENNETT DRIVE CHERRYBROOK,CHERRYBROOK,NSW,2126,21,2005,48.4
113 EAGLEVIEW ROAD MINTO,MINTO,NSW,2566,21,2005,48.3
2 WILLS ROAD LONG POINT,LONG POINT,NSW,2564,21,2005,48.3
11 TRAHLEE ROAD BELLEVUE HILL,BELLEVUE HILL,NSW,2023,21,2005,48.3
15 OLIVE STREET PADDINGTON,PADDINGTON,NSW,2021,28,1998,48.3
KURRABA ROAD NEUTRAL BAY,NEUTRAL BAY,NSW,2089,21,2005,48.3
5 CURTIS STREET RYDE,RYDE,NSW,2112,21,2005,48.3
38 TUSCULUM ROAD VALLEY HEIGHTS,VALLEY HEIGHTS,NSW,2777,28,1998,48.3
33 MORRISSEY ROAD ERSKINEVILLE,ERSKINEVILLE,NSW,2043,28,1998,48.2
23A GEORGE STREET NORTH STRATHFIELD,NORTH STRATHFIELD,NSW,2137,21,2005,48.2
13-15A COOLONG ROAD VAUCLUSE,VAUCLUSE,NSW,2030,21,2005,48.2
1 DARLING ISLAND ROAD PYRMONT,PYRMONT,NSW,2009,21,2005,48.2
164-172 WILLIAM STREET WOOLLOOMOOLOO,WOOLLOOMOOLOO,NSW,2011,21,2005,48.2
26 EPPING AVENUE EASTWOOD,EASTWOOD,NSW,2122,21,2005,48.2
34 BAY STREET MOSMAN,MOSMAN,NSW,2088,21,2005,48.2
17 SHELLBANK AVENUE MOSMAN,MOSMAN,NSW,2088,21,2005,48.2
104 AWABA STREET MOSMAN,MOSMAN,NSW,2088,21,2005,48.2
22 BAY STREET MOSMAN,MOSMAN,NSW,2088,21,2005,48.2
8 COWDROY AVENUE CAMMERAY,CAMMERAY,NSW,2062,21,2005,48.2
53 REYNOLDS STREET CREMORNE,CREMORNE,NSW,2090,21,2005,48.2
6A FERNHILL AVENUE EPPING,EPPING,NSW,2121,21,2005,48.2
64 WYRALLA AVENUE EPPING,EPPING,NSW,2121,21,2005,48.2
25 HOWARD PLACE NORTH EPPING,NORTH EPPING,NSW,2121,21,2005,48.2
74 ELIZABETH STREET PADDINGTON,PADDINGTON,NSW,2021,28,1998,48.1
4 ENID STREET DENISTONE,DENISTONE,NSW,2114,21,2005,48.1
7 PRINCE STREET MOSMAN,MOSMAN,NSW,2088,21,2005,48.1
63 ROSEBERY STREET MOSMAN,MOSMAN,NSW,2088,21,2005,48.1
19 PLYMPTON ROAD CARLINGFORD,CARLINGFORD,NSW,2118,21,2005,48.1
94 VILLAGE CIRCUIT GREGORY HILLS,GREGORY HILLS,NSW,2557,21,2005,48.0
20P TURNER AVENUE CONCORD,CONCORD,NSW,2137,21,2005,48.0
49 AUBIN STREET NEUTRAL BAY,NEUTRAL BAY,NSW,2089,21,2005,48.0
1 LAWSON STREET EASTWOOD,EASTWOOD,NSW,2122,21,2005,48.0
108-110 WYCOMBE ROAD NEUTRAL BAY,NEUTRAL BAY,NSW,2089,21,2005,48.0
71 AWABA STREET MOSMAN,MOSMAN,NSW,2088,21,2005,48.0
78 RESERVE ROAD ARTARMON,ARTARMON,NSW,2064,21,2005,48.0
2A PALMER STREET NAREMBURN,NAREMBURN,NSW,2065,21,2005,48.0
1 DAVIDSON PARADE CREMORNE,CREMORNE,NSW,2090,21,2005,48.0
40 LOFTUS ROAD PENNANT HILLS,PENNANT HILLS,NSW,2120,21,2005,48.0
201 GEORGES RIVER ROAD KENTLYN,KENTLYN,NSW,2560,21,2005,47.9
3 KINGS CROSS ROAD DARLINGHURST,DARLINGHURST,NSW,2010,21,2005,47.9
52 GOULBURN STREET SYDNEY,SYDNEY,NSW,2000,21,2005,47.9
1/68 GLENMORE ROAD PADDINGTON,PADDINGTON,NSW,2021,28,1998,47.9
294 MARSDEN ROAD CARLINGFORD,CARLINGFORD,NSW,2118,21,2005,47.9
775 MILITARY ROAD MOSMAN,MOSMAN,NSW,2088,28,1998,47.9
1 PHOENIX STREET LANE COVE,COVE,NSW,,21,2005,47.9
32 SPRUSON STREET NEUTRAL BAY,NEUTRAL BAY,NSW,2089,21,2005,47.9
12 NOOK AVENUE NEUTRAL BAY,NEUTRAL BAY,NSW,2089,21,2005,47.9
14A MORDEN STREET CAMMERAY,CAMMERAY,NSW,2062,21,2005,47.9
TRYON AVENUE WOLLSTONECRAFT,WOLLSTONECRAFT,NSW,2065,21,2005,47.9
15 THE SANCTUARY WESTLEIGH,WESTLEIGH,NSW,2120,28,1998,47.9
17 ANGUS AVENUE EPPING,EPPING,NSW,2121,21,2005,47.9
SAMANTHA RILEY DRIVE KELLYVILLE,KELLYVILLE,NSW,2155,28,1998,47.9
4 VINEYS LANE DURAL,DURAL,NSW,2158,21,2005,47.9
DERBY STREET MINTO HEIGHTS,MINTO HEIGHTS,NSW,2566,21,2005,47.8
187 GEORGES RIVER ROAD KENTLYN,KENTLYN,NSW,2560,21,2005,47.8
5 ELANORA STREET ROSE BAY,ROSE BAY,NSW,2029,21,2005,47.8
26 BRAY STREET MOSMAN,MOSMAN,NSW,2088,21,2005,47.8
150 COWLES ROAD MOSMAN,MOSMAN,NSW,2088,21,2005,47.8
12 GAS WORKS ROAD WOLLSTONECRAFT,WOLLSTONECRAFT,NSW,2065,21,2005,47.8
25 ROCKLANDS ROAD WOLLSTONECRAFT,WOLLSTONECRAFT,NSW,2065,21,2005,47.8
8 GLENVALE AVENUE PARKLEA,PARKLEA,NSW,2768,21,2005,47.8
22Z ISOBELL AVENUE WEST PENNANT HILLS,WEST PENNANT HILLS,NSW,2125,21,2005,47.8
102/22 CAMBRIDGE STREET EPPING,EPPING,NSW,2121,21,2005,47.8
74 EASTCOTE ROAD NORTH EPPING,NORTH EPPING,NSW,2121,21,2005,47.8
PINE AVENUE LITTLE BAY,LITTLE BAY,NSW,2036,21,2005,47.7
355 BOTANY ROAD ZETLAND,ZETLAND,NSW,2017,21,2005,47.7
6 MORDEN STREET CAMMERAY,CAMMERAY,NSW,2062,21,2005,47.7
28 CAMMERAY ROAD CAMMERAY,CAMMERAY,NSW,2062,21,2005,47.7
35 COWDROY AVENUE CAMMERAY,CAMMERAY,NSW,2062,21,2005,47.7
60 COOYONG ROAD TERREY HILLS,TERREY HILLS,NSW,2084,28,1998,47.7
81-83 CAIRNES ROAD GLENORIE,GLENORIE,NSW,2157,28,1998,47.7
82 HANSENS ROAD MINTO HEIGHTS,MINTO HEIGHTS,NSW,2566,21,2005,47.6
16 SWANNELL AVENUE CHISWICK,CHISWICK,NSW,2046,21,2005,47.6
2-8 DARLING STREET BALMAIN EAST,BALMAIN EAST,NSW,2041,21,2005,47.6
3 COWDROY AVENUE CAMMERAY,CAMMERAY,NSW,2062,21,2005,47.6
143 KENT STREET EPPING,EPPING,NSW,2121,21,2005,47.6
19 CLERMONT AVENUE CONCORD,CONCORD,NSW,2137,21,2005,47.5
34 ROSEBERRY STREET BALMAIN,BALMAIN,NSW,2041,21,2005,47.5
427 RESERVOIR ROAD PROSPECT,PROSPECT,NSW,2148,28,1998,47.5
4 DAWSON STREET NAREMBURN,NAREMBURN,NSW,2065,21,2005,47.5
46 BELLEVUE STREET CAMMERAY,CAMMERAY,NSW,2062,21,2005,47.5
7 VICTORIA STREET EPPING,EPPING,NSW,2121,21,2005,47.5
23 PATERSON STREET CARLINGFORD,CARLINGFORD,NSW,2118,21,2005,47.5
39 GLOUCESTER ROAD EPPING,EPPING,NSW,2121,21,2005,47.5
37 MYSON DRIVE CHERRYBROOK,CHERRYBROOK,NSW,2126,21,2005,47.5
2A BURRANEER AVENUE ST IVES,ST IVES,NSW,2075,28,1998,47.5
10 CAWDOR ROAD CAMDEN,CAMDEN,NSW,2570,21,2005,47.4
HAMILTON ROAD KENTLYN,KENTLYN,NSW,2560,21,2005,47.4
62 VERNON AVENUE EASTLAKES,EASTLAKES,NSW,2018,21,2005,47.4
2 FORBES STREET PADDINGTON,PADDINGTON,NSW,2021,28,1998,47.4
205 SUTHERLAND STREET PADDINGTON,PADDINGTON,NSW,2021,28,1998,47.4
123 AWABA STREET MOSMAN,MOSMAN,NSW,2088,21,2005,47.4
3 GARLAND ROAD NAREMBURN,NAREMBURN,NSW,2065,21,2005,47.4
26 IREDALE AVENUE CREMORNE POINT,CREMORNE POINT,NSW,2090,21,2005,47.4
283A MILLER STREET NORTH SYDNEY,NORTH SYDNEY,NSW,2060,21,2005,47.4
45 MELTON CIRCUIT GREGORY HILLS,GREGORY HILLS,NSW,2557,21,2005,47.3
1 MERRILL LANE GLEDSWOOD HILLS,GLEDSWOOD HILLS,NSW,2557,21,2005,47.3
30 ADA AVENUE STRATHFIELD,STRATHFIELD,NSW,2135,21,2005,47.3
34 CARLISLE STREET ROSE BAY,ROSE BAY,NSW,2029,21,2005,47.3
1 BUCHANAN STREET BALMAIN,BALMAIN,NSW,2041,21,2005,47.3
2 MONTAGUE ROAD CREMORNE,CREMORNE,NSW,2090,21,2005,47.3
67 REYNOLDS STREET CREMORNE,CREMORNE,NSW,2090,21,2005,47.3
44 TOBRUK AVENUE CREMORNE,CREMORNE,NSW,2090,21,2005,47.3
34 MERRENBURN AVENUE NAREMBURN,NAREMBURN,NSW,2065,21,2005,47.3
10/43-45 KENT STREET EPPING,EPPING,NSW,2121,21,2005,47.3
37 LANCASTER STREET GREGORY HILLS,GREGORY HILLS,NSW,2557,21,2005,47.2
73 SEAFORTH CRESCENT SEAFORTH,SEAFORTH,NSW,2092,21,2005,47.2
9 EDITH STREET CASTLECRAG,CASTLECRAG,NSW,2068,21,2005,47.2
52 EASTCOTE ROAD NORTH EPPING,NORTH EPPING,NSW,2121,21,2005,47.2
30 ALMA STREET PADDINGTON,PADDINGTON,NSW,2021,28,1998,47.1
6A HERMINGTON STREET EPPING,EPPING,NSW,2121,21,2005,47.1
26 SIRIUS COVE ROAD MOSMAN,MOSMAN,NSW,2088,21,2005,47.1
138 ALEXANDER STREET CROWS NEST,CROWS NEST,NSW,2065,21,2005,47.1
7 ALAN STREET CAMMERAY,CAMMERAY,NSW,2062,21,2005,47.1
2 HOLDSWORTH AVENUE ST LEONARDS,ST LEONARDS,NSW,2065,21,2005,47.1
2A HENRY STREET RYDE,RYDE,NSW,2112,21,2005,47.1
25-29 CARLINGFORD ROAD EPPING,EPPING,NSW,2121,21,2005,47.1
276 TOORONGA ROAD TERREY HILLS,TERREY HILLS,NSW,2084,21,2005,47.1
7 BIBBENLUKE AVENUE DUFFYS FOREST,DUFFYS FOREST,NSW,2084,28,1998,47.1
11 HARRISON AVENUE BONNET BAY,BONNET BAY,NSW,2226,21,2005,47.0
22 BELMONT AVENUE WOLLSTONECRAFT,WOLLSTONECRAFT,NSW,2065,21,2005,47.0
4 SEAMAN STREET GREENWICH,GREENWICH,NSW,2065,21,2005,47.0
54 BELMORE STREET RYDE,RYDE,NSW,2112,21,2005,47.0
17 MARS STREET EPPING,EPPING,NSW,2121,21,2005,47.0
26 CALLISTEMON CLOSE NORTH EPPING,NORTH EPPING,NSW,2121,21,2005,47.0
3 KIRKWOOD AVENUE NORTH EPPING,NORTH EPPING,NSW,2121,21,2005,47.0
786 OLD NORTHERN ROAD MIDDLE DURAL,MIDDLE DURAL,NSW,2158,21,2005,47.0
84 CHURCH STREET CAMPERDOWN,CAMPERDOWN,NSW,2050,21,2005,46.9
SHIRLEY ROAD WOLLSTONECRAFT,WOLLSTONECRAFT,NSW,2065,21,2005,46.9
4 PARKES STREET RYDE,RYDE,NSW,2112,21,2005,46.9
CAMMERAY ROAD CAMMERAY,CAMMERAY,NSW,2062,21,2005,46.9
81 TYNESIDE AVENUE NORTH WILLOUGHBY,NORTH WILLOUGHBY,NSW,2068,21,2005,46.9
15 FOURTH AVENUE WILLOUGHBY EAST,WILLOUGHBY EAST,NSW,2068,21,2005,46.9
LADY GAME DRIVE LINDFIELD,LINDFIELD,NSW,2070,21,2005,46.9
111 VIMIERA ROAD EASTWOOD,EASTWOOD,NSW,2122,21,2005,46.9
28 BROOKPINE PLACE WEST PENNANT HILLS,WEST PENNANT HILLS,NSW,2125,21,2005,46.9
6 STRATHDON CRESCENT BLAXLAND,BLAXLAND,NSW,2774,21,2005,46.9
31 MYOORA ROAD TERREY HILLS,TERREY HILLS,NSW,2084,21,2005,46.9
1539 OLD NORTHERN ROAD GLENORIE,GLENORIE,NSW,2157,21,2005,46.9
15 KEW STREET GREGORY HILLS,GREGORY HILLS,NSW,2557,21,2005,46.8
9 CONWAY AVENUE NORTH STRATHFIELD,NORTH STRATHFIELD,NSW,2137,21,2005,46.8
35 ELLALONG ROAD CREMORNE,CREMORNE,NSW,2090,21,2005,46.8
63 BELMONT ROAD MOSMAN,MOSMAN,NSW,2088,21,2005,46.8
20 QUIAMONG ROAD NAREMBURN,NAREMBURN,NSW,2065,21,2005,46.8
1 WOLBAH PLACE CROMER,CROMER,NSW,2099,21,2005,46.8
301A MCCARRS CREEK ROAD TERREY HILLS,TERREY HILLS,NSW,2084,28,1998,46.8
22 WOOLCOTT STREET WAVERTON,WAVERTON,NSW,2060,21,2005,46.7
93-113 BRADLEY STREET GLENMORE PARK,GLENMORE PARK,NSW,2745,28,1998,46.7
RAILWAY AVENUE EASTWOOD,EASTWOOD,NSW,2122,21,2005,46.7
60 CAMMERAY ROAD CAMMERAY,CAMMERAY,NSW,2062,21,2005,46.7
381-383 VICTORIA AVENUE CHATSWOOD,CHATSWOOD,NSW,2067,21,2005,46.7
2 LOFBERG ROAD WEST PYMBLE,WEST PYMBLE,NSW,2073,21,2005,46.7
35 WARATAH ROAD ENGADINE,ENGADINE,NSW,2233,28,1998,46.6
43A CLIFFORD ROAD MIRANDA,MIRANDA,NSW,2228,21,2005,46.6
7A THE BOULEVARDE CAMMERAY,CAMMERAY,NSW,2062,21,2005,46.6
1/90-92 CREMORNE ROAD CREMORNE POINT,CREMORNE POINT,NSW,2090,21,2005,46.6
5 PROBATE STREET NAREMBURN,NAREMBURN,NSW,2065,21,2005,46.6
14 BLUE BELL CIRCUIT KELLYVILLE,KELLYVILLE,NSW,2155,21,2005,46.6
29S BAKER STREET KENSINGTON,KENSINGTON,NSW,2033,28,1998,46.5
55 BANK STREET MEADOWBANK,MEADOWBANK,NSW,2114,21,2005,46.5
8 CAVAN DRIVE EASTWOOD,EASTWOOD,NSW,2122,21,2005,46.5
212 ROWE STREET EASTWOOD,EASTWOOD,NSW,2122,21,2005,46.5
58 AUBIN STREET NEUTRAL BAY,NEUTRAL BAY,NSW,2089,21,2005,46.5
36 DALLEYS ROAD NAREMBURN,NAREMBURN,NSW,2065,21,2005,46.5
RUSSELL STREET WOLLSTONECRAFT,WOLLSTONECRAFT,NSW,2065,21,2005,46.5
BAY ROAD WAVERTON,WAVERTON,NSW,2060,21,2005,46.5
20 CHARLES STREET RYDE,RYDE,NSW,2112,21,2005,46.5
50 LOFTUS ROAD PENNANT HILLS,PENNANT HILLS,NSW,2120,21,2005,46.5
1 VIVALDI PLACE BEAUMONT HILLS,BEAUMONT HILLS,NSW,2155,21,2005,46.5
KINKA ROAD TERREY HILLS,TERREY HILLS,NSW,2084,28,1998,46.5
51 CAMMERAY ROAD CAMMERAY,CAMMERAY,NSW,2062,21,2005,46.4
43 ROBERT STREET WILLOUGHBY EAST,WILLOUGHBY EAST,NSW,2068,21,2005,46.4
216 NEW LINE ROAD DURAL,DURAL,NSW,2158,21,2005,46.4
1594A PITTWATER ROAD MONA VALE,MONA VALE,NSW,2103,21,2005,46.4
3/13 WAIWERA STREET LAVENDER BAY,LAVENDER BAY,NSW,2060,21,2005,46.3
4 CLANALPINE STREET EASTWOOD,EASTWOOD,NSW,2122,21,2005,46.3
3 BENSON ROAD BEAUMONT HILLS,BEAUMONT HILLS,NSW,2155,21,2005,46.3
8 CADDIES BOULEVARD ROUSE HILL,ROUSE HILL,NSW,2155,28,1998,46.3
58 CASCADE STREET PADDINGTON,PADDINGTON,NSW,2021,28,1998,46.2
41 MONTAGUE ROAD CREMORNE,CREMORNE,NSW,2090,21,2005,46.2
7 HARBOUR STREET MOSMAN,MOSMAN,NSW,2088,21,2005,46.2
32 BEN BOYD ROAD NEUTRAL BAY,NEUTRAL BAY,NSW,2089,21,2005,46.2
43 DONNELLY ROAD NAREMBURN,NAREMBURN,NSW,2065,21,2005,46.2
30-32 PITTWATER ROAD MANLY,MANLY,NSW,2095,21,2005,46.2
4 GREGORY AVENUE NORTH EPPING,NORTH EPPING,NSW,2121,21,2005,46.2
23 GLASSHOUSE ROAD BEAUMONT HILLS,BEAUMONT HILLS,NSW,2155,28,1998,46.2
88 LIVERPOOL STREET SYDNEY,SYDNEY,NSW,2000,21,2005,46.1
6 HALE ROAD MOSMAN,MOSMAN,NSW,2088,21,2005,46.1
62 KAMERUKA ROAD NORTHBRIDGE,NORTHBRIDGE,NSW,2063,21,2005,46.1
12-14 BAY ROAD NORTH SYDNEY,NORTH SYDNEY,NSW,2060,21,2005,46.1
56 EDINBURGH ROAD WILLOUGHBY,WILLOUGHBY,NSW,2068,21,2005,46.1
4-6 WANDELLA ROAD MIRANDA,MIRANDA,NSW,2228,21,2005,46.0
2 GOULDSBURY STREET MOSMAN,MOSMAN,NSW,2088,21,2005,46.0
70A GREENWICH ROAD GREENWICH,GREENWICH,NSW,2065,21,2005,46.0
79 YOUNG STREET CREMORNE,CREMORNE,NSW,2090,21,2005,46.0
17 PROBATE STREET NAREMBURN,NAREMBURN,NSW,2065,21,2005,46.0
59/279 MORRISON ROAD RYDE,RYDE,NSW,2112,21,2005,46.0
5-7 INGLEWOOD PLACE NORWEST,NORWEST,NSW,2153,21,2005,46.0
27 ENDEAVOUR DRIVE WINMALEE,WINMALEE,NSW,2777,21,2005,46.0
260-270 KINGSWAY CARINGBAH,CARINGBAH,NSW,2229,21,2005,45.9
110 KURRABA ROAD NEUTRAL BAY,NEUTRAL BAY,NSW,2089,21,2005,45.9
55 WATERVIEW STREET BALMAIN,BALMAIN,NSW,2041,21,2005,45.9
12 HEYDON STREET MOSMAN,MOSMAN,NSW,2088,21,2005,45.9
10 MURRAY STREET LANE COVE NORTH,COVE NORTH,NSW,,21,2005,45.9
85 STUART ROAD HORNINGSEA PARK,HORNINGSEA PARK,NSW,2171,21,2005,45.8
26 MACKENZIE STREET CONCORD WEST,CONCORD WEST,NSW,2138,21,2005,45.8
14 GREYCLIFFE AVENUE VAUCLUSE,VAUCLUSE,NSW,2030,21,2005,45.8
101 OCEAN STREET WOOLLAHRA,WOOLLAHRA,NSW,2025,21,2005,45.8
74 REDDEN DRIVE KELLYVILLE,KELLYVILLE,NSW,2155,21,2005,45.8
33 CULVERSTON AVENUE DENHAM COURT,,NSW,,21,2005,45.7
99 CHALEYER STREET ROSE BAY,ROSE BAY,NSW,2029,21,2005,45.7
99 WALKER STREET NORTH SYDNEY,NORTH SYDNEY,NSW,2060,21,2005,45.7
865 VICTORIA ROAD WEST RYDE,WEST RYDE,NSW,2114,21,2005,45.7
101 OURIMBAH ROAD MOSMAN,MOSMAN,NSW,2088,21,2005,45.7
92 YOUNG STREET CREMORNE,CREMORNE,NSW,2090,21,2005,45.7
24 AVIUM DRIVE CADDENS,CADDENS,NSW,2747,21,2005,45.7
5-7 TELEGRAPH ROAD PYMBLE,PYMBLE,NSW,2073,21,2005,45.7
434 ARGYLE STREET PICTON,PICTON,NSW,2571,21,2005,45.6
 GREENWICH,,NSW,,21,2005,45.6
79 BELMONT ROAD MOSMAN,MOSMAN,NSW,2088,21,2005,45.6
2/5 ROBERTSON PLACE WATSONS BAY,WATSONS BAY,NSW,2030,21,2005,45.6
72A BEN BOYD ROAD NEUTRAL BAY,NEUTRAL BAY,NSW,2089,21,2005,45.6
225 PACIFIC HIGHWAY NORTH SYDNEY,NORTH SYDNEY,NSW,2060,21,2005,45.6
17 COWDROY AVENUE CAMMERAY,CAMMERAY,NSW,2062,21,2005,45.6
3 COLUMBIA COURT NORWEST,NORWEST,NSW,2153,21,2005,45.6
70 ABERDEEN ROAD ST ANDREWS,ST ANDREWS,NSW,2566,21,2005,45.5
33 PEEL STREET KIRRIBILLI,KIRRIBILLI,NSW,2061,21,2005,45.5
30 WARREN ROAD BELLEVUE HILL,BELLEVUE HILL,NSW,2023,28,1998,45.5
55 GROSVENOR STREET WOOLLAHRA,WOOLLAHRA,NSW,2025,21,2005,45.5
52A TOBRUK AVENUE CREMORNE,CREMORNE,NSW,2090,21,2005,45.5
17 EARL STREET MOSMAN,MOSMAN,NSW,2088,21,2005,45.5
105 CREMORNE ROAD CREMORNE POINT,CREMORNE POINT,NSW,2090,21,2005,45.5
6 NOOK AVENUE NEUTRAL BAY,NEUTRAL BAY,NSW,2089,21,2005,45.5
15 HERBERT STREET NAREMBURN,NAREMBURN,NSW,2065,21,2005,45.5
36-38 VICTORIA STREET EPPING,EPPING,NSW,2121,21,2005,45.5
80 UNDERWOOD ROAD HOMEBUSH,HOMEBUSH,NSW,2140,21,2005,45.4
102 WELLBANK STREET CONCORD,CONCORD,NSW,2137,21,2005,45.4
 SYDNEY HARBOUR,HARBOUR,NSW,,21,2005,45.4
34 BRADLEY STREET GLENMORE PARK,GLENMORE PARK,NSW,2745,21,2005,45.4
1/29 SEVEN STREET EPPING,EPPING,NSW,2121,21,2005,45.4
41 GRIGG AVENUE NORTH EPPING,NORTH EPPING,NSW,2121,21,2005,45.4
8 SPRING MILL AVENUE ROUSE HILL,ROUSE HILL,NSW,2155,21,2005,45.4
215 PERFECTION AVENUE KELLYVILLE RIDGE,KELLYVILLE RIDGE,NSW,2155,21,2005,45.4
23 PIONEER STREET GREGORY HILLS,GREGORY HILLS,NSW,2557,21,2005,45.3
22A COLGATE AVENUE BALMAIN,BALMAIN,NSW,2041,21,2005,45.3
15/23 BRICKFIELD STREET NORTH PARRAMATTA,NORTH PARRAMATTA,NSW,2151,21,2005,45.3
4 RICHMOND AVENUE CREMORNE,CREMORNE,NSW,2090,21,2005,45.3
21A KENT STREET EPPING,EPPING,NSW,2121,21,2005,45.3
52 DRUMMOND ROAD BEAUMONT HILLS,BEAUMONT HILLS,NSW,2155,21,2005,45.3
62 CABRAMATTA AVENUE MILLER,MILLER,NSW,2168,28,1998,45.2
77 HANSENS ROAD MINTO HEIGHTS,MINTO HEIGHTS,NSW,2566,21,2005,45.1
101 HARRISON ROAD KENTLYN,KENTLYN,NSW,2560,21,2005,45.1
115 SPRINGMEAD DRIVE DENHAM COURT,,NSW,,21,2005,45.1
31 CLERMONT AVENUE CONCORD,CONCORD,NSW,2137,21,2005,45.1
6A RAGLAN STREET MOSMAN,MOSMAN,NSW,2088,21,2005,45.1
64 CREMORNE ROAD CREMORNE POINT,CREMORNE POINT,NSW,2090,21,2005,45.1
7 CHUTER STREET MCMAHONS POINT,MCMAHONS POINT,NSW,2060,21,2005,45.1
9A LINCOLN STREET EASTWOOD,EASTWOOD,NSW,2122,21,2005,45.1
177 WALKER STREET NORTH SYDNEY,NORTH SYDNEY,NSW,2060,21,2005,45.1
18 OLGA STREET CHATSWOOD,CHATSWOOD,NSW,2067,21,2005,45.1
78 BELMONT ROAD MOSMAN,MOSMAN,NSW,2088,21,2005,45.0
2B DONCASTER AVENUE NARELLAN,NARELLAN,NSW,2567,21,2005,44.9
52P GIPPS STREET CONCORD,CONCORD,NSW,2137,21,2005,44.9
391-393 OLD NORTHERN ROAD CASTLE HILL,CASTLE HILL,NSW,2154,21,2005,44.9
32 KINGSDALE AVENUE CATHERINE FIELD,CATHERINE FIELD,NSW,2557,21,2005,44.8
15 CONWAY AVENUE NORTH STRATHFIELD,NORTH STRATHFIELD,NSW,2137,21,2005,44.8
BRADFIELD HIGHWAY MILSONS POINT,MILSONS POINT,NSW,2061,21,2005,44.8
38 ST GEORGES CRESCENT DRUMMOYNE,DRUMMOYNE,NSW,2047,21,2005,44.8
GEORGE STREET GREENWICH,GREENWICH,NSW,2065,21,2005,44.8
7 STANLEY AVENUE MOSMAN,MOSMAN,NSW,2088,21,2005,44.8
51 COUNTESS STREET MOSMAN,MOSMAN,NSW,2088,21,2005,44.8
2/9 EDINBURGH ROAD WILLOUGHBY EAST,WILLOUGHBY EAST,NSW,2068,21,2005,44.8
1D FIRST AVENUE WILLOUGHBY EAST,WILLOUGHBY EAST,NSW,2068,21,2005,44.8
96 CHURCH STREET RYDE,RYDE,NSW,2112,21,2005,44.8
FRERES ROAD KENTLYN,KENTLYN,NSW,2560,21,2005,44.7
50 DALMENY DRIVE PRESTONS,PRESTONS,NSW,2170,21,2005,44.7
1/2 SANTA MARINA AVENUE WAVERLEY,WAVERLEY,NSW,2024,21,2005,44.7
56 AUBURN ROAD AUBURN,AUBURN,NSW,2144,21,2005,44.7
5B BLACKWALL POINT ROAD CHISWICK,CHISWICK,NSW,2046,21,2005,44.7
133 EXPLORERS ROAD LAPSTONE,LAPSTONE,NSW,2773,21,2005,44.7
38 QUEENSBURY AVENUE KELLYVILLE,KELLYVILLE,NSW,2155,21,2005,44.7
1P HENLEY MARINE DRIVE DRUMMOYNE,DRUMMOYNE,NSW,2047,21,2005,44.6
37E THE POINT ROAD WOOLWICH,WOOLWICH,NSW,2110,21,2005,44.6
BRIDGEVIEW AVENUE CAMMERAY,CAMMERAY,NSW,2062,21,2005,44.6
11 GEORGE STREET GREENWICH,GREENWICH,NSW,2065,21,2005,44.6
10 MISSENDEN ROAD CAMPERDOWN,CAMPERDOWN,NSW,2050,28,1998,44.5
36 THAMES STREET BALMAIN,BALMAIN,NSW,2041,21,2005,44.5
63 KINGS HILL ROAD MULGOA,MULGOA,NSW,2745,21,2005,44.5
18 BRADLEY STREET GLENMORE PARK,GLENMORE PARK,NSW,2745,21,2005,44.5
2 BURTON STREET MOSMAN,MOSMAN,NSW,2088,21,2005,44.5
95 BELLEVUE STREET CAMMERAY,CAMMERAY,NSW,2062,21,2005,44.5
21 ARUNDEL WAY CHERRYBROOK,CHERRYBROOK,NSW,2126,21,2005,44.5
2A HAMILTON STREET NORTH STRATHFIELD,NORTH STRATHFIELD,NSW,2137,21,2005,44.4
1D MRS MACQUARIES ROAD SYDNEY,SYDNEY,NSW,2000,21,2005,44.4
400A BOBBIN HEAD ROAD NORTH TURRAMURRA,NORTH TURRAMURRA,NSW,2074,21,2005,44.4
166 GEORGES RIVER ROAD KENTLYN,KENTLYN,NSW,2560,21,2005,44.3
389 PORT HACKING ROAD CARINGBAH,CARINGBAH,NSW,2229,21,2005,44.3
322A MARSDEN ROAD CARLINGFORD,CARLINGFORD,NSW,2118,21,2005,44.3
87-129 PENNANT HILLS ROAD NORTH PARRAMATTA,NORTH PARRAMATTA,NSW,2151,21,2005,44.3
131 CREMORNE ROAD CREMORNE POINT,CREMORNE POINT,NSW,2090,21,2005,44.3
5 TILEY STREET CAMMERAY,CAMMERAY,NSW,2062,21,2005,44.3
2-12 TENNYSON ROAD GLADESVILLE,GLADESVILLE,NSW,2111,21,2005,44.3
70 COOYONG ROAD TERREY HILLS,TERREY HILLS,NSW,2084,28,1998,44.3
15 HILL ROAD SYDNEY OLYMPIC PARK,SYDNEY OLYMPIC PARK,NSW,2127,21,2005,44.2
1/122 MILSON ROAD CREMORNE POINT,CREMORNE POINT,NSW,2090,21,2005,44.2
MARY STREET HUNTERS HILL,HUNTERS HILL,NSW,2110,21,2005,44.2
3 WEAVER STREET RYDE,RYDE,NSW,2112,21,2005,44.2
1 FRANCIS STREET EPPING,EPPING,NSW,2121,21,2005,44.2
26 POMEROY STREET HOMEBUSH,HOMEBUSH,NSW,2140,21,2005,44.1
34 MACPHERSON STREET CREMORNE,CREMORNE,NSW,2090,21,2005,44.1
12 WANDOO AVENUE RYDE,RYDE,NSW,2112,21,2005,44.1
10 GROSE VALLEY COURT FAULCONBRIDGE,FAULCONBRIDGE,NSW,2776,21,2005,44.1
16 UNDINE STREET MAROUBRA,MAROUBRA,NSW,2035,21,2005,44.0
201 PARRAMATTA ROAD HOMEBUSH WEST,HOMEBUSH WEST,NSW,2140,21,2005,44.0
15 LANSDOWNE STREET CONCORD,CONCORD,NSW,2137,21,2005,44.0
26/11 EPPING PARK DRIVE EPPING,EPPING,NSW,2121,21,2005,44.0
25 REYNOLDS STREET CREMORNE,CREMORNE,NSW,2090,21,2005,44.0
25A KANGAROO ROAD COLLAROY PLATEAU,COLLAROY PLATEAU,NSW,2097,21,2005,44.0
2C MARGARET STREET WOOLWICH,WOOLWICH,NSW,2110,21,2005,43.9
1 DONNELLY ROAD NAREMBURN,NAREMBURN,NSW,2065,21,2005,43.9
32 SHIRLEY ROAD WOLLSTONECRAFT,WOLLSTONECRAFT,NSW,2065,21,2005,43.9
17 SHELLY CRESCENT BEAUMONT HILLS,BEAUMONT HILLS,NSW,2155,21,2005,43.9
42B CUMBERLAND STREET GREGORY HILLS,GREGORY HILLS,NSW,2557,21,2005,43.8
MIDDLE HEAD ROAD MOSMAN,MOSMAN,NSW,2088,21,2005,43.8
65 CAMMERAY ROAD CAMMERAY,CAMMERAY,NSW,2062,21,2005,43.8
419-445 MILITARY ROAD MOSMAN,MOSMAN,NSW,2088,21,2005,43.8
40 VICTORIA STREET MCMAHONS POINT,MCMAHONS POINT,NSW,2060,21,2005,43.7
31 WATERLOO STREET SURRY HILLS,SURRY HILLS,NSW,2010,21,2005,43.6
2/107 CLARENCE STREET SYDNEY,SYDNEY,NSW,2000,21,2005,43.6
16 THORN STREET RYDE,RYDE,NSW,2112,21,2005,43.6
5 GROSVENOR ROAD LINDFIELD,LINDFIELD,NSW,2070,21,2005,43.6
FRANCIS STREET ARTARMON,ARTARMON,NSW,2064,21,2005,43.6
188-190 BALACLAVA ROAD MARSFIELD,MARSFIELD,NSW,2122,21,2005,43.6
59-65 HASTINGS ROAD CASTLE HILL,CASTLE HILL,NSW,2154,21,2005,43.6
33 HILLSTON CIRCUIT GREGORY HILLS,GREGORY HILLS,NSW,2557,21,2005,43.5
21 BRIGHTMORE STREET CREMORNE,CREMORNE,NSW,2090,21,2005,43.5
114-118 CRIMEA ROAD MARSFIELD,MARSFIELD,NSW,2122,21,2005,43.5
2 CHURCHILL CRESCENT CONCORD,CONCORD,NSW,2137,21,2005,43.4
92 MURRIVERIE ROAD NORTH BONDI,NORTH BONDI,NSW,2026,21,2005,43.4
LITTLE SPRING STREET NORTH SYDNEY,NORTH SYDNEY,NSW,2060,21,2005,43.4
4A MACQUARIE STREET SYDNEY,SYDNEY,NSW,2000,21,2005,43.4
32 EDWARD STREET NORTH SYDNEY,NORTH SYDNEY,NSW,2060,21,2005,43.4
1A O'DEA ROAD MOUNT ANNAN,MOUNT ANNAN,NSW,2567,21,2005,43.3
75 QUARRY ROAD DURAL,DURAL,NSW,2158,21,2005,43.3
20-26 HUME STREET WOLLSTONECRAFT,WOLLSTONECRAFT,NSW,2065,21,2005,43.2
MUNGERIE ROAD BEAUMONT HILLS,BEAUMONT HILLS,NSW,2155,21,2005,43.2
SHELLCOVE ROAD KURRABA POINT,KURRABA POINT,NSW,2089,21,2005,43.1
2 THE ESPLANADE MOSMAN,MOSMAN,NSW,2088,21,2005,43.1
29 BRAY STREET MOSMAN,MOSMAN,NSW,2088,21,2005,43.0
9 STRATFORD STREET CAMMERAY,CAMMERAY,NSW,2062,21,2005,43.0
5 MARAU PLACE YELLOW ROCK,YELLOW ROCK,NSW,2777,21,2005,43.0
11 STRATFORD STREET CAMMERAY,CAMMERAY,NSW,2062,21,2005,42.9
723X BLAXLAND ROAD EPPING,EPPING,NSW,2121,21,2005,42.9
5 RUSSELL STREET WOOLLAHRA,WOOLLAHRA,NSW,2025,21,2005,42.8
55 EDGEWATER DRIVE GLENMORE PARK,GLENMORE PARK,NSW,2745,21,2005,42.8
CALBINA ROAD NORTHBRIDGE,NORTHBRIDGE,NSW,2063,21,2005,42.8
31A MARKS STREET NAREMBURN,NAREMBURN,NSW,2065,21,2005,42.8
THE STRAND DEE WHY,WHY,NSW,,21,2005,42.8
78 BAY STREET MOSMAN,MOSMAN,NSW,2088,21,2005,42.7
128 KENT STREET EPPING,EPPING,NSW,2121,21,2005,42.7
5-5A BEDFORD PLACE SOUTH COOGEE,SOUTH COOGEE,NSW,2034,21,2005,42.5
37B AVOCA STREET RANDWICK,RANDWICK,NSW,2031,21,2005,42.5
34 MOBBS LANE CARLINGFORD,CARLINGFORD,NSW,2118,21,2005,42.5
552-586 VICTORIA ROAD RYDE,RYDE,NSW,2112,21,2005,42.5
208 MINERVA ROAD WEDDERBURN,WEDDERBURN,NSW,2560,21,2005,42.4
90 BADGALLY ROAD ESCHOL PARK,ESCHOL PARK,NSW,2558,21,2005,42.4
ADDERSTONE AVENUE NORTH SYDNEY,NORTH SYDNEY,NSW,2060,21,2005,42.4
50 CAMMERAY ROAD CAMMERAY,CAMMERAY,NSW,2062,21,2005,42.4
BRADFIELD ROAD LINDFIELD,LINDFIELD,NSW,2070,21,2005,42.4
13/7-11 COLLEGE CRESCENT ST IVES,ST IVES,NSW,2075,21,2005,42.3
48 FITZROY AVENUE BALMAIN,BALMAIN,NSW,2041,21,2005,42.2
43 THOMAS STREET MCMAHONS POINT,MCMAHONS POINT,NSW,2060,21,2005,42.2
GLENVIEW STREET GREENWICH,GREENWICH,NSW,2065,21,2005,42.2
STUART STREET LONGUEVILLE,LONGUEVILLE,NSW,2066,21,2005,42.2
43 BATHURST STREET WOOLLAHRA,WOOLLAHRA,NSW,2025,21,2005,42.1
JOHN STREET WAVERTON,WAVERTON,NSW,2060,21,2005,42.1
31 KINGSBURY ROAD EDMONDSON PARK,EDMONDSON PARK,NSW,2174,21,2005,42.0
53-73 LINDEN CRESCENT CRANEBROOK,CRANEBROOK,NSW,2749,21,2005,41.9
39 ROSLYN GARDENS ELIZABETH BAY,ELIZABETH BAY,NSW,2011,21,2005,41.8
1A MURDOCH STREET CREMORNE POINT,CREMORNE POINT,NSW,2090,21,2005,41.8
378 JOALAH ROAD DUFFYS FOREST,DUFFYS FOREST,NSW,2084,21,2005,41.8
2/153A QUEEN STREET WOOLLAHRA,WOOLLAHRA,NSW,2025,21,2005,41.7
8 GORGON AVENUE ELIZABETH HILLS,ELIZABETH HILLS,NSW,2171,21,2005,41.6
171 VICTORIA ROAD PARRAMATTA,PARRAMATTA,NSW,2150,21,2005,41.6
35 PALMER STREET CAMMERAY,CAMMERAY,NSW,2062,21,2005,41.6
7 SUTTOR AVENUE RYDE,RYDE,NSW,2112,21,2005,41.6
194 GLENHAVEN ROAD GLENHAVEN,GLENHAVEN,NSW,2156,21,2005,41.6
113 AWABA STREET MOSMAN,MOSMAN,NSW,2088,21,2005,41.5
PACIFIC HIGHWAY NORTH SYDNEY,NORTH SYDNEY,NSW,2060,21,2005,41.5
27 BOWMAN STREET DRUMMOYNE,DRUMMOYNE,NSW,2047,21,2005,41.3
143 BELLEVUE STREET CAMMERAY,CAMMERAY,NSW,2062,21,2005,41.3
VICTORIA ROAD GLADESVILLE,GLADESVILLE,NSW,2111,21,2005,41.3
14 PARK ROAD KENTHURST,KENTHURST,NSW,2156,21,2005,41.3
878 MILITARY ROAD MOSMAN,MOSMAN,NSW,2088,21,2005,41.2
250 VIMIERA ROAD MARSFIELD,MARSFIELD,NSW,2122,21,2005,41.2
44 VICTORIA ROAD BELLEVUE HILL,BELLEVUE HILL,NSW,2023,21,2005,41.1
162-166 BALACLAVA ROAD MARSFIELD,MARSFIELD,NSW,2122,21,2005,41.1
11 CARMARGUE STREET BEAUMONT HILLS,BEAUMONT HILLS,NSW,2155,21,2005,41.1
PARK ROAD HOMEBUSH,HOMEBUSH,NSW,2140,21,2005,41.0
11 LAMBERT STREET CAMMERAY,CAMMERAY,NSW,2062,21,2005,41.0
HICKSON ROAD BARANGAROO,BARANGAROO,NSW,2000,21,2005,40.9
CONSTITUTION ROAD WEST MEADOWBANK,WEST MEADOWBANK,NSW,,21,2005,40.9
8 BAY STREET GREENWICH,GREENWICH,NSW,2065,21,2005,40.9
19 BARRY STREET NEUTRAL BAY,NEUTRAL BAY,NSW,2089,21,2005,40.8
19 ROSEBY STREET DRUMMOYNE,DRUMMOYNE,NSW,2047,21,2005,40.7
2 MASONS DRIVE NORTH PARRAMATTA,NORTH PARRAMATTA,NSW,2151,21,2005,40.7
57A CONSTITUTION ROAD MEADOWBANK,MEADOWBANK,NSW,2114,21,2005,40.6
37 RYRIES PARADE CREMORNE,CREMORNE,NSW,2090,21,2005,40.6
91 THUDDUNGRA ROAD DUFFYS FOREST,DUFFYS FOREST,NSW,2084,21,2005,40.6
1 BLUE STREET NORTH SYDNEY,NORTH SYDNEY,NSW,2060,21,2005,40.5
81A OURIMBAH ROAD MOSMAN,MOSMAN,NSW,2088,21,2005,40.5
ILLAWARRA STREET MOSMAN,MOSMAN,NSW,2088,21,2005,40.5
116 MILITARY ROAD NEUTRAL BAY,NEUTRAL BAY,NSW,2089,21,2005,40.5
REDDEN DRIVE KELLYVILLE,KELLYVILLE,NSW,2155,21,2005,40.5
340A CHURCH STREET PARRAMATTA,PARRAMATTA,NSW,2150,21,2005,40.4
42 NORTHCOTE STREET NAREMBURN,NAREMBURN,NSW,2065,21,2005,40.4
4A WESTMINSTER ROAD GLADESVILLE,GLADESVILLE,NSW,2111,21,2005,40.3
HILLSBOROUGH CRESCENT GLENFIELD,GLENFIELD,NSW,2167,21,2005,40.2
9-17 CHURCH STREET RYDE,RYDE,NSW,2112,21,2005,40.2
7 UNDERWOOD ROAD HOMEBUSH,HOMEBUSH,NSW,2140,21,2005,40.0
RESERVE ROAD ARTARMON,ARTARMON,NSW,2064,21,2005,40.0
RICHARD STREET GREENWICH,GREENWICH,NSW,2065,21,2005,39.9
9 BARZONA STREET BEAUMONT HILLS,BEAUMONT HILLS,NSW,2155,21,2005,39.9
33 OCEAN STREET WOOLLAHRA,WOOLLAHRA,NSW,2025,21,2005,39.8
LARKIN STREET WAVERTON,WAVERTON,NSW,2060,21,2005,39.8
21 ASTURIAS AVENUE SOUTH COOGEE,SOUTH COOGEE,NSW,2034,21,2005,39.7
1 DODDS STREET NAREMBURN,NAREMBURN,NSW,2065,21,2005,39.7
12 MYRTLE STREET MINTO HEIGHTS,MINTO HEIGHTS,NSW,2566,21,2005,39.5
125 KAVANAGH STREET GREGORY HILLS,GREGORY HILLS,NSW,2557,21,2005,39.4
40 MONTAGUE ROAD CREMORNE,CREMORNE,NSW,2090,21,2005,39.3
109 KIRRIBILLI AVENUE KIRRIBILLI,KIRRIBILLI,NSW,2061,21,2005,39.2
 LEICHHARDT,,NSW,,21,2005,39.2
102-104 CRIMEA ROAD MARSFIELD,MARSFIELD,NSW,2122,21,2005,39.2
60 WILLOUGHBY STREET KIRRIBILLI,KIRRIBILLI,NSW,2061,21,2005,39.1
BALLS HEAD DRIVE WAVERTON,WAVERTON,NSW,2060,21,2005,39.1
5 LEVEY STREET WOLLI CREEK,WOLLI CREEK,NSW,2205,21,2005,39.0
81 BROOK STREET NAREMBURN,NAREMBURN,NSW,2065,21,2005,39.0
81 SPIT ROAD MOSMAN,MOSMAN,NSW,2088,21,2005,38.9
124 BENELONG ROAD CREMORNE,CREMORNE,NSW,2090,21,2005,38.9
15 GOWANLEA AVENUE ELIZABETH HILLS,ELIZABETH HILLS,NSW,2171,21,2005,38.8
102 BELMONT ROAD MOSMAN,MOSMAN,NSW,2088,21,2005,38.8
18 UNIVERSITY ROAD MIRANDA,MIRANDA,NSW,2228,21,2005,38.7
12/86 FALCONER STREET WEST RYDE,WEST RYDE,NSW,2114,21,2005,38.5
10A CHURCH STREET NORTH SYDNEY,NORTH SYDNEY,NSW,2060,21,2005,38.3
29 PALOMAR PARADE FRESHWATER,FRESHWATER,NSW,2096,21,2005,38.1
44-50 KIORA ROAD MIRANDA,MIRANDA,NSW,2228,21,2005,37.9
29 BANCROFT AVENUE ROSEVILLE,ROSEVILLE,NSW,2069,21,2005,37.7
23 PADDINGTON STREET PADDINGTON,PADDINGTON,NSW,2021,21,2005,37.3
15 KAREELA ROAD CREMORNE POINT,CREMORNE POINT,NSW,2090,21,2005,37.3
MILLER STREET NORTH SYDNEY,NORTH SYDNEY,NSW,2060,21,2005,37.3
1B ELIZABETH STREET WATERLOO,WATERLOO,NSW,2017,21,2005,36.8
10 NAMBA ROAD DUFFYS FOREST,DUFFYS FOREST,NSW,2084,21,2005,36.6
3A BALLS HEAD ROAD WAVERTON,WAVERTON,NSW,2060,21,2005,36.3
93 CHURCH STREET ST PETERS,ST PETERS,NSW,2044,21,2005,36.2
24A DONNELLY ROAD CROWS NEST,CROWS NEST,NSW,2065,21,2005,35.9
196 GEORGE STREET PARRAMATTA,PARRAMATTA,NSW,2150,21,2005,35.7
2G QUEEN STREET NORTH STRATHFIELD,NORTH STRATHFIELD,NSW,2137,21,2005,35.5
 DUFFYS FOREST,FOREST,NSW,,21,2005,35.2
1/51A HICKSON ROAD BARANGAROO,BARANGAROO,NSW,2000,21,2005,34.9
182 HASTINGS PARADE NORTH BONDI,NORTH BONDI,NSW,2026,21,2005,34.4
5 BIBBENLUKE AVENUE DUFFYS FOREST,DUFFYS FOREST,NSW,2084,21,2005,34.1
6-18 PARRAMATTA ROAD HOMEBUSH,HOMEBUSH,NSW,2140,21,2005,33.5
39 DELHI ROAD NORTH RYDE,NORTH RYDE,NSW,2113,21,2005,31.4
287 FORBES STREET DARLINGHURST,DARLINGHURST,NSW,2010,21,2005,30.9
6 COWLES ROAD MOSMAN,MOSMAN,NSW,2088,21,2005,29.1
